date,EAI_Open,EAI_High,EAI_Low,EAI_Close,EAI_Volume,EAI_Dividends,EAI_Stock Splits
2007-12-17 00:00:00+00:00,86.98999786376953,86.98999786376953,86.98999786376953,86.98999786376953,23.0,,
2008-05-12 00:00:00+00:00,82.04000091552734,82.04000091552734,82.04000091552734,82.04000091552734,30.0,,
2008-07-29 00:00:00+00:00,70.5,70.5,70.5,70.5,49.0,,
2008-09-29 00:00:00+00:00,61.0,61.0,61.0,61.0,51.0,,
2008-10-01 00:00:00+00:00,58.11000061035156,58.11000061035156,58.11000061035156,58.11000061035156,12.0,,
2008-12-01 00:00:00+00:00,56.5,56.5,56.5,56.5,50.0,,
2008-12-15 00:00:00+00:00,58.70000076293945,58.70000076293945,58.70000076293945,58.70000076293945,1800.0,,
2008-12-18 00:00:00+00:00,58.04999923706055,58.04999923706055,58.04999923706055,58.04999923706055,200.0,,
2008-12-23 00:00:00+00:00,64.98999786376953,64.98999786376953,64.98999786376953,64.98999786376953,8.0,,
2010-05-07 00:00:00+00:00,61.02000045776367,61.02000045776367,61.02000045776367,61.02000045776367,0.0,,
2010-11-03 00:00:00+00:00,63.84000015258789,63.84000015258789,63.84000015258789,63.84000015258789,149.0,,
2010-11-15 00:00:00+00:00,60.16999816894531,60.16999816894531,60.16999816894531,60.16999816894531,20.0,,
2010-11-17 00:00:00+00:00,60.16999816894531,60.16999816894531,60.16999816894531,60.16999816894531,0.0,,
2011-01-21 00:00:00+00:00,63.09999847412109,63.09999847412109,63.09999847412109,63.09999847412109,7.0,,
2011-11-17 00:00:00+00:00,63.09999847412109,63.09999847412109,63.09999847412109,63.09999847412109,0.0,,
2011-11-18 00:00:00+00:00,63.09999847412109,63.09999847412109,63.09999847412109,63.09999847412109,0.0,,
2011-11-21 00:00:00+00:00,63.09999847412109,63.09999847412109,63.09999847412109,63.09999847412109,0.0,,
2011-11-22 00:00:00+00:00,63.09999847412109,63.09999847412109,63.09999847412109,63.09999847412109,0.0,,
2011-11-23 00:00:00+00:00,63.09999847412109,63.09999847412109,63.09999847412109,63.09999847412109,0.0,,
2011-11-25 00:00:00+00:00,63.09999847412109,63.09999847412109,63.09999847412109,63.09999847412109,0.0,,
2011-11-28 00:00:00+00:00,63.09999847412109,63.09999847412109,63.09999847412109,63.09999847412109,0.0,,
2011-11-29 00:00:00+00:00,63.09999847412109,63.09999847412109,63.09999847412109,63.09999847412109,0.0,,
2011-11-30 00:00:00+00:00,63.09999847412109,63.09999847412109,63.09999847412109,63.09999847412109,0.0,,
2011-12-01 00:00:00+00:00,63.09999847412109,63.09999847412109,63.09999847412109,63.09999847412109,0.0,,
2011-12-02 00:00:00+00:00,63.09999847412109,63.09999847412109,63.09999847412109,63.09999847412109,0.0,,
2011-12-05 00:00:00+00:00,63.09999847412109,63.09999847412109,63.09999847412109,63.09999847412109,0.0,,
2011-12-06 00:00:00+00:00,63.09999847412109,63.09999847412109,63.09999847412109,63.09999847412109,0.0,,
2011-12-07 00:00:00+00:00,63.09999847412109,63.09999847412109,63.09999847412109,63.09999847412109,0.0,,
2011-12-08 00:00:00+00:00,63.09999847412109,63.09999847412109,63.09999847412109,63.09999847412109,0.0,,
2011-12-09 00:00:00+00:00,63.09999847412109,63.09999847412109,63.09999847412109,63.09999847412109,0.0,,
2011-12-12 00:00:00+00:00,63.09999847412109,63.09999847412109,63.09999847412109,63.09999847412109,0.0,,
2011-12-13 00:00:00+00:00,63.09999847412109,63.09999847412109,63.09999847412109,63.09999847412109,0.0,,
2011-12-14 00:00:00+00:00,63.09999847412109,63.09999847412109,63.09999847412109,63.09999847412109,0.0,,
2011-12-15 00:00:00+00:00,63.09999847412109,63.09999847412109,63.09999847412109,63.09999847412109,0.0,,
2011-12-16 00:00:00+00:00,63.09999847412109,63.09999847412109,63.09999847412109,63.09999847412109,0.0,,
2011-12-19 00:00:00+00:00,63.09999847412109,63.09999847412109,63.09999847412109,63.09999847412109,0.0,,
2011-12-20 00:00:00+00:00,63.09999847412109,63.09999847412109,63.09999847412109,63.09999847412109,0.0,,
2011-12-21 00:00:00+00:00,63.09999847412109,63.09999847412109,63.09999847412109,63.09999847412109,0.0,,
2011-12-22 00:00:00+00:00,63.09999847412109,63.09999847412109,63.09999847412109,63.09999847412109,0.0,,
2011-12-23 00:00:00+00:00,63.09999847412109,63.09999847412109,63.09999847412109,63.09999847412109,0.0,,
2011-12-27 00:00:00+00:00,63.09999847412109,63.09999847412109,63.09999847412109,63.09999847412109,0.0,,
2011-12-28 00:00:00+00:00,63.09999847412109,63.09999847412109,63.09999847412109,63.09999847412109,0.0,,
2011-12-29 00:00:00+00:00,63.09999847412109,63.09999847412109,63.09999847412109,63.09999847412109,0.0,,
2011-12-30 00:00:00+00:00,63.09999847412109,63.09999847412109,63.09999847412109,63.09999847412109,0.0,,
2012-01-03 00:00:00+00:00,63.09999847412109,63.09999847412109,63.09999847412109,63.09999847412109,0.0,,
2012-01-04 00:00:00+00:00,63.09999847412109,63.09999847412109,63.09999847412109,63.09999847412109,0.0,,
2012-01-05 00:00:00+00:00,63.09999847412109,63.09999847412109,63.09999847412109,63.09999847412109,0.0,,
2012-01-06 00:00:00+00:00,63.09999847412109,63.09999847412109,63.09999847412109,63.09999847412109,0.0,,
2012-01-09 00:00:00+00:00,63.09999847412109,63.09999847412109,63.09999847412109,63.09999847412109,0.0,,
2012-01-10 00:00:00+00:00,63.09999847412109,63.09999847412109,63.09999847412109,63.09999847412109,0.0,,
2012-01-11 00:00:00+00:00,63.09999847412109,63.09999847412109,63.09999847412109,63.09999847412109,0.0,,
2012-01-12 00:00:00+00:00,63.09999847412109,63.09999847412109,63.09999847412109,63.09999847412109,0.0,,
2012-01-13 00:00:00+00:00,63.09999847412109,63.09999847412109,63.09999847412109,63.09999847412109,0.0,,
2012-01-17 00:00:00+00:00,63.09999847412109,63.09999847412109,63.09999847412109,63.09999847412109,0.0,,
2012-01-18 00:00:00+00:00,63.09999847412109,63.09999847412109,63.09999847412109,63.09999847412109,0.0,,
2012-01-19 00:00:00+00:00,63.09999847412109,63.09999847412109,63.09999847412109,63.09999847412109,0.0,,
2012-01-20 00:00:00+00:00,63.09999847412109,63.09999847412109,63.09999847412109,63.09999847412109,0.0,,
2012-01-23 00:00:00+00:00,63.09999847412109,63.09999847412109,63.09999847412109,63.09999847412109,0.0,,
2012-01-24 00:00:00+00:00,63.09999847412109,63.09999847412109,63.09999847412109,63.09999847412109,0.0,,
2012-01-25 00:00:00+00:00,63.09999847412109,63.09999847412109,63.09999847412109,63.09999847412109,0.0,,
2012-01-26 00:00:00+00:00,63.09999847412109,63.09999847412109,63.09999847412109,63.09999847412109,0.0,,
2012-01-27 00:00:00+00:00,63.09999847412109,63.09999847412109,63.09999847412109,63.09999847412109,0.0,,
2012-01-30 00:00:00+00:00,63.09999847412109,63.09999847412109,63.09999847412109,63.09999847412109,0.0,,
2012-01-31 00:00:00+00:00,63.09999847412109,63.09999847412109,63.09999847412109,63.09999847412109,0.0,,
2012-02-01 00:00:00+00:00,63.09999847412109,63.09999847412109,63.09999847412109,63.09999847412109,0.0,,
2012-02-02 00:00:00+00:00,63.09999847412109,63.09999847412109,63.09999847412109,63.09999847412109,0.0,,
2012-02-03 00:00:00+00:00,63.09999847412109,63.09999847412109,63.09999847412109,63.09999847412109,0.0,,
2012-02-06 00:00:00+00:00,63.09999847412109,63.09999847412109,63.09999847412109,63.09999847412109,0.0,,
2012-02-07 00:00:00+00:00,63.09999847412109,63.09999847412109,63.09999847412109,63.09999847412109,0.0,,
2012-02-08 00:00:00+00:00,63.09999847412109,63.09999847412109,63.09999847412109,63.09999847412109,0.0,,
2012-02-09 00:00:00+00:00,63.09999847412109,63.09999847412109,63.09999847412109,63.09999847412109,0.0,,
2012-02-10 00:00:00+00:00,63.09999847412109,63.09999847412109,63.09999847412109,63.09999847412109,0.0,,
2012-02-13 00:00:00+00:00,63.09999847412109,63.09999847412109,63.09999847412109,63.09999847412109,0.0,,
2012-02-14 00:00:00+00:00,63.09999847412109,63.09999847412109,63.09999847412109,63.09999847412109,0.0,,
2012-02-15 00:00:00+00:00,63.09999847412109,63.09999847412109,63.09999847412109,63.09999847412109,0.0,,
2012-02-16 00:00:00+00:00,63.09999847412109,63.09999847412109,63.09999847412109,63.09999847412109,0.0,,
2012-02-17 00:00:00+00:00,63.09999847412109,63.09999847412109,63.09999847412109,63.09999847412109,0.0,,
2012-02-21 00:00:00+00:00,63.09999847412109,63.09999847412109,63.09999847412109,63.09999847412109,0.0,,
2012-02-22 00:00:00+00:00,63.09999847412109,63.09999847412109,63.09999847412109,63.09999847412109,0.0,,
2012-02-23 00:00:00+00:00,63.09999847412109,63.09999847412109,63.09999847412109,63.09999847412109,0.0,,
2012-02-24 00:00:00+00:00,63.09999847412109,63.09999847412109,63.09999847412109,63.09999847412109,0.0,,
2012-02-27 00:00:00+00:00,63.09999847412109,63.09999847412109,63.09999847412109,63.09999847412109,0.0,,
2012-02-28 00:00:00+00:00,63.09999847412109,63.09999847412109,63.09999847412109,63.09999847412109,0.0,,
2012-02-29 00:00:00+00:00,63.09999847412109,63.09999847412109,63.09999847412109,63.09999847412109,0.0,,
2012-03-01 00:00:00+00:00,63.09999847412109,63.09999847412109,63.09999847412109,63.09999847412109,0.0,,
2012-03-02 00:00:00+00:00,63.09999847412109,63.09999847412109,63.09999847412109,63.09999847412109,0.0,,
2012-03-05 00:00:00+00:00,63.09999847412109,63.09999847412109,63.09999847412109,63.09999847412109,0.0,,
2012-03-06 00:00:00+00:00,63.09999847412109,63.09999847412109,63.09999847412109,63.09999847412109,0.0,,
2012-03-07 00:00:00+00:00,63.09999847412109,63.09999847412109,63.09999847412109,63.09999847412109,0.0,,
2012-03-08 00:00:00+00:00,63.09999847412109,63.09999847412109,63.09999847412109,63.09999847412109,0.0,,
2012-03-09 00:00:00+00:00,63.09999847412109,63.09999847412109,63.09999847412109,63.09999847412109,0.0,,
2012-03-12 00:00:00+00:00,63.09999847412109,63.09999847412109,63.09999847412109,63.09999847412109,0.0,,
2012-03-13 00:00:00+00:00,63.09999847412109,63.09999847412109,63.09999847412109,63.09999847412109,0.0,,
2012-03-14 00:00:00+00:00,63.09999847412109,63.09999847412109,63.09999847412109,63.09999847412109,0.0,,
2012-03-15 00:00:00+00:00,63.09999847412109,63.09999847412109,63.09999847412109,63.09999847412109,0.0,,
2012-03-16 00:00:00+00:00,63.09999847412109,63.09999847412109,63.09999847412109,63.09999847412109,0.0,,
2012-03-19 00:00:00+00:00,63.09999847412109,63.09999847412109,63.09999847412109,63.09999847412109,0.0,,
2012-03-20 00:00:00+00:00,63.09999847412109,63.09999847412109,63.09999847412109,63.09999847412109,0.0,,
2012-03-21 00:00:00+00:00,63.09999847412109,63.09999847412109,63.09999847412109,63.09999847412109,0.0,,
2012-03-22 00:00:00+00:00,63.09999847412109,63.09999847412109,63.09999847412109,63.09999847412109,0.0,,
2012-03-23 00:00:00+00:00,63.09999847412109,63.09999847412109,63.09999847412109,63.09999847412109,0.0,,
2012-03-26 00:00:00+00:00,63.09999847412109,63.09999847412109,63.09999847412109,63.09999847412109,0.0,,
2012-03-27 00:00:00+00:00,63.09999847412109,63.09999847412109,63.09999847412109,63.09999847412109,0.0,,
2012-03-28 00:00:00+00:00,63.09999847412109,63.09999847412109,63.09999847412109,63.09999847412109,0.0,,
2012-03-29 00:00:00+00:00,63.09999847412109,63.09999847412109,63.09999847412109,63.09999847412109,0.0,,
2012-03-30 00:00:00+00:00,63.09999847412109,63.09999847412109,63.09999847412109,63.09999847412109,0.0,,
2012-04-02 00:00:00+00:00,63.09999847412109,63.09999847412109,63.09999847412109,63.09999847412109,0.0,,
2012-04-03 00:00:00+00:00,63.09999847412109,63.09999847412109,63.09999847412109,63.09999847412109,0.0,,
2012-04-04 00:00:00+00:00,63.09999847412109,63.09999847412109,63.09999847412109,63.09999847412109,0.0,,
2012-04-05 00:00:00+00:00,63.09999847412109,63.09999847412109,63.09999847412109,63.09999847412109,0.0,,
2012-04-09 00:00:00+00:00,63.09999847412109,63.09999847412109,63.09999847412109,63.09999847412109,0.0,,
2012-04-10 00:00:00+00:00,63.09999847412109,63.09999847412109,63.09999847412109,63.09999847412109,0.0,,
2012-04-11 00:00:00+00:00,63.09999847412109,63.09999847412109,63.09999847412109,63.09999847412109,0.0,,
2012-04-12 00:00:00+00:00,63.09999847412109,63.09999847412109,63.09999847412109,63.09999847412109,0.0,,
2012-04-13 00:00:00+00:00,63.09999847412109,63.09999847412109,63.09999847412109,63.09999847412109,0.0,,
2012-04-16 00:00:00+00:00,63.09999847412109,63.09999847412109,63.09999847412109,63.09999847412109,0.0,,
2012-04-17 00:00:00+00:00,63.09999847412109,63.09999847412109,63.09999847412109,63.09999847412109,0.0,,
2012-04-18 00:00:00+00:00,63.09999847412109,63.09999847412109,63.09999847412109,63.09999847412109,0.0,,
2012-04-19 00:00:00+00:00,63.09999847412109,63.09999847412109,63.09999847412109,63.09999847412109,0.0,,
2012-04-20 00:00:00+00:00,63.09999847412109,63.09999847412109,63.09999847412109,63.09999847412109,0.0,,
2012-04-23 00:00:00+00:00,63.09999847412109,63.09999847412109,63.09999847412109,63.09999847412109,0.0,,
2012-04-24 00:00:00+00:00,63.09999847412109,63.09999847412109,63.09999847412109,63.09999847412109,0.0,,
2012-04-25 00:00:00+00:00,63.09999847412109,63.09999847412109,63.09999847412109,63.09999847412109,0.0,,
2012-04-26 00:00:00+00:00,63.09999847412109,63.09999847412109,63.09999847412109,63.09999847412109,0.0,,
2012-04-27 00:00:00+00:00,63.09999847412109,63.09999847412109,63.09999847412109,63.09999847412109,0.0,,
2012-04-30 00:00:00+00:00,63.09999847412109,63.09999847412109,63.09999847412109,63.09999847412109,0.0,,
2012-05-01 00:00:00+00:00,63.09999847412109,63.09999847412109,63.09999847412109,63.09999847412109,0.0,,
2012-05-02 00:00:00+00:00,63.09999847412109,63.09999847412109,63.09999847412109,63.09999847412109,0.0,,
2012-05-03 00:00:00+00:00,63.09999847412109,63.09999847412109,63.09999847412109,63.09999847412109,0.0,,
2012-05-04 00:00:00+00:00,63.09999847412109,63.09999847412109,63.09999847412109,63.09999847412109,0.0,,
2012-05-07 00:00:00+00:00,63.09999847412109,63.09999847412109,63.09999847412109,63.09999847412109,0.0,,
2012-05-08 00:00:00+00:00,63.09999847412109,63.09999847412109,63.09999847412109,63.09999847412109,0.0,,
2012-05-09 00:00:00+00:00,63.09999847412109,63.09999847412109,63.09999847412109,63.09999847412109,0.0,,
2012-05-10 00:00:00+00:00,63.09999847412109,63.09999847412109,63.09999847412109,63.09999847412109,0.0,,
2012-05-11 00:00:00+00:00,63.09999847412109,63.09999847412109,63.09999847412109,63.09999847412109,0.0,,
2012-05-14 00:00:00+00:00,63.09999847412109,63.09999847412109,63.09999847412109,63.09999847412109,0.0,,
2012-05-15 00:00:00+00:00,63.09999847412109,63.09999847412109,63.09999847412109,63.09999847412109,0.0,,
2012-05-16 00:00:00+00:00,63.09999847412109,63.09999847412109,63.09999847412109,63.09999847412109,0.0,,
2012-05-17 00:00:00+00:00,63.09999847412109,63.09999847412109,63.09999847412109,63.09999847412109,0.0,,
2012-05-18 00:00:00+00:00,63.09999847412109,63.09999847412109,63.09999847412109,63.09999847412109,0.0,,
2012-05-21 00:00:00+00:00,63.09999847412109,63.09999847412109,63.09999847412109,63.09999847412109,0.0,,
2012-05-22 00:00:00+00:00,63.09999847412109,63.09999847412109,63.09999847412109,63.09999847412109,0.0,,
2012-05-23 00:00:00+00:00,63.09999847412109,63.09999847412109,63.09999847412109,63.09999847412109,0.0,,
2012-05-24 00:00:00+00:00,63.09999847412109,63.09999847412109,63.09999847412109,63.09999847412109,0.0,,
2012-05-25 00:00:00+00:00,63.09999847412109,63.09999847412109,63.09999847412109,63.09999847412109,0.0,,
2012-05-29 00:00:00+00:00,63.09999847412109,63.09999847412109,63.09999847412109,63.09999847412109,0.0,,
2012-05-30 00:00:00+00:00,63.09999847412109,63.09999847412109,63.09999847412109,63.09999847412109,0.0,,
2012-05-31 00:00:00+00:00,63.09999847412109,63.09999847412109,63.09999847412109,63.09999847412109,0.0,,
2012-06-01 00:00:00+00:00,63.09999847412109,63.09999847412109,63.09999847412109,63.09999847412109,0.0,,
2012-06-04 00:00:00+00:00,63.09999847412109,63.09999847412109,63.09999847412109,63.09999847412109,0.0,,
2012-06-05 00:00:00+00:00,63.09999847412109,63.09999847412109,63.09999847412109,63.09999847412109,0.0,,
2012-06-06 00:00:00+00:00,63.09999847412109,63.09999847412109,63.09999847412109,63.09999847412109,0.0,,
2012-06-07 00:00:00+00:00,63.09999847412109,63.09999847412109,63.09999847412109,63.09999847412109,0.0,,
2012-06-08 00:00:00+00:00,63.09999847412109,63.09999847412109,63.09999847412109,63.09999847412109,0.0,,
2012-06-11 00:00:00+00:00,63.09999847412109,63.09999847412109,63.09999847412109,63.09999847412109,0.0,,
2012-06-12 00:00:00+00:00,63.09999847412109,63.09999847412109,63.09999847412109,63.09999847412109,0.0,,
2012-06-13 00:00:00+00:00,63.09999847412109,63.09999847412109,63.09999847412109,63.09999847412109,0.0,,
2012-06-14 00:00:00+00:00,63.09999847412109,63.09999847412109,63.09999847412109,63.09999847412109,0.0,,
2012-06-15 00:00:00+00:00,63.09999847412109,63.09999847412109,63.09999847412109,63.09999847412109,0.0,,
2012-06-18 00:00:00+00:00,63.09999847412109,63.09999847412109,63.09999847412109,63.09999847412109,0.0,,
2012-06-19 00:00:00+00:00,63.09999847412109,63.09999847412109,63.09999847412109,63.09999847412109,0.0,,
2012-06-20 00:00:00+00:00,63.09999847412109,63.09999847412109,63.09999847412109,63.09999847412109,0.0,,
2012-06-21 00:00:00+00:00,63.09999847412109,63.09999847412109,63.09999847412109,63.09999847412109,0.0,,
2012-06-22 00:00:00+00:00,63.09999847412109,63.09999847412109,63.09999847412109,63.09999847412109,0.0,,
2012-06-25 00:00:00+00:00,63.09999847412109,63.09999847412109,63.09999847412109,63.09999847412109,0.0,,
2012-06-26 00:00:00+00:00,63.09999847412109,63.09999847412109,63.09999847412109,63.09999847412109,0.0,,
2012-06-27 00:00:00+00:00,63.09999847412109,63.09999847412109,63.09999847412109,63.09999847412109,0.0,,
2012-06-28 00:00:00+00:00,63.09999847412109,63.09999847412109,63.09999847412109,63.09999847412109,0.0,,
2012-06-29 00:00:00+00:00,63.09999847412109,63.09999847412109,63.09999847412109,63.09999847412109,0.0,,
2012-07-02 00:00:00+00:00,63.09999847412109,63.09999847412109,63.09999847412109,63.09999847412109,0.0,,
2012-07-03 00:00:00+00:00,63.09999847412109,63.09999847412109,63.09999847412109,63.09999847412109,0.0,,
2012-07-05 00:00:00+00:00,63.09999847412109,63.09999847412109,63.09999847412109,63.09999847412109,0.0,,
2012-07-06 00:00:00+00:00,63.09999847412109,63.09999847412109,63.09999847412109,63.09999847412109,0.0,,
2012-07-09 00:00:00+00:00,63.09999847412109,63.09999847412109,63.09999847412109,63.09999847412109,0.0,,
2012-07-10 00:00:00+00:00,63.09999847412109,63.09999847412109,63.09999847412109,63.09999847412109,0.0,,
2012-07-11 00:00:00+00:00,63.09999847412109,63.09999847412109,63.09999847412109,63.09999847412109,0.0,,
2012-07-12 00:00:00+00:00,63.09999847412109,63.09999847412109,63.09999847412109,63.09999847412109,0.0,,
2012-07-13 00:00:00+00:00,63.09999847412109,63.09999847412109,63.09999847412109,63.09999847412109,0.0,,
2012-07-16 00:00:00+00:00,63.09999847412109,63.09999847412109,63.09999847412109,63.09999847412109,0.0,,
2012-07-17 00:00:00+00:00,63.09999847412109,63.09999847412109,63.09999847412109,63.09999847412109,0.0,,
2012-07-18 00:00:00+00:00,63.09999847412109,63.09999847412109,63.09999847412109,63.09999847412109,0.0,,
2012-07-19 00:00:00+00:00,63.09999847412109,63.09999847412109,63.09999847412109,63.09999847412109,0.0,,
2012-07-20 00:00:00+00:00,63.09999847412109,63.09999847412109,63.09999847412109,63.09999847412109,0.0,,
2012-07-23 00:00:00+00:00,63.09999847412109,63.09999847412109,63.09999847412109,63.09999847412109,0.0,,
2012-07-24 00:00:00+00:00,63.09999847412109,63.09999847412109,63.09999847412109,63.09999847412109,0.0,,
2012-07-25 00:00:00+00:00,63.09999847412109,63.09999847412109,63.09999847412109,63.09999847412109,0.0,,
2012-07-26 00:00:00+00:00,63.09999847412109,63.09999847412109,63.09999847412109,63.09999847412109,0.0,,
2012-07-27 00:00:00+00:00,63.09999847412109,63.09999847412109,63.09999847412109,63.09999847412109,0.0,,
2012-07-30 00:00:00+00:00,63.09999847412109,63.09999847412109,63.09999847412109,63.09999847412109,0.0,,
2012-07-31 00:00:00+00:00,63.09999847412109,63.09999847412109,63.09999847412109,63.09999847412109,0.0,,
2012-08-01 00:00:00+00:00,63.09999847412109,63.09999847412109,63.09999847412109,63.09999847412109,0.0,,
2012-08-02 00:00:00+00:00,63.09999847412109,63.09999847412109,63.09999847412109,63.09999847412109,0.0,,
2012-08-03 00:00:00+00:00,63.09999847412109,63.09999847412109,63.09999847412109,63.09999847412109,0.0,,
2012-08-06 00:00:00+00:00,63.09999847412109,63.09999847412109,63.09999847412109,63.09999847412109,0.0,,
2012-08-07 00:00:00+00:00,63.09999847412109,63.09999847412109,63.09999847412109,63.09999847412109,0.0,,
2012-08-08 00:00:00+00:00,63.09999847412109,63.09999847412109,63.09999847412109,63.09999847412109,0.0,,
2012-08-09 00:00:00+00:00,63.09999847412109,63.09999847412109,63.09999847412109,63.09999847412109,0.0,,
2012-08-10 00:00:00+00:00,63.09999847412109,63.09999847412109,63.09999847412109,63.09999847412109,0.0,,
2012-08-13 00:00:00+00:00,63.09999847412109,63.09999847412109,63.09999847412109,63.09999847412109,0.0,,
2012-08-14 00:00:00+00:00,63.09999847412109,63.09999847412109,63.09999847412109,63.09999847412109,0.0,,
2012-08-15 00:00:00+00:00,63.09999847412109,63.09999847412109,63.09999847412109,63.09999847412109,0.0,,
2012-08-16 00:00:00+00:00,63.09999847412109,63.09999847412109,63.09999847412109,63.09999847412109,0.0,,
2012-08-17 00:00:00+00:00,63.09999847412109,63.09999847412109,63.09999847412109,63.09999847412109,0.0,,
2012-08-20 00:00:00+00:00,63.09999847412109,63.09999847412109,63.09999847412109,63.09999847412109,0.0,,
2012-08-21 00:00:00+00:00,63.09999847412109,63.09999847412109,63.09999847412109,63.09999847412109,0.0,,
2012-08-22 00:00:00+00:00,63.09999847412109,63.09999847412109,63.09999847412109,63.09999847412109,0.0,,
2012-08-23 00:00:00+00:00,63.09999847412109,63.09999847412109,63.09999847412109,63.09999847412109,0.0,,
2012-08-24 00:00:00+00:00,63.09999847412109,63.09999847412109,63.09999847412109,63.09999847412109,0.0,,
2012-08-27 00:00:00+00:00,63.09999847412109,63.09999847412109,63.09999847412109,63.09999847412109,0.0,,
2012-08-28 00:00:00+00:00,63.09999847412109,63.09999847412109,63.09999847412109,63.09999847412109,0.0,,
2012-08-29 00:00:00+00:00,63.09999847412109,63.09999847412109,63.09999847412109,63.09999847412109,0.0,,
2012-08-30 00:00:00+00:00,63.09999847412109,63.09999847412109,63.09999847412109,63.09999847412109,0.0,,
2012-08-31 00:00:00+00:00,63.09999847412109,63.09999847412109,63.09999847412109,63.09999847412109,0.0,,
2012-09-04 00:00:00+00:00,63.09999847412109,63.09999847412109,63.09999847412109,63.09999847412109,0.0,,
2012-09-05 00:00:00+00:00,63.09999847412109,63.09999847412109,63.09999847412109,63.09999847412109,0.0,,
2012-09-06 00:00:00+00:00,63.09999847412109,63.09999847412109,63.09999847412109,63.09999847412109,0.0,,
2012-09-07 00:00:00+00:00,63.09999847412109,63.09999847412109,63.09999847412109,63.09999847412109,0.0,,
2012-09-10 00:00:00+00:00,63.09999847412109,63.09999847412109,63.09999847412109,63.09999847412109,0.0,,
2012-09-11 00:00:00+00:00,63.09999847412109,63.09999847412109,63.09999847412109,63.09999847412109,0.0,,
2012-09-12 00:00:00+00:00,63.09999847412109,63.09999847412109,63.09999847412109,63.09999847412109,0.0,,
2012-09-13 00:00:00+00:00,63.09999847412109,63.09999847412109,63.09999847412109,63.09999847412109,0.0,,
2012-09-14 00:00:00+00:00,63.09999847412109,63.09999847412109,63.09999847412109,63.09999847412109,0.0,,
2012-09-17 00:00:00+00:00,63.09999847412109,63.09999847412109,63.09999847412109,63.09999847412109,0.0,,
2012-09-18 00:00:00+00:00,63.09999847412109,63.09999847412109,63.09999847412109,63.09999847412109,0.0,,
2012-09-19 00:00:00+00:00,63.09999847412109,63.09999847412109,63.09999847412109,63.09999847412109,0.0,,
2012-09-20 00:00:00+00:00,63.09999847412109,63.09999847412109,63.09999847412109,63.09999847412109,0.0,,
2012-09-21 00:00:00+00:00,63.09999847412109,63.09999847412109,63.09999847412109,63.09999847412109,0.0,,
2012-09-24 00:00:00+00:00,63.09999847412109,63.09999847412109,63.09999847412109,63.09999847412109,0.0,,
2012-09-25 00:00:00+00:00,63.09999847412109,63.09999847412109,63.09999847412109,63.09999847412109,0.0,,
2012-09-26 00:00:00+00:00,63.09999847412109,63.09999847412109,63.09999847412109,63.09999847412109,0.0,,
2012-09-27 00:00:00+00:00,63.09999847412109,63.09999847412109,63.09999847412109,63.09999847412109,0.0,,
2012-09-28 00:00:00+00:00,63.09999847412109,63.09999847412109,63.09999847412109,63.09999847412109,0.0,,
2012-10-01 00:00:00+00:00,63.09999847412109,63.09999847412109,63.09999847412109,63.09999847412109,0.0,,
2012-10-02 00:00:00+00:00,63.09999847412109,63.09999847412109,63.09999847412109,63.09999847412109,0.0,,
2012-10-03 00:00:00+00:00,63.09999847412109,63.09999847412109,63.09999847412109,63.09999847412109,0.0,,
2012-10-04 00:00:00+00:00,63.09999847412109,63.09999847412109,63.09999847412109,63.09999847412109,0.0,,
2012-10-05 00:00:00+00:00,63.09999847412109,63.09999847412109,63.09999847412109,63.09999847412109,0.0,,
2012-10-08 00:00:00+00:00,63.09999847412109,63.09999847412109,63.09999847412109,63.09999847412109,0.0,,
2012-10-09 00:00:00+00:00,63.09999847412109,63.09999847412109,63.09999847412109,63.09999847412109,0.0,,
2012-10-10 00:00:00+00:00,63.09999847412109,63.09999847412109,63.09999847412109,63.09999847412109,0.0,,
2012-10-11 00:00:00+00:00,63.09999847412109,63.09999847412109,63.09999847412109,63.09999847412109,0.0,,
2012-10-12 00:00:00+00:00,63.09999847412109,63.09999847412109,63.09999847412109,63.09999847412109,0.0,,
2012-10-15 00:00:00+00:00,63.09999847412109,63.09999847412109,63.09999847412109,63.09999847412109,0.0,,
2012-10-16 00:00:00+00:00,63.09999847412109,63.09999847412109,63.09999847412109,63.09999847412109,0.0,,
2012-10-17 00:00:00+00:00,63.09999847412109,63.09999847412109,63.09999847412109,63.09999847412109,0.0,,
2012-10-18 00:00:00+00:00,63.09999847412109,63.09999847412109,63.09999847412109,63.09999847412109,0.0,,
2012-10-19 00:00:00+00:00,63.09999847412109,63.09999847412109,63.09999847412109,63.09999847412109,0.0,,
2012-10-22 00:00:00+00:00,63.09999847412109,63.09999847412109,63.09999847412109,63.09999847412109,0.0,,
2012-10-23 00:00:00+00:00,63.09999847412109,63.09999847412109,63.09999847412109,63.09999847412109,0.0,,
2012-10-24 00:00:00+00:00,63.09999847412109,63.09999847412109,63.09999847412109,63.09999847412109,0.0,,
2012-10-25 00:00:00+00:00,63.09999847412109,63.09999847412109,63.09999847412109,63.09999847412109,0.0,,
2012-10-26 00:00:00+00:00,63.09999847412109,63.09999847412109,63.09999847412109,63.09999847412109,0.0,,
2012-10-31 00:00:00+00:00,63.09999847412109,63.09999847412109,63.09999847412109,63.09999847412109,0.0,,
2012-11-01 00:00:00+00:00,63.09999847412109,63.09999847412109,63.09999847412109,63.09999847412109,0.0,,
2012-11-02 00:00:00+00:00,63.09999847412109,63.09999847412109,63.09999847412109,63.09999847412109,0.0,,
2012-11-05 00:00:00+00:00,63.09999847412109,63.09999847412109,63.09999847412109,63.09999847412109,0.0,,
2012-11-06 00:00:00+00:00,63.09999847412109,63.09999847412109,63.09999847412109,63.09999847412109,0.0,,
2012-11-07 00:00:00+00:00,63.09999847412109,63.09999847412109,63.09999847412109,63.09999847412109,0.0,,
2012-11-08 00:00:00+00:00,63.09999847412109,63.09999847412109,63.09999847412109,63.09999847412109,0.0,,
2012-11-09 00:00:00+00:00,63.09999847412109,63.09999847412109,63.09999847412109,63.09999847412109,0.0,,
2012-11-12 00:00:00+00:00,63.09999847412109,63.09999847412109,63.09999847412109,63.09999847412109,0.0,,
2012-11-13 00:00:00+00:00,63.09999847412109,63.09999847412109,63.09999847412109,63.09999847412109,0.0,,
2012-11-14 00:00:00+00:00,63.09999847412109,63.09999847412109,63.09999847412109,63.09999847412109,0.0,,
2012-11-15 00:00:00+00:00,63.09999847412109,63.09999847412109,63.09999847412109,63.09999847412109,0.0,,
2012-11-16 00:00:00+00:00,63.09999847412109,63.09999847412109,63.09999847412109,63.09999847412109,0.0,,
2012-11-19 00:00:00+00:00,63.09999847412109,63.09999847412109,63.09999847412109,63.09999847412109,0.0,,
2012-11-20 00:00:00+00:00,63.09999847412109,63.09999847412109,63.09999847412109,63.09999847412109,0.0,,
2012-11-21 00:00:00+00:00,63.09999847412109,63.09999847412109,63.09999847412109,63.09999847412109,0.0,,
2012-11-23 00:00:00+00:00,63.09999847412109,63.09999847412109,63.09999847412109,63.09999847412109,0.0,,
2012-11-26 00:00:00+00:00,63.09999847412109,63.09999847412109,63.09999847412109,63.09999847412109,0.0,,
2012-11-27 00:00:00+00:00,63.09999847412109,63.09999847412109,63.09999847412109,63.09999847412109,0.0,,
2012-11-28 00:00:00+00:00,63.09999847412109,63.09999847412109,63.09999847412109,63.09999847412109,0.0,,
2012-11-29 00:00:00+00:00,63.09999847412109,63.09999847412109,63.09999847412109,63.09999847412109,0.0,,
2012-11-30 00:00:00+00:00,63.09999847412109,63.09999847412109,63.09999847412109,63.09999847412109,0.0,,
2012-12-03 00:00:00+00:00,63.09999847412109,63.09999847412109,63.09999847412109,63.09999847412109,0.0,,
2012-12-04 00:00:00+00:00,63.09999847412109,63.09999847412109,63.09999847412109,63.09999847412109,0.0,,
2012-12-05 00:00:00+00:00,63.09999847412109,63.09999847412109,63.09999847412109,63.09999847412109,0.0,,
2012-12-06 00:00:00+00:00,63.09999847412109,63.09999847412109,63.09999847412109,63.09999847412109,0.0,,
2012-12-07 00:00:00+00:00,63.09999847412109,63.09999847412109,63.09999847412109,63.09999847412109,0.0,,
2012-12-10 00:00:00+00:00,63.09999847412109,63.09999847412109,63.09999847412109,63.09999847412109,0.0,,
2012-12-11 00:00:00+00:00,63.09999847412109,63.09999847412109,63.09999847412109,63.09999847412109,0.0,,
2012-12-12 00:00:00+00:00,63.09999847412109,63.09999847412109,63.09999847412109,63.09999847412109,0.0,,
2012-12-13 00:00:00+00:00,63.09999847412109,63.09999847412109,63.09999847412109,63.09999847412109,0.0,,
2012-12-14 00:00:00+00:00,63.09999847412109,63.09999847412109,63.09999847412109,63.09999847412109,0.0,,
2012-12-17 00:00:00+00:00,63.09999847412109,63.09999847412109,63.09999847412109,63.09999847412109,0.0,,
2012-12-18 00:00:00+00:00,63.09999847412109,63.09999847412109,63.09999847412109,63.09999847412109,0.0,,
2012-12-19 00:00:00+00:00,63.09999847412109,63.09999847412109,63.09999847412109,63.09999847412109,0.0,,
2012-12-20 00:00:00+00:00,63.09999847412109,63.09999847412109,63.09999847412109,63.09999847412109,0.0,,
2012-12-21 00:00:00+00:00,63.09999847412109,63.09999847412109,63.09999847412109,63.09999847412109,0.0,,
2012-12-24 00:00:00+00:00,63.09999847412109,63.09999847412109,63.09999847412109,63.09999847412109,0.0,,
2012-12-26 00:00:00+00:00,63.09999847412109,63.09999847412109,63.09999847412109,63.09999847412109,0.0,,
2012-12-27 00:00:00+00:00,63.09999847412109,63.09999847412109,63.09999847412109,63.09999847412109,0.0,,
2012-12-28 00:00:00+00:00,63.09999847412109,63.09999847412109,63.09999847412109,63.09999847412109,0.0,,
2012-12-31 00:00:00+00:00,63.09999847412109,63.09999847412109,63.09999847412109,63.09999847412109,0.0,,
2013-01-02 00:00:00+00:00,63.09999847412109,63.09999847412109,63.09999847412109,63.09999847412109,0.0,,
2013-01-03 00:00:00+00:00,63.09999847412109,63.09999847412109,63.09999847412109,63.09999847412109,0.0,,
2013-01-04 00:00:00+00:00,63.09999847412109,63.09999847412109,63.09999847412109,63.09999847412109,0.0,,
2013-01-07 00:00:00+00:00,63.09999847412109,63.09999847412109,63.09999847412109,63.09999847412109,0.0,,
2013-01-08 00:00:00+00:00,63.09999847412109,63.09999847412109,63.09999847412109,63.09999847412109,0.0,,
2013-01-09 00:00:00+00:00,63.09999847412109,63.09999847412109,63.09999847412109,63.09999847412109,0.0,,
2013-01-10 00:00:00+00:00,63.09999847412109,63.09999847412109,63.09999847412109,63.09999847412109,0.0,,
2013-01-11 00:00:00+00:00,63.09999847412109,63.09999847412109,63.09999847412109,63.09999847412109,0.0,,
2013-01-14 00:00:00+00:00,63.09999847412109,63.09999847412109,63.09999847412109,63.09999847412109,0.0,,
2013-01-15 00:00:00+00:00,63.09999847412109,63.09999847412109,63.09999847412109,63.09999847412109,0.0,,
2013-01-16 00:00:00+00:00,63.09999847412109,63.09999847412109,63.09999847412109,63.09999847412109,0.0,,
2013-01-17 00:00:00+00:00,63.09999847412109,63.09999847412109,63.09999847412109,63.09999847412109,0.0,,
2013-01-18 00:00:00+00:00,63.09999847412109,63.09999847412109,63.09999847412109,63.09999847412109,0.0,,
2013-01-22 00:00:00+00:00,63.09999847412109,63.09999847412109,63.09999847412109,63.09999847412109,0.0,,
2013-01-23 00:00:00+00:00,63.09999847412109,63.09999847412109,63.09999847412109,63.09999847412109,0.0,,
2013-01-24 00:00:00+00:00,63.09999847412109,63.09999847412109,63.09999847412109,63.09999847412109,0.0,,
2013-01-25 00:00:00+00:00,63.09999847412109,63.09999847412109,63.09999847412109,63.09999847412109,0.0,,
2013-01-28 00:00:00+00:00,63.09999847412109,63.09999847412109,63.09999847412109,63.09999847412109,0.0,,
2013-01-29 00:00:00+00:00,63.09999847412109,63.09999847412109,63.09999847412109,63.09999847412109,0.0,,
2013-01-30 00:00:00+00:00,63.09999847412109,63.09999847412109,63.09999847412109,63.09999847412109,0.0,,
2013-01-31 00:00:00+00:00,63.09999847412109,63.09999847412109,63.09999847412109,63.09999847412109,0.0,,
2013-02-01 00:00:00+00:00,63.09999847412109,63.09999847412109,63.09999847412109,63.09999847412109,0.0,,
2013-02-04 00:00:00+00:00,63.09999847412109,63.09999847412109,63.09999847412109,63.09999847412109,0.0,,
2013-02-05 00:00:00+00:00,63.09999847412109,63.09999847412109,63.09999847412109,63.09999847412109,0.0,,
2013-02-06 00:00:00+00:00,63.09999847412109,63.09999847412109,63.09999847412109,63.09999847412109,0.0,,
2013-02-07 00:00:00+00:00,63.09999847412109,63.09999847412109,63.09999847412109,63.09999847412109,0.0,,
2013-02-08 00:00:00+00:00,63.09999847412109,63.09999847412109,63.09999847412109,63.09999847412109,0.0,,
2013-02-11 00:00:00+00:00,63.09999847412109,63.09999847412109,63.09999847412109,63.09999847412109,0.0,,
2013-02-12 00:00:00+00:00,63.09999847412109,63.09999847412109,63.09999847412109,63.09999847412109,0.0,,
2013-02-13 00:00:00+00:00,63.09999847412109,63.09999847412109,63.09999847412109,63.09999847412109,0.0,,
2013-02-14 00:00:00+00:00,63.09999847412109,63.09999847412109,63.09999847412109,63.09999847412109,0.0,,
2013-02-15 00:00:00+00:00,63.09999847412109,63.09999847412109,63.09999847412109,63.09999847412109,0.0,,
2013-02-19 00:00:00+00:00,63.09999847412109,63.09999847412109,63.09999847412109,63.09999847412109,0.0,,
2013-02-20 00:00:00+00:00,63.09999847412109,63.09999847412109,63.09999847412109,63.09999847412109,0.0,,
2013-02-21 00:00:00+00:00,63.09999847412109,63.09999847412109,63.09999847412109,63.09999847412109,0.0,,
2013-02-22 00:00:00+00:00,63.09999847412109,63.09999847412109,63.09999847412109,63.09999847412109,0.0,,
2013-02-25 00:00:00+00:00,63.09999847412109,63.09999847412109,63.09999847412109,63.09999847412109,0.0,,
2013-02-26 00:00:00+00:00,63.09999847412109,63.09999847412109,63.09999847412109,63.09999847412109,0.0,,
2013-02-27 00:00:00+00:00,63.09999847412109,63.09999847412109,63.09999847412109,63.09999847412109,0.0,,
2013-02-28 00:00:00+00:00,63.09999847412109,63.09999847412109,63.09999847412109,63.09999847412109,0.0,,
2013-03-01 00:00:00+00:00,63.09999847412109,63.09999847412109,63.09999847412109,63.09999847412109,0.0,,
2013-03-04 00:00:00+00:00,63.09999847412109,63.09999847412109,63.09999847412109,63.09999847412109,0.0,,
2013-03-05 00:00:00+00:00,63.09999847412109,63.09999847412109,63.09999847412109,63.09999847412109,0.0,,
2013-03-06 00:00:00+00:00,63.09999847412109,63.09999847412109,63.09999847412109,63.09999847412109,0.0,,
2013-03-07 00:00:00+00:00,63.09999847412109,63.09999847412109,63.09999847412109,63.09999847412109,0.0,,
2013-03-08 00:00:00+00:00,63.09999847412109,63.09999847412109,63.09999847412109,63.09999847412109,0.0,,
2013-03-11 00:00:00+00:00,63.09999847412109,63.09999847412109,63.09999847412109,63.09999847412109,0.0,,
2013-03-12 00:00:00+00:00,63.09999847412109,63.09999847412109,63.09999847412109,63.09999847412109,0.0,,
2013-03-13 00:00:00+00:00,63.09999847412109,63.09999847412109,63.09999847412109,63.09999847412109,0.0,,
2013-03-14 00:00:00+00:00,63.09999847412109,63.09999847412109,63.09999847412109,63.09999847412109,0.0,,
2013-03-15 00:00:00+00:00,63.09999847412109,63.09999847412109,63.09999847412109,63.09999847412109,0.0,,
2013-03-18 00:00:00+00:00,63.09999847412109,63.09999847412109,63.09999847412109,63.09999847412109,0.0,,
2013-03-19 00:00:00+00:00,63.09999847412109,63.09999847412109,63.09999847412109,63.09999847412109,0.0,,
2013-03-20 00:00:00+00:00,63.09999847412109,63.09999847412109,63.09999847412109,63.09999847412109,0.0,,
2013-03-21 00:00:00+00:00,63.09999847412109,63.09999847412109,63.09999847412109,63.09999847412109,0.0,,
2013-03-22 00:00:00+00:00,63.09999847412109,63.09999847412109,63.09999847412109,63.09999847412109,0.0,,
2013-03-25 00:00:00+00:00,63.09999847412109,63.09999847412109,63.09999847412109,63.09999847412109,0.0,,
2013-03-26 00:00:00+00:00,63.09999847412109,63.09999847412109,63.09999847412109,63.09999847412109,0.0,,
2013-03-27 00:00:00+00:00,63.09999847412109,63.09999847412109,63.09999847412109,63.09999847412109,0.0,,
2013-03-28 00:00:00+00:00,63.09999847412109,63.09999847412109,63.09999847412109,63.09999847412109,0.0,,
2013-04-01 00:00:00+00:00,63.09999847412109,63.09999847412109,63.09999847412109,63.09999847412109,0.0,,
2013-04-02 00:00:00+00:00,63.09999847412109,63.09999847412109,63.09999847412109,63.09999847412109,0.0,,
2013-04-03 00:00:00+00:00,63.09999847412109,63.09999847412109,63.09999847412109,63.09999847412109,0.0,,
2013-04-04 00:00:00+00:00,63.09999847412109,63.09999847412109,63.09999847412109,63.09999847412109,0.0,,
2013-04-05 00:00:00+00:00,63.09999847412109,63.09999847412109,63.09999847412109,63.09999847412109,0.0,,
2013-04-08 00:00:00+00:00,63.09999847412109,63.09999847412109,63.09999847412109,63.09999847412109,0.0,,
2013-04-09 00:00:00+00:00,63.09999847412109,63.09999847412109,63.09999847412109,63.09999847412109,0.0,,
2013-04-10 00:00:00+00:00,63.09999847412109,63.09999847412109,63.09999847412109,63.09999847412109,0.0,,
2013-04-11 00:00:00+00:00,63.09999847412109,63.09999847412109,63.09999847412109,63.09999847412109,0.0,,
2013-04-12 00:00:00+00:00,63.09999847412109,63.09999847412109,63.09999847412109,63.09999847412109,0.0,,
2013-04-15 00:00:00+00:00,63.09999847412109,63.09999847412109,63.09999847412109,63.09999847412109,0.0,,
2013-04-16 00:00:00+00:00,63.09999847412109,63.09999847412109,63.09999847412109,63.09999847412109,0.0,,
2013-04-17 00:00:00+00:00,63.09999847412109,63.09999847412109,63.09999847412109,63.09999847412109,0.0,,
2013-04-18 00:00:00+00:00,63.09999847412109,63.09999847412109,63.09999847412109,63.09999847412109,0.0,,
2013-04-19 00:00:00+00:00,63.09999847412109,63.09999847412109,63.09999847412109,63.09999847412109,0.0,,
2013-04-22 00:00:00+00:00,63.09999847412109,63.09999847412109,63.09999847412109,63.09999847412109,0.0,,
2013-04-23 00:00:00+00:00,63.09999847412109,63.09999847412109,63.09999847412109,63.09999847412109,0.0,,
2013-04-24 00:00:00+00:00,63.09999847412109,63.09999847412109,63.09999847412109,63.09999847412109,0.0,,
2013-04-25 00:00:00+00:00,63.09999847412109,63.09999847412109,63.09999847412109,63.09999847412109,0.0,,
2013-04-26 00:00:00+00:00,63.09999847412109,63.09999847412109,63.09999847412109,63.09999847412109,0.0,,
2013-04-29 00:00:00+00:00,63.09999847412109,63.09999847412109,63.09999847412109,63.09999847412109,0.0,,
2013-04-30 00:00:00+00:00,63.09999847412109,63.09999847412109,63.09999847412109,63.09999847412109,0.0,,
2013-05-01 00:00:00+00:00,63.09999847412109,63.09999847412109,63.09999847412109,63.09999847412109,0.0,,
2013-05-02 00:00:00+00:00,63.09999847412109,63.09999847412109,63.09999847412109,63.09999847412109,0.0,,
2013-05-03 00:00:00+00:00,63.09999847412109,63.09999847412109,63.09999847412109,63.09999847412109,0.0,,
2013-05-06 00:00:00+00:00,63.09999847412109,63.09999847412109,63.09999847412109,63.09999847412109,0.0,,
2013-05-07 00:00:00+00:00,63.09999847412109,63.09999847412109,63.09999847412109,63.09999847412109,0.0,,
2013-05-08 00:00:00+00:00,63.09999847412109,63.09999847412109,63.09999847412109,63.09999847412109,0.0,,
2013-05-09 00:00:00+00:00,63.09999847412109,63.09999847412109,63.09999847412109,63.09999847412109,0.0,,
2013-05-10 00:00:00+00:00,63.09999847412109,63.09999847412109,63.09999847412109,63.09999847412109,0.0,,
2013-05-13 00:00:00+00:00,63.09999847412109,63.09999847412109,63.09999847412109,63.09999847412109,0.0,,
2013-05-14 00:00:00+00:00,63.09999847412109,63.09999847412109,63.09999847412109,63.09999847412109,0.0,,
2013-05-15 00:00:00+00:00,63.09999847412109,63.09999847412109,63.09999847412109,63.09999847412109,0.0,,
2013-05-16 00:00:00+00:00,63.09999847412109,63.09999847412109,63.09999847412109,63.09999847412109,0.0,,
2013-05-17 00:00:00+00:00,63.09999847412109,63.09999847412109,63.09999847412109,63.09999847412109,0.0,,
2013-05-20 00:00:00+00:00,63.09999847412109,63.09999847412109,63.09999847412109,63.09999847412109,0.0,,
2013-05-21 00:00:00+00:00,63.09999847412109,63.09999847412109,63.09999847412109,63.09999847412109,0.0,,
2013-05-22 00:00:00+00:00,63.09999847412109,63.09999847412109,63.09999847412109,63.09999847412109,0.0,,
2013-05-23 00:00:00+00:00,63.09999847412109,63.09999847412109,63.09999847412109,63.09999847412109,0.0,,
2013-05-24 00:00:00+00:00,63.09999847412109,63.09999847412109,63.09999847412109,63.09999847412109,0.0,,
2013-05-28 00:00:00+00:00,63.09999847412109,63.09999847412109,63.09999847412109,63.09999847412109,0.0,,
2013-05-29 00:00:00+00:00,63.09999847412109,63.09999847412109,63.09999847412109,63.09999847412109,0.0,,
2013-05-30 00:00:00+00:00,63.09999847412109,63.09999847412109,63.09999847412109,63.09999847412109,0.0,,
2013-05-31 00:00:00+00:00,63.09999847412109,63.09999847412109,63.09999847412109,63.09999847412109,0.0,,
2013-06-03 00:00:00+00:00,63.09999847412109,63.09999847412109,63.09999847412109,63.09999847412109,0.0,,
2013-06-04 00:00:00+00:00,63.09999847412109,63.09999847412109,63.09999847412109,63.09999847412109,0.0,,
2013-06-05 00:00:00+00:00,63.09999847412109,63.09999847412109,63.09999847412109,63.09999847412109,0.0,,
2013-06-06 00:00:00+00:00,63.09999847412109,63.09999847412109,63.09999847412109,63.09999847412109,0.0,,
2013-06-07 00:00:00+00:00,63.09999847412109,63.09999847412109,63.09999847412109,63.09999847412109,0.0,,
2013-06-10 00:00:00+00:00,63.09999847412109,63.09999847412109,63.09999847412109,63.09999847412109,0.0,,
2013-06-11 00:00:00+00:00,63.09999847412109,63.09999847412109,63.09999847412109,63.09999847412109,0.0,,
2013-06-12 00:00:00+00:00,63.09999847412109,63.09999847412109,63.09999847412109,63.09999847412109,0.0,,
2013-06-13 00:00:00+00:00,63.09999847412109,63.09999847412109,63.09999847412109,63.09999847412109,0.0,,
2013-06-14 00:00:00+00:00,63.09999847412109,63.09999847412109,63.09999847412109,63.09999847412109,0.0,,
2013-06-17 00:00:00+00:00,63.09999847412109,63.09999847412109,63.09999847412109,63.09999847412109,0.0,,
2013-06-18 00:00:00+00:00,63.09999847412109,63.09999847412109,63.09999847412109,63.09999847412109,0.0,,
2013-06-19 00:00:00+00:00,63.09999847412109,63.09999847412109,63.09999847412109,63.09999847412109,0.0,,
2013-06-20 00:00:00+00:00,63.09999847412109,63.09999847412109,63.09999847412109,63.09999847412109,0.0,,
2013-06-21 00:00:00+00:00,63.09999847412109,63.09999847412109,63.09999847412109,63.09999847412109,0.0,,
2013-06-24 00:00:00+00:00,63.09999847412109,63.09999847412109,63.09999847412109,63.09999847412109,0.0,,
2013-06-25 00:00:00+00:00,63.09999847412109,63.09999847412109,63.09999847412109,63.09999847412109,0.0,,
2013-06-26 00:00:00+00:00,63.09999847412109,63.09999847412109,63.09999847412109,63.09999847412109,0.0,,
2013-06-27 00:00:00+00:00,63.09999847412109,63.09999847412109,63.09999847412109,63.09999847412109,0.0,,
2013-06-28 00:00:00+00:00,63.09999847412109,63.09999847412109,63.09999847412109,63.09999847412109,0.0,,
2013-07-01 00:00:00+00:00,63.09999847412109,63.09999847412109,63.09999847412109,63.09999847412109,0.0,,
2013-07-02 00:00:00+00:00,63.09999847412109,63.09999847412109,63.09999847412109,63.09999847412109,0.0,,
2013-07-03 00:00:00+00:00,63.09999847412109,63.09999847412109,63.09999847412109,63.09999847412109,0.0,,
2013-07-05 00:00:00+00:00,63.09999847412109,63.09999847412109,63.09999847412109,63.09999847412109,0.0,,
2013-07-08 00:00:00+00:00,63.09999847412109,63.09999847412109,63.09999847412109,63.09999847412109,0.0,,
2013-07-09 00:00:00+00:00,63.09999847412109,63.09999847412109,63.09999847412109,63.09999847412109,0.0,,
2013-07-10 00:00:00+00:00,63.09999847412109,63.09999847412109,63.09999847412109,63.09999847412109,0.0,,
2013-07-11 00:00:00+00:00,63.09999847412109,63.09999847412109,63.09999847412109,63.09999847412109,0.0,,
2013-07-12 00:00:00+00:00,63.09999847412109,63.09999847412109,63.09999847412109,63.09999847412109,0.0,,
2013-07-15 00:00:00+00:00,63.09999847412109,63.09999847412109,63.09999847412109,63.09999847412109,0.0,,
2013-07-16 00:00:00+00:00,63.09999847412109,63.09999847412109,63.09999847412109,63.09999847412109,0.0,,
2013-07-17 00:00:00+00:00,63.09999847412109,63.09999847412109,63.09999847412109,63.09999847412109,0.0,,
2013-07-18 00:00:00+00:00,63.09999847412109,63.09999847412109,63.09999847412109,63.09999847412109,0.0,,
2013-07-19 00:00:00+00:00,63.09999847412109,63.09999847412109,63.09999847412109,63.09999847412109,0.0,,
2013-07-22 00:00:00+00:00,63.09999847412109,63.09999847412109,63.09999847412109,63.09999847412109,0.0,,
2013-07-23 00:00:00+00:00,63.09999847412109,63.09999847412109,63.09999847412109,63.09999847412109,0.0,,
2013-07-24 00:00:00+00:00,63.09999847412109,63.09999847412109,63.09999847412109,63.09999847412109,0.0,,
2013-07-25 00:00:00+00:00,63.09999847412109,63.09999847412109,63.09999847412109,63.09999847412109,0.0,,
2013-07-26 00:00:00+00:00,63.09999847412109,63.09999847412109,63.09999847412109,63.09999847412109,0.0,,
2013-07-29 00:00:00+00:00,63.09999847412109,63.09999847412109,63.09999847412109,63.09999847412109,0.0,,
2013-07-30 00:00:00+00:00,63.09999847412109,63.09999847412109,63.09999847412109,63.09999847412109,0.0,,
2013-07-31 00:00:00+00:00,63.09999847412109,63.09999847412109,63.09999847412109,63.09999847412109,0.0,,
2013-08-01 00:00:00+00:00,63.09999847412109,63.09999847412109,63.09999847412109,63.09999847412109,0.0,,
2013-08-02 00:00:00+00:00,63.09999847412109,63.09999847412109,63.09999847412109,63.09999847412109,0.0,,
2013-08-05 00:00:00+00:00,63.09999847412109,63.09999847412109,63.09999847412109,63.09999847412109,0.0,,
2013-08-06 00:00:00+00:00,63.09999847412109,63.09999847412109,63.09999847412109,63.09999847412109,0.0,,
2013-08-07 00:00:00+00:00,63.09999847412109,63.09999847412109,63.09999847412109,63.09999847412109,0.0,,
2013-08-08 00:00:00+00:00,63.09999847412109,63.09999847412109,63.09999847412109,63.09999847412109,0.0,,
2013-08-09 00:00:00+00:00,63.09999847412109,63.09999847412109,63.09999847412109,63.09999847412109,0.0,,
2013-08-12 00:00:00+00:00,63.09999847412109,63.09999847412109,63.09999847412109,63.09999847412109,0.0,,
2013-08-13 00:00:00+00:00,63.09999847412109,63.09999847412109,63.09999847412109,63.09999847412109,0.0,,
2013-08-14 00:00:00+00:00,63.09999847412109,63.09999847412109,63.09999847412109,63.09999847412109,0.0,,
2013-08-15 00:00:00+00:00,63.09999847412109,63.09999847412109,63.09999847412109,63.09999847412109,0.0,,
2013-08-16 00:00:00+00:00,63.09999847412109,63.09999847412109,63.09999847412109,63.09999847412109,0.0,,
2013-08-19 00:00:00+00:00,63.09999847412109,63.09999847412109,63.09999847412109,63.09999847412109,0.0,,
2013-08-20 00:00:00+00:00,63.09999847412109,63.09999847412109,63.09999847412109,63.09999847412109,0.0,,
2013-08-21 00:00:00+00:00,63.09999847412109,63.09999847412109,63.09999847412109,63.09999847412109,0.0,,
2013-08-22 00:00:00+00:00,63.09999847412109,63.09999847412109,63.09999847412109,63.09999847412109,0.0,,
2013-08-23 00:00:00+00:00,63.09999847412109,63.09999847412109,63.09999847412109,63.09999847412109,0.0,,
2013-08-26 00:00:00+00:00,63.09999847412109,63.09999847412109,63.09999847412109,63.09999847412109,0.0,,
2013-08-27 00:00:00+00:00,63.09999847412109,63.09999847412109,63.09999847412109,63.09999847412109,0.0,,
2013-08-28 00:00:00+00:00,63.09999847412109,63.09999847412109,63.09999847412109,63.09999847412109,0.0,,
2013-08-29 00:00:00+00:00,63.09999847412109,63.09999847412109,63.09999847412109,63.09999847412109,0.0,,
2013-08-30 00:00:00+00:00,63.09999847412109,63.09999847412109,63.09999847412109,63.09999847412109,0.0,,
2013-09-03 00:00:00+00:00,63.09999847412109,63.09999847412109,63.09999847412109,63.09999847412109,0.0,,
2013-09-04 00:00:00+00:00,63.09999847412109,63.09999847412109,63.09999847412109,63.09999847412109,0.0,,
2013-09-05 00:00:00+00:00,63.09999847412109,63.09999847412109,63.09999847412109,63.09999847412109,0.0,,
2013-09-06 00:00:00+00:00,63.09999847412109,63.09999847412109,63.09999847412109,63.09999847412109,0.0,,
2013-09-09 00:00:00+00:00,63.09999847412109,63.09999847412109,63.09999847412109,63.09999847412109,0.0,,
2013-09-10 00:00:00+00:00,63.09999847412109,63.09999847412109,63.09999847412109,63.09999847412109,0.0,,
2013-09-11 00:00:00+00:00,63.09999847412109,63.09999847412109,63.09999847412109,63.09999847412109,0.0,,
2013-09-12 00:00:00+00:00,63.09999847412109,63.09999847412109,63.09999847412109,63.09999847412109,0.0,,
2013-09-13 00:00:00+00:00,63.09999847412109,63.09999847412109,63.09999847412109,63.09999847412109,0.0,,
2013-09-16 00:00:00+00:00,63.09999847412109,63.09999847412109,63.09999847412109,63.09999847412109,0.0,,
2013-09-17 00:00:00+00:00,63.09999847412109,63.09999847412109,63.09999847412109,63.09999847412109,0.0,,
2013-09-18 00:00:00+00:00,63.09999847412109,63.09999847412109,63.09999847412109,63.09999847412109,0.0,,
2013-09-19 00:00:00+00:00,63.09999847412109,63.09999847412109,63.09999847412109,63.09999847412109,0.0,,
2013-09-20 00:00:00+00:00,63.09999847412109,63.09999847412109,63.09999847412109,63.09999847412109,0.0,,
2013-09-23 00:00:00+00:00,63.09999847412109,63.09999847412109,63.09999847412109,63.09999847412109,0.0,,
2013-09-24 00:00:00+00:00,63.09999847412109,63.09999847412109,63.09999847412109,63.09999847412109,0.0,,
2013-09-25 00:00:00+00:00,63.09999847412109,63.09999847412109,63.09999847412109,63.09999847412109,0.0,,
2013-09-26 00:00:00+00:00,63.09999847412109,63.09999847412109,63.09999847412109,63.09999847412109,0.0,,
2013-09-27 00:00:00+00:00,63.09999847412109,63.09999847412109,63.09999847412109,63.09999847412109,0.0,,
2013-09-30 00:00:00+00:00,63.09999847412109,63.09999847412109,63.09999847412109,63.09999847412109,0.0,,
2013-10-01 00:00:00+00:00,63.09999847412109,63.09999847412109,63.09999847412109,63.09999847412109,0.0,,
2013-10-02 00:00:00+00:00,63.09999847412109,63.09999847412109,63.09999847412109,63.09999847412109,0.0,,
2013-10-03 00:00:00+00:00,63.09999847412109,63.09999847412109,63.09999847412109,63.09999847412109,0.0,,
2013-10-04 00:00:00+00:00,63.09999847412109,63.09999847412109,63.09999847412109,63.09999847412109,0.0,,
2013-10-07 00:00:00+00:00,63.09999847412109,63.09999847412109,63.09999847412109,63.09999847412109,0.0,,
2013-10-08 00:00:00+00:00,63.09999847412109,63.09999847412109,63.09999847412109,63.09999847412109,0.0,,
2013-10-09 00:00:00+00:00,63.09999847412109,63.09999847412109,63.09999847412109,63.09999847412109,0.0,,
2013-10-10 00:00:00+00:00,63.09999847412109,63.09999847412109,63.09999847412109,63.09999847412109,0.0,,
2013-10-11 00:00:00+00:00,63.09999847412109,63.09999847412109,63.09999847412109,63.09999847412109,0.0,,
2013-10-14 00:00:00+00:00,63.09999847412109,63.09999847412109,63.09999847412109,63.09999847412109,0.0,,
2013-10-15 00:00:00+00:00,63.09999847412109,63.09999847412109,63.09999847412109,63.09999847412109,0.0,,
2013-10-16 00:00:00+00:00,63.09999847412109,63.09999847412109,63.09999847412109,63.09999847412109,0.0,,
2013-10-17 00:00:00+00:00,63.09999847412109,63.09999847412109,63.09999847412109,63.09999847412109,0.0,,
2013-10-18 00:00:00+00:00,63.09999847412109,63.09999847412109,63.09999847412109,63.09999847412109,0.0,,
2013-10-21 00:00:00+00:00,63.09999847412109,63.09999847412109,63.09999847412109,63.09999847412109,0.0,,
2013-10-22 00:00:00+00:00,63.09999847412109,63.09999847412109,63.09999847412109,63.09999847412109,0.0,,
2013-10-23 00:00:00+00:00,63.09999847412109,63.09999847412109,63.09999847412109,63.09999847412109,0.0,,
2013-10-24 00:00:00+00:00,63.09999847412109,63.09999847412109,63.09999847412109,63.09999847412109,0.0,,
2013-10-25 00:00:00+00:00,63.09999847412109,63.09999847412109,63.09999847412109,63.09999847412109,0.0,,
2013-10-28 00:00:00+00:00,63.09999847412109,63.09999847412109,63.09999847412109,63.09999847412109,0.0,,
2013-10-29 00:00:00+00:00,63.09999847412109,63.09999847412109,63.09999847412109,63.09999847412109,0.0,,
2013-10-30 00:00:00+00:00,63.09999847412109,63.09999847412109,63.09999847412109,63.09999847412109,0.0,,
2013-10-31 00:00:00+00:00,63.09999847412109,63.09999847412109,63.09999847412109,63.09999847412109,0.0,,
2013-11-01 00:00:00+00:00,63.09999847412109,63.09999847412109,63.09999847412109,63.09999847412109,0.0,,
2013-11-04 00:00:00+00:00,63.09999847412109,63.09999847412109,63.09999847412109,63.09999847412109,0.0,,
2013-11-05 00:00:00+00:00,63.09999847412109,63.09999847412109,63.09999847412109,63.09999847412109,0.0,,
2013-11-06 00:00:00+00:00,63.09999847412109,63.09999847412109,63.09999847412109,63.09999847412109,0.0,,
2013-11-07 00:00:00+00:00,63.09999847412109,63.09999847412109,63.09999847412109,63.09999847412109,0.0,,
2013-11-08 00:00:00+00:00,63.09999847412109,63.09999847412109,63.09999847412109,63.09999847412109,0.0,,
2013-11-11 00:00:00+00:00,63.09999847412109,63.09999847412109,63.09999847412109,63.09999847412109,0.0,,
2013-11-12 00:00:00+00:00,63.09999847412109,63.09999847412109,63.09999847412109,63.09999847412109,0.0,,
2013-11-13 00:00:00+00:00,63.09999847412109,63.09999847412109,63.09999847412109,63.09999847412109,0.0,,
2013-11-14 00:00:00+00:00,63.09999847412109,63.09999847412109,63.09999847412109,63.09999847412109,0.0,,
2013-11-15 00:00:00+00:00,63.09999847412109,63.09999847412109,63.09999847412109,63.09999847412109,0.0,,
2013-11-18 00:00:00+00:00,63.09999847412109,63.09999847412109,63.09999847412109,63.09999847412109,0.0,,
2013-11-19 00:00:00+00:00,63.09999847412109,63.09999847412109,63.09999847412109,63.09999847412109,0.0,,
2013-11-20 00:00:00+00:00,63.09999847412109,63.09999847412109,63.09999847412109,63.09999847412109,0.0,,
2013-11-21 00:00:00+00:00,63.09999847412109,63.09999847412109,63.09999847412109,63.09999847412109,0.0,,
2013-11-22 00:00:00+00:00,63.09999847412109,63.09999847412109,63.09999847412109,63.09999847412109,0.0,,
2013-11-25 00:00:00+00:00,63.09999847412109,63.09999847412109,63.09999847412109,63.09999847412109,0.0,,
2013-11-26 00:00:00+00:00,63.09999847412109,63.09999847412109,63.09999847412109,63.09999847412109,0.0,,
2013-11-27 00:00:00+00:00,63.09999847412109,63.09999847412109,63.09999847412109,63.09999847412109,0.0,,
2013-11-29 00:00:00+00:00,63.09999847412109,63.09999847412109,63.09999847412109,63.09999847412109,0.0,,
2013-12-02 00:00:00+00:00,63.09999847412109,63.09999847412109,63.09999847412109,63.09999847412109,0.0,,
2013-12-03 00:00:00+00:00,63.09999847412109,63.09999847412109,63.09999847412109,63.09999847412109,0.0,,
2013-12-04 00:00:00+00:00,63.09999847412109,63.09999847412109,63.09999847412109,63.09999847412109,0.0,,
2013-12-05 00:00:00+00:00,63.09999847412109,63.09999847412109,63.09999847412109,63.09999847412109,0.0,,
2013-12-06 00:00:00+00:00,63.09999847412109,63.09999847412109,63.09999847412109,63.09999847412109,0.0,,
2013-12-09 00:00:00+00:00,63.09999847412109,63.09999847412109,63.09999847412109,63.09999847412109,0.0,,
2013-12-10 00:00:00+00:00,63.09999847412109,63.09999847412109,63.09999847412109,63.09999847412109,0.0,,
2013-12-11 00:00:00+00:00,63.09999847412109,63.09999847412109,63.09999847412109,63.09999847412109,0.0,,
2013-12-12 00:00:00+00:00,63.09999847412109,63.09999847412109,63.09999847412109,63.09999847412109,0.0,,
2013-12-13 00:00:00+00:00,63.09999847412109,63.09999847412109,63.09999847412109,63.09999847412109,0.0,,
2013-12-16 00:00:00+00:00,63.09999847412109,63.09999847412109,63.09999847412109,63.09999847412109,0.0,,
2013-12-17 00:00:00+00:00,63.09999847412109,63.09999847412109,63.09999847412109,63.09999847412109,0.0,,
2013-12-18 00:00:00+00:00,63.09999847412109,63.09999847412109,63.09999847412109,63.09999847412109,0.0,,
2013-12-19 00:00:00+00:00,63.09999847412109,63.09999847412109,63.09999847412109,63.09999847412109,0.0,,
2013-12-20 00:00:00+00:00,63.09999847412109,63.09999847412109,63.09999847412109,63.09999847412109,0.0,,
2013-12-23 00:00:00+00:00,63.09999847412109,63.09999847412109,63.09999847412109,63.09999847412109,0.0,,
2013-12-24 00:00:00+00:00,63.09999847412109,63.09999847412109,63.09999847412109,63.09999847412109,0.0,,
2013-12-26 00:00:00+00:00,63.09999847412109,63.09999847412109,63.09999847412109,63.09999847412109,0.0,,
2013-12-27 00:00:00+00:00,63.09999847412109,63.09999847412109,63.09999847412109,63.09999847412109,0.0,,
2013-12-30 00:00:00+00:00,63.09999847412109,63.09999847412109,63.09999847412109,63.09999847412109,0.0,,
2013-12-31 00:00:00+00:00,63.09999847412109,63.09999847412109,63.09999847412109,63.09999847412109,0.0,,
2014-01-02 00:00:00+00:00,63.09999847412109,63.09999847412109,63.09999847412109,63.09999847412109,0.0,,
2014-01-03 00:00:00+00:00,63.09999847412109,63.09999847412109,63.09999847412109,63.09999847412109,0.0,,
2014-01-06 00:00:00+00:00,63.09999847412109,63.09999847412109,63.09999847412109,63.09999847412109,0.0,,
2014-01-07 00:00:00+00:00,63.09999847412109,63.09999847412109,63.09999847412109,63.09999847412109,0.0,,
2014-01-08 00:00:00+00:00,63.09999847412109,63.09999847412109,63.09999847412109,63.09999847412109,0.0,,
2014-01-09 00:00:00+00:00,63.09999847412109,63.09999847412109,63.09999847412109,63.09999847412109,0.0,,
2014-01-10 00:00:00+00:00,63.09999847412109,63.09999847412109,63.09999847412109,63.09999847412109,0.0,,
2014-01-13 00:00:00+00:00,63.09999847412109,63.09999847412109,63.09999847412109,63.09999847412109,0.0,,
2014-01-14 00:00:00+00:00,63.09999847412109,63.09999847412109,63.09999847412109,63.09999847412109,0.0,,
2014-01-15 00:00:00+00:00,63.09999847412109,63.09999847412109,63.09999847412109,63.09999847412109,0.0,,
2014-01-16 00:00:00+00:00,63.09999847412109,63.09999847412109,63.09999847412109,63.09999847412109,0.0,,
2014-01-17 00:00:00+00:00,63.09999847412109,63.09999847412109,63.09999847412109,63.09999847412109,0.0,,
2014-01-21 00:00:00+00:00,63.09999847412109,63.09999847412109,63.09999847412109,63.09999847412109,0.0,,
2014-01-22 00:00:00+00:00,63.09999847412109,63.09999847412109,63.09999847412109,63.09999847412109,0.0,,
2014-01-23 00:00:00+00:00,63.09999847412109,63.09999847412109,63.09999847412109,63.09999847412109,0.0,,
2014-01-24 00:00:00+00:00,63.09999847412109,63.09999847412109,63.09999847412109,63.09999847412109,0.0,,
2014-01-27 00:00:00+00:00,63.09999847412109,63.09999847412109,63.09999847412109,63.09999847412109,0.0,,
2014-01-28 00:00:00+00:00,63.09999847412109,63.09999847412109,63.09999847412109,63.09999847412109,0.0,,
2014-01-29 00:00:00+00:00,63.09999847412109,63.09999847412109,63.09999847412109,63.09999847412109,0.0,,
2014-01-30 00:00:00+00:00,63.09999847412109,63.09999847412109,63.09999847412109,63.09999847412109,0.0,,
2014-01-31 00:00:00+00:00,63.09999847412109,63.09999847412109,63.09999847412109,63.09999847412109,0.0,,
2014-02-03 00:00:00+00:00,63.09999847412109,63.09999847412109,63.09999847412109,63.09999847412109,0.0,,
2014-02-04 00:00:00+00:00,63.09999847412109,63.09999847412109,63.09999847412109,63.09999847412109,0.0,,
2014-02-05 00:00:00+00:00,63.09999847412109,63.09999847412109,63.09999847412109,63.09999847412109,0.0,,
2014-02-06 00:00:00+00:00,63.09999847412109,63.09999847412109,63.09999847412109,63.09999847412109,0.0,,
2014-02-07 00:00:00+00:00,63.09999847412109,63.09999847412109,63.09999847412109,63.09999847412109,0.0,,
2014-02-10 00:00:00+00:00,63.09999847412109,63.09999847412109,63.09999847412109,63.09999847412109,0.0,,
2014-02-11 00:00:00+00:00,63.09999847412109,63.09999847412109,63.09999847412109,63.09999847412109,0.0,,
2014-02-12 00:00:00+00:00,63.09999847412109,63.09999847412109,63.09999847412109,63.09999847412109,0.0,,
2014-02-13 00:00:00+00:00,63.09999847412109,63.09999847412109,63.09999847412109,63.09999847412109,0.0,,
2014-02-14 00:00:00+00:00,63.09999847412109,63.09999847412109,63.09999847412109,63.09999847412109,0.0,,
2014-02-18 00:00:00+00:00,63.09999847412109,63.09999847412109,63.09999847412109,63.09999847412109,0.0,,
2014-02-19 00:00:00+00:00,63.09999847412109,63.09999847412109,63.09999847412109,63.09999847412109,0.0,,
2014-02-20 00:00:00+00:00,63.09999847412109,63.09999847412109,63.09999847412109,63.09999847412109,0.0,,
2014-02-21 00:00:00+00:00,63.09999847412109,63.09999847412109,63.09999847412109,63.09999847412109,0.0,,
2014-02-24 00:00:00+00:00,63.09999847412109,63.09999847412109,63.09999847412109,63.09999847412109,0.0,,
2014-02-25 00:00:00+00:00,63.09999847412109,63.09999847412109,63.09999847412109,63.09999847412109,0.0,,
2014-02-26 00:00:00+00:00,63.09999847412109,63.09999847412109,63.09999847412109,63.09999847412109,0.0,,
2014-02-27 00:00:00+00:00,63.09999847412109,63.09999847412109,63.09999847412109,63.09999847412109,0.0,,
2014-02-28 00:00:00+00:00,63.09999847412109,63.09999847412109,63.09999847412109,63.09999847412109,0.0,,
2014-03-03 00:00:00+00:00,63.09999847412109,63.09999847412109,63.09999847412109,63.09999847412109,0.0,,
2014-03-04 00:00:00+00:00,63.09999847412109,63.09999847412109,63.09999847412109,63.09999847412109,0.0,,
2014-03-05 00:00:00+00:00,63.09999847412109,63.09999847412109,63.09999847412109,63.09999847412109,0.0,,
2014-03-06 00:00:00+00:00,63.09999847412109,63.09999847412109,63.09999847412109,63.09999847412109,0.0,,
2014-03-07 00:00:00+00:00,63.09999847412109,63.09999847412109,63.09999847412109,63.09999847412109,0.0,,
2014-03-10 00:00:00+00:00,63.09999847412109,63.09999847412109,63.09999847412109,63.09999847412109,0.0,,
2014-03-11 00:00:00+00:00,63.09999847412109,63.09999847412109,63.09999847412109,63.09999847412109,0.0,,
2014-03-12 00:00:00+00:00,63.09999847412109,63.09999847412109,63.09999847412109,63.09999847412109,0.0,,
2014-03-13 00:00:00+00:00,63.09999847412109,63.09999847412109,63.09999847412109,63.09999847412109,0.0,,
2014-03-14 00:00:00+00:00,63.09999847412109,63.09999847412109,63.09999847412109,63.09999847412109,0.0,,
2014-03-17 00:00:00+00:00,63.09999847412109,63.09999847412109,63.09999847412109,63.09999847412109,0.0,,
2014-03-18 00:00:00+00:00,63.09999847412109,63.09999847412109,63.09999847412109,63.09999847412109,0.0,,
2014-03-19 00:00:00+00:00,63.09999847412109,63.09999847412109,63.09999847412109,63.09999847412109,0.0,,
2014-03-20 00:00:00+00:00,63.09999847412109,63.09999847412109,63.09999847412109,63.09999847412109,0.0,,
2014-03-21 00:00:00+00:00,63.09999847412109,63.09999847412109,63.09999847412109,63.09999847412109,0.0,,
2014-03-24 00:00:00+00:00,63.09999847412109,63.09999847412109,63.09999847412109,63.09999847412109,0.0,,
2014-03-25 00:00:00+00:00,63.09999847412109,63.09999847412109,63.09999847412109,63.09999847412109,0.0,,
2014-03-26 00:00:00+00:00,63.09999847412109,63.09999847412109,63.09999847412109,63.09999847412109,0.0,,
2014-03-27 00:00:00+00:00,63.09999847412109,63.09999847412109,63.09999847412109,63.09999847412109,0.0,,
2014-03-28 00:00:00+00:00,63.09999847412109,63.09999847412109,63.09999847412109,63.09999847412109,0.0,,
2014-03-31 00:00:00+00:00,63.09999847412109,63.09999847412109,63.09999847412109,63.09999847412109,0.0,,
2014-04-01 00:00:00+00:00,63.09999847412109,63.09999847412109,63.09999847412109,63.09999847412109,0.0,,
2014-04-02 00:00:00+00:00,63.09999847412109,63.09999847412109,63.09999847412109,63.09999847412109,0.0,,
2014-04-03 00:00:00+00:00,63.09999847412109,63.09999847412109,63.09999847412109,63.09999847412109,0.0,,
2014-04-04 00:00:00+00:00,63.09999847412109,63.09999847412109,63.09999847412109,63.09999847412109,0.0,,
2014-04-07 00:00:00+00:00,63.09999847412109,63.09999847412109,63.09999847412109,63.09999847412109,0.0,,
2014-04-08 00:00:00+00:00,63.09999847412109,63.09999847412109,63.09999847412109,63.09999847412109,0.0,,
2014-04-09 00:00:00+00:00,63.09999847412109,63.09999847412109,63.09999847412109,63.09999847412109,0.0,,
2014-04-10 00:00:00+00:00,63.09999847412109,63.09999847412109,63.09999847412109,63.09999847412109,0.0,,
2014-04-11 00:00:00+00:00,63.09999847412109,63.09999847412109,63.09999847412109,63.09999847412109,0.0,,
2014-04-14 00:00:00+00:00,63.09999847412109,63.09999847412109,63.09999847412109,63.09999847412109,0.0,,
2014-04-15 00:00:00+00:00,63.09999847412109,63.09999847412109,63.09999847412109,63.09999847412109,0.0,,
2014-04-16 00:00:00+00:00,63.09999847412109,63.09999847412109,63.09999847412109,63.09999847412109,0.0,,
2014-04-17 00:00:00+00:00,63.09999847412109,63.09999847412109,63.09999847412109,63.09999847412109,0.0,,
2014-04-21 00:00:00+00:00,63.09999847412109,63.09999847412109,63.09999847412109,63.09999847412109,0.0,,
2014-04-22 00:00:00+00:00,63.09999847412109,63.09999847412109,63.09999847412109,63.09999847412109,0.0,,
2014-04-23 00:00:00+00:00,63.09999847412109,63.09999847412109,63.09999847412109,63.09999847412109,0.0,,
2014-04-24 00:00:00+00:00,63.09999847412109,63.09999847412109,63.09999847412109,63.09999847412109,0.0,,
2014-04-25 00:00:00+00:00,63.09999847412109,63.09999847412109,63.09999847412109,63.09999847412109,0.0,,
2014-04-28 00:00:00+00:00,63.09999847412109,63.09999847412109,63.09999847412109,63.09999847412109,0.0,,
2014-04-29 00:00:00+00:00,63.09999847412109,63.09999847412109,63.09999847412109,63.09999847412109,0.0,,
2014-04-30 00:00:00+00:00,63.09999847412109,63.09999847412109,63.09999847412109,63.09999847412109,0.0,,
2014-05-01 00:00:00+00:00,63.09999847412109,63.09999847412109,63.09999847412109,63.09999847412109,0.0,,
2014-05-02 00:00:00+00:00,63.09999847412109,63.09999847412109,63.09999847412109,63.09999847412109,0.0,,
2014-05-05 00:00:00+00:00,63.09999847412109,63.09999847412109,63.09999847412109,63.09999847412109,0.0,,
2014-05-06 00:00:00+00:00,63.09999847412109,63.09999847412109,63.09999847412109,63.09999847412109,0.0,,
2014-05-07 00:00:00+00:00,63.09999847412109,63.09999847412109,63.09999847412109,63.09999847412109,0.0,,
2014-05-08 00:00:00+00:00,63.09999847412109,63.09999847412109,63.09999847412109,63.09999847412109,0.0,,
2014-05-09 00:00:00+00:00,63.09999847412109,63.09999847412109,63.09999847412109,63.09999847412109,0.0,,
2014-05-14 00:00:00+00:00,63.09999847412109,63.09999847412109,63.09999847412109,63.09999847412109,0.0,,
2014-05-16 00:00:00+00:00,63.09999847412109,63.09999847412109,63.09999847412109,63.09999847412109,0.0,,
2014-06-03 00:00:00+00:00,63.09999847412109,63.09999847412109,63.09999847412109,63.09999847412109,0.0,,
2014-06-17 00:00:00+00:00,63.09999847412109,63.09999847412109,63.09999847412109,63.09999847412109,0.0,,
2014-06-18 00:00:00+00:00,63.09999847412109,63.09999847412109,63.09999847412109,63.09999847412109,0.0,,
2014-06-19 00:00:00+00:00,63.09999847412109,63.09999847412109,63.09999847412109,63.09999847412109,0.0,,
2014-06-20 00:00:00+00:00,63.09999847412109,63.09999847412109,63.09999847412109,63.09999847412109,0.0,,
2014-06-23 00:00:00+00:00,63.09999847412109,63.09999847412109,63.09999847412109,63.09999847412109,0.0,,
2014-06-24 00:00:00+00:00,63.09999847412109,63.09999847412109,63.09999847412109,63.09999847412109,0.0,,
2014-06-25 00:00:00+00:00,63.09999847412109,63.09999847412109,63.09999847412109,63.09999847412109,0.0,,
2014-06-26 00:00:00+00:00,63.09999847412109,63.09999847412109,63.09999847412109,63.09999847412109,0.0,,
2014-06-27 00:00:00+00:00,63.09999847412109,63.09999847412109,63.09999847412109,63.09999847412109,0.0,,
2014-06-30 00:00:00+00:00,63.09999847412109,63.09999847412109,63.09999847412109,63.09999847412109,0.0,,
2014-07-01 00:00:00+00:00,63.09999847412109,63.09999847412109,63.09999847412109,63.09999847412109,0.0,,
2014-07-02 00:00:00+00:00,63.09999847412109,63.09999847412109,63.09999847412109,63.09999847412109,0.0,,
2014-07-03 00:00:00+00:00,63.09999847412109,63.09999847412109,63.09999847412109,63.09999847412109,0.0,,
2014-07-07 00:00:00+00:00,63.09999847412109,63.09999847412109,63.09999847412109,63.09999847412109,0.0,,
2014-07-08 00:00:00+00:00,63.09999847412109,63.09999847412109,63.09999847412109,63.09999847412109,0.0,,
2014-07-09 00:00:00+00:00,63.09999847412109,63.09999847412109,63.09999847412109,63.09999847412109,0.0,,
2014-07-10 00:00:00+00:00,63.09999847412109,63.09999847412109,63.09999847412109,63.09999847412109,0.0,,
2014-07-11 00:00:00+00:00,63.09999847412109,63.09999847412109,63.09999847412109,63.09999847412109,0.0,,
2014-07-14 00:00:00+00:00,63.09999847412109,63.09999847412109,63.09999847412109,63.09999847412109,0.0,,
2014-07-15 00:00:00+00:00,63.09999847412109,63.09999847412109,63.09999847412109,63.09999847412109,0.0,,
2014-07-16 00:00:00+00:00,63.09999847412109,63.09999847412109,63.09999847412109,63.09999847412109,0.0,,
2014-07-17 00:00:00+00:00,63.09999847412109,63.09999847412109,63.09999847412109,63.09999847412109,0.0,,
2014-07-21 00:00:00+00:00,63.09999847412109,63.09999847412109,63.09999847412109,63.09999847412109,0.0,,
2014-07-23 00:00:00+00:00,63.09999847412109,63.09999847412109,63.09999847412109,63.09999847412109,0.0,,
2014-07-25 00:00:00+00:00,63.09999847412109,63.09999847412109,63.09999847412109,63.09999847412109,0.0,,
2014-07-28 00:00:00+00:00,63.09999847412109,63.09999847412109,63.09999847412109,63.09999847412109,0.0,,
2014-07-29 00:00:00+00:00,63.09999847412109,63.09999847412109,63.09999847412109,63.09999847412109,0.0,,
2014-07-30 00:00:00+00:00,63.09999847412109,63.09999847412109,63.09999847412109,63.09999847412109,0.0,,
2014-07-31 00:00:00+00:00,63.09999847412109,63.09999847412109,63.09999847412109,63.09999847412109,0.0,,
2014-08-01 00:00:00+00:00,63.09999847412109,63.09999847412109,63.09999847412109,63.09999847412109,0.0,,
2014-08-05 00:00:00+00:00,63.09999847412109,63.09999847412109,63.09999847412109,63.09999847412109,0.0,,
2014-08-07 00:00:00+00:00,63.09999847412109,63.09999847412109,63.09999847412109,63.09999847412109,0.0,,
2014-08-12 00:00:00+00:00,63.09999847412109,63.09999847412109,63.09999847412109,63.09999847412109,0.0,,
2014-08-14 00:00:00+00:00,63.09999847412109,63.09999847412109,63.09999847412109,63.09999847412109,0.0,,
2014-08-18 00:00:00+00:00,63.09999847412109,63.09999847412109,63.09999847412109,63.09999847412109,0.0,,
2014-08-19 00:00:00+00:00,63.09999847412109,63.09999847412109,63.09999847412109,63.09999847412109,0.0,,
2014-08-21 00:00:00+00:00,63.09999847412109,63.09999847412109,63.09999847412109,63.09999847412109,0.0,,
2014-08-22 00:00:00+00:00,63.09999847412109,63.09999847412109,63.09999847412109,63.09999847412109,0.0,,
2014-08-26 00:00:00+00:00,63.09999847412109,63.09999847412109,63.09999847412109,63.09999847412109,0.0,,
2014-08-27 00:00:00+00:00,63.09999847412109,63.09999847412109,63.09999847412109,63.09999847412109,0.0,,
2014-08-29 00:00:00+00:00,63.09999847412109,63.09999847412109,63.09999847412109,63.09999847412109,0.0,,
2014-09-04 00:00:00+00:00,63.09999847412109,63.09999847412109,63.09999847412109,63.09999847412109,0.0,,
2014-09-05 00:00:00+00:00,63.09999847412109,63.09999847412109,63.09999847412109,63.09999847412109,0.0,,
2014-09-17 00:00:00+00:00,63.09999847412109,63.09999847412109,63.09999847412109,63.09999847412109,0.0,,
2014-09-19 00:00:00+00:00,63.09999847412109,63.09999847412109,63.09999847412109,63.09999847412109,0.0,,
2014-09-22 00:00:00+00:00,63.09999847412109,63.09999847412109,63.09999847412109,63.09999847412109,0.0,,
2014-10-03 00:00:00+00:00,63.09999847412109,63.09999847412109,63.09999847412109,63.09999847412109,0.0,,
2014-10-08 00:00:00+00:00,63.09999847412109,63.09999847412109,63.09999847412109,63.09999847412109,0.0,,
2014-10-15 00:00:00+00:00,63.09999847412109,63.09999847412109,63.09999847412109,63.09999847412109,0.0,,
2014-10-16 00:00:00+00:00,63.09999847412109,63.09999847412109,63.09999847412109,63.09999847412109,0.0,,
2014-10-17 00:00:00+00:00,63.09999847412109,63.09999847412109,63.09999847412109,63.09999847412109,0.0,,
2014-10-20 00:00:00+00:00,63.09999847412109,63.09999847412109,63.09999847412109,63.09999847412109,0.0,,
2014-10-21 00:00:00+00:00,63.09999847412109,63.09999847412109,63.09999847412109,63.09999847412109,0.0,,
2014-10-22 00:00:00+00:00,63.09999847412109,63.09999847412109,63.09999847412109,63.09999847412109,0.0,,
2014-10-23 00:00:00+00:00,63.09999847412109,63.09999847412109,63.09999847412109,63.09999847412109,0.0,,
2014-10-24 00:00:00+00:00,63.09999847412109,63.09999847412109,63.09999847412109,63.09999847412109,0.0,,
2014-10-27 00:00:00+00:00,63.09999847412109,63.09999847412109,63.09999847412109,63.09999847412109,0.0,,
2014-10-28 00:00:00+00:00,63.09999847412109,63.09999847412109,63.09999847412109,63.09999847412109,0.0,,
2014-10-31 00:00:00+00:00,63.09999847412109,63.09999847412109,63.09999847412109,63.09999847412109,0.0,,
2014-11-03 00:00:00+00:00,63.09999847412109,63.09999847412109,63.09999847412109,63.09999847412109,0.0,,
2014-11-05 00:00:00+00:00,63.09999847412109,63.09999847412109,63.09999847412109,63.09999847412109,0.0,,
2014-11-07 00:00:00+00:00,63.09999847412109,63.09999847412109,63.09999847412109,63.09999847412109,0.0,,
2014-11-10 00:00:00+00:00,63.09999847412109,63.09999847412109,63.09999847412109,63.09999847412109,0.0,,
2014-11-12 00:00:00+00:00,63.09999847412109,63.09999847412109,63.09999847412109,63.09999847412109,0.0,,
2014-11-13 00:00:00+00:00,63.09999847412109,63.09999847412109,63.09999847412109,63.09999847412109,0.0,,
2014-11-14 00:00:00+00:00,63.09999847412109,63.09999847412109,63.09999847412109,63.09999847412109,0.0,,
2014-11-21 00:00:00+00:00,63.09999847412109,63.09999847412109,63.09999847412109,63.09999847412109,0.0,,
2014-11-24 00:00:00+00:00,63.09999847412109,63.09999847412109,63.09999847412109,63.09999847412109,0.0,,
2014-11-25 00:00:00+00:00,63.09999847412109,63.09999847412109,63.09999847412109,63.09999847412109,0.0,,
2014-11-28 00:00:00+00:00,63.09999847412109,63.09999847412109,63.09999847412109,63.09999847412109,0.0,,
2014-12-01 00:00:00+00:00,63.09999847412109,63.09999847412109,63.09999847412109,63.09999847412109,0.0,,
2014-12-09 00:00:00+00:00,63.09999847412109,63.09999847412109,63.09999847412109,63.09999847412109,0.0,,
2014-12-10 00:00:00+00:00,63.09999847412109,63.09999847412109,63.09999847412109,63.09999847412109,0.0,,
2014-12-19 00:00:00+00:00,63.09999847412109,63.09999847412109,63.09999847412109,63.09999847412109,0.0,,
2015-01-05 00:00:00+00:00,63.09999847412109,63.09999847412109,63.09999847412109,63.09999847412109,0.0,,
2015-01-06 00:00:00+00:00,63.09999847412109,63.09999847412109,63.09999847412109,63.09999847412109,0.0,,
2015-01-28 00:00:00+00:00,63.09999847412109,63.09999847412109,63.09999847412109,63.09999847412109,0.0,,
2015-01-29 00:00:00+00:00,63.09999847412109,63.09999847412109,63.09999847412109,63.09999847412109,0.0,,
2015-01-30 00:00:00+00:00,63.09999847412109,63.09999847412109,63.09999847412109,63.09999847412109,0.0,,
2015-02-02 00:00:00+00:00,63.09999847412109,63.09999847412109,63.09999847412109,63.09999847412109,0.0,,
2015-02-03 00:00:00+00:00,63.09999847412109,63.09999847412109,63.09999847412109,63.09999847412109,0.0,,
2015-02-04 00:00:00+00:00,63.09999847412109,63.09999847412109,63.09999847412109,63.09999847412109,0.0,,
2015-02-05 00:00:00+00:00,63.09999847412109,63.09999847412109,63.09999847412109,63.09999847412109,0.0,,
2015-02-06 00:00:00+00:00,63.09999847412109,63.09999847412109,63.09999847412109,63.09999847412109,0.0,,
2015-02-09 00:00:00+00:00,63.09999847412109,63.09999847412109,63.09999847412109,63.09999847412109,0.0,,
2015-02-10 00:00:00+00:00,63.09999847412109,63.09999847412109,63.09999847412109,63.09999847412109,0.0,,
2015-02-13 00:00:00+00:00,63.09999847412109,63.09999847412109,63.09999847412109,63.09999847412109,0.0,,
2015-02-19 00:00:00+00:00,63.09999847412109,63.09999847412109,63.09999847412109,63.09999847412109,0.0,,
2015-02-20 00:00:00+00:00,63.09999847412109,63.09999847412109,63.09999847412109,63.09999847412109,0.0,,
2015-02-24 00:00:00+00:00,63.09999847412109,63.09999847412109,63.09999847412109,63.09999847412109,0.0,,
2015-02-25 00:00:00+00:00,63.09999847412109,63.09999847412109,63.09999847412109,63.09999847412109,0.0,,
2015-02-27 00:00:00+00:00,63.09999847412109,63.09999847412109,63.09999847412109,63.09999847412109,0.0,,
2015-03-02 00:00:00+00:00,63.09999847412109,63.09999847412109,63.09999847412109,63.09999847412109,0.0,,
2015-03-04 00:00:00+00:00,63.09999847412109,63.09999847412109,63.09999847412109,63.09999847412109,0.0,,
2015-03-05 00:00:00+00:00,63.09999847412109,63.09999847412109,63.09999847412109,63.09999847412109,0.0,,
2015-03-06 00:00:00+00:00,63.09999847412109,63.09999847412109,63.09999847412109,63.09999847412109,0.0,,
2015-03-09 00:00:00+00:00,63.09999847412109,63.09999847412109,63.09999847412109,63.09999847412109,0.0,,
2015-03-10 00:00:00+00:00,63.09999847412109,63.09999847412109,63.09999847412109,63.09999847412109,0.0,,
2015-03-11 00:00:00+00:00,63.09999847412109,63.09999847412109,63.09999847412109,63.09999847412109,0.0,,
2015-03-12 00:00:00+00:00,63.09999847412109,63.09999847412109,63.09999847412109,63.09999847412109,0.0,,
2015-03-19 00:00:00+00:00,63.09999847412109,63.09999847412109,63.09999847412109,63.09999847412109,0.0,,
2015-03-20 00:00:00+00:00,63.09999847412109,63.09999847412109,63.09999847412109,63.09999847412109,0.0,,
2015-03-23 00:00:00+00:00,63.09999847412109,63.09999847412109,63.09999847412109,63.09999847412109,0.0,,
2015-03-25 00:00:00+00:00,63.09999847412109,63.09999847412109,63.09999847412109,63.09999847412109,0.0,,
2015-03-27 00:00:00+00:00,63.09999847412109,63.09999847412109,63.09999847412109,63.09999847412109,0.0,,
2015-04-06 00:00:00+00:00,63.09999847412109,63.09999847412109,63.09999847412109,63.09999847412109,0.0,,
2015-04-07 00:00:00+00:00,63.09999847412109,63.09999847412109,63.09999847412109,63.09999847412109,0.0,,
2015-04-14 00:00:00+00:00,63.09999847412109,63.09999847412109,63.09999847412109,63.09999847412109,0.0,,
2015-04-27 00:00:00+00:00,63.09999847412109,63.09999847412109,63.09999847412109,63.09999847412109,0.0,,
2015-05-14 00:00:00+00:00,63.09999847412109,63.09999847412109,63.09999847412109,63.09999847412109,0.0,,
2015-05-15 00:00:00+00:00,63.09999847412109,63.09999847412109,63.09999847412109,63.09999847412109,0.0,,
2015-05-18 00:00:00+00:00,63.09999847412109,63.09999847412109,63.09999847412109,63.09999847412109,0.0,,
2015-05-19 00:00:00+00:00,63.09999847412109,63.09999847412109,63.09999847412109,63.09999847412109,0.0,,
2015-05-20 00:00:00+00:00,63.09999847412109,63.09999847412109,63.09999847412109,63.09999847412109,0.0,,
2015-05-21 00:00:00+00:00,63.09999847412109,63.09999847412109,63.09999847412109,63.09999847412109,0.0,,
2015-05-22 00:00:00+00:00,63.09999847412109,63.09999847412109,63.09999847412109,63.09999847412109,0.0,,
2015-05-26 00:00:00+00:00,63.09999847412109,63.09999847412109,63.09999847412109,63.09999847412109,0.0,,
2015-05-27 00:00:00+00:00,63.09999847412109,63.09999847412109,63.09999847412109,63.09999847412109,0.0,,
2015-05-29 00:00:00+00:00,63.09999847412109,63.09999847412109,63.09999847412109,63.09999847412109,0.0,,
2015-06-02 00:00:00+00:00,63.09999847412109,63.09999847412109,63.09999847412109,63.09999847412109,0.0,,
2015-06-04 00:00:00+00:00,63.09999847412109,63.09999847412109,63.09999847412109,63.09999847412109,0.0,,
2015-06-05 00:00:00+00:00,63.09999847412109,63.09999847412109,63.09999847412109,63.09999847412109,0.0,,
2015-06-10 00:00:00+00:00,63.09999847412109,63.09999847412109,63.09999847412109,63.09999847412109,0.0,,
2015-06-11 00:00:00+00:00,63.09999847412109,63.09999847412109,63.09999847412109,63.09999847412109,0.0,,
2015-06-15 00:00:00+00:00,63.09999847412109,63.09999847412109,63.09999847412109,63.09999847412109,0.0,,
2015-06-16 00:00:00+00:00,63.09999847412109,63.09999847412109,63.09999847412109,63.09999847412109,0.0,,
2015-06-17 00:00:00+00:00,63.09999847412109,63.09999847412109,63.09999847412109,63.09999847412109,0.0,,
2015-06-23 00:00:00+00:00,63.09999847412109,63.09999847412109,63.09999847412109,63.09999847412109,0.0,,
2015-06-29 00:00:00+00:00,63.09999847412109,63.09999847412109,63.09999847412109,63.09999847412109,0.0,,
2015-06-30 00:00:00+00:00,63.09999847412109,63.09999847412109,63.09999847412109,63.09999847412109,0.0,,
2015-07-01 00:00:00+00:00,63.09999847412109,63.09999847412109,63.09999847412109,63.09999847412109,0.0,,
2015-07-02 00:00:00+00:00,63.09999847412109,63.09999847412109,63.09999847412109,63.09999847412109,0.0,,
2015-07-06 00:00:00+00:00,63.09999847412109,63.09999847412109,63.09999847412109,63.09999847412109,0.0,,
2015-07-07 00:00:00+00:00,63.09999847412109,63.09999847412109,63.09999847412109,63.09999847412109,0.0,,
2015-07-09 00:00:00+00:00,63.09999847412109,63.09999847412109,63.09999847412109,63.09999847412109,0.0,,
2015-07-10 00:00:00+00:00,63.09999847412109,63.09999847412109,63.09999847412109,63.09999847412109,0.0,,
2015-07-14 00:00:00+00:00,63.09999847412109,63.09999847412109,63.09999847412109,63.09999847412109,0.0,,
2015-07-22 00:00:00+00:00,63.09999847412109,63.09999847412109,63.09999847412109,63.09999847412109,0.0,,
2015-08-25 00:00:00+00:00,63.09999847412109,63.09999847412109,63.09999847412109,63.09999847412109,0.0,,
2015-08-26 00:00:00+00:00,63.09999847412109,63.09999847412109,63.09999847412109,63.09999847412109,0.0,,
2015-08-27 00:00:00+00:00,63.09999847412109,63.09999847412109,63.09999847412109,63.09999847412109,0.0,,
2015-08-28 00:00:00+00:00,63.09999847412109,63.09999847412109,63.09999847412109,63.09999847412109,0.0,,
2015-08-31 00:00:00+00:00,63.09999847412109,63.09999847412109,63.09999847412109,63.09999847412109,0.0,,
2015-09-01 00:00:00+00:00,63.09999847412109,63.09999847412109,63.09999847412109,63.09999847412109,0.0,,
2015-09-02 00:00:00+00:00,63.09999847412109,63.09999847412109,63.09999847412109,63.09999847412109,0.0,,
2015-09-03 00:00:00+00:00,63.09999847412109,63.09999847412109,63.09999847412109,63.09999847412109,0.0,,
2015-09-04 00:00:00+00:00,63.09999847412109,63.09999847412109,63.09999847412109,63.09999847412109,0.0,,
2015-09-08 00:00:00+00:00,63.09999847412109,63.09999847412109,63.09999847412109,63.09999847412109,0.0,,
2015-09-09 00:00:00+00:00,63.09999847412109,63.09999847412109,63.09999847412109,63.09999847412109,0.0,,
2015-09-10 00:00:00+00:00,63.09999847412109,63.09999847412109,63.09999847412109,63.09999847412109,0.0,,
2015-09-11 00:00:00+00:00,63.09999847412109,63.09999847412109,63.09999847412109,63.09999847412109,0.0,,
2015-09-14 00:00:00+00:00,63.09999847412109,63.09999847412109,63.09999847412109,63.09999847412109,0.0,,
2015-09-15 00:00:00+00:00,63.09999847412109,63.09999847412109,63.09999847412109,63.09999847412109,0.0,,
2015-09-16 00:00:00+00:00,63.09999847412109,63.09999847412109,63.09999847412109,63.09999847412109,0.0,,
2015-09-17 00:00:00+00:00,63.09999847412109,63.09999847412109,63.09999847412109,63.09999847412109,0.0,,
2015-09-18 00:00:00+00:00,63.09999847412109,63.09999847412109,63.09999847412109,63.09999847412109,0.0,,
2015-09-22 00:00:00+00:00,63.09999847412109,63.09999847412109,63.09999847412109,63.09999847412109,0.0,,
2015-09-24 00:00:00+00:00,63.09999847412109,63.09999847412109,63.09999847412109,63.09999847412109,0.0,,
2015-09-28 00:00:00+00:00,63.09999847412109,63.09999847412109,63.09999847412109,63.09999847412109,0.0,,
2015-09-29 00:00:00+00:00,63.09999847412109,63.09999847412109,63.09999847412109,63.09999847412109,0.0,,
2015-09-30 00:00:00+00:00,63.09999847412109,63.09999847412109,63.09999847412109,63.09999847412109,0.0,,
2015-10-01 00:00:00+00:00,63.09999847412109,63.09999847412109,63.09999847412109,63.09999847412109,0.0,,
2015-10-02 00:00:00+00:00,63.09999847412109,63.09999847412109,63.09999847412109,63.09999847412109,0.0,,
2015-10-05 00:00:00+00:00,63.09999847412109,63.09999847412109,63.09999847412109,63.09999847412109,0.0,,
2016-08-03 00:00:00+00:00,74.45999908447266,74.45999908447266,74.45999908447266,74.45999908447266,0.0,,
2016-08-19 00:00:00+00:00,78.01000213623047,78.01000213623047,78.01000213623047,78.01000213623047,0.0,,
2016-08-22 00:00:00+00:00,77.68000030517578,77.68000030517578,77.68000030517578,77.68000030517578,0.0,,
2016-08-23 00:00:00+00:00,77.66000366210938,77.66000366210938,77.66000366210938,77.66000366210938,0.0,,
2016-08-24 00:00:00+00:00,77.56999969482422,77.56999969482422,77.56999969482422,77.56999969482422,0.0,,
2016-08-25 00:00:00+00:00,77.88999938964844,77.88999938964844,77.88999938964844,77.88999938964844,0.0,,
2016-08-26 00:00:00+00:00,77.5,77.5,77.5,77.5,0.0,,
2016-08-29 00:00:00+00:00,77.48999786376953,77.48999786376953,77.48999786376953,77.48999786376953,0.0,,
2016-08-30 00:00:00+00:00,78.13999938964844,78.13999938964844,78.13999938964844,78.13999938964844,0.0,,
2016-08-31 00:00:00+00:00,78.04000091552734,78.04000091552734,78.04000091552734,78.04000091552734,0.0,,
2016-09-01 00:00:00+00:00,78.37000274658203,78.37000274658203,78.37000274658203,78.37000274658203,0.0,,
2016-09-02 00:00:00+00:00,78.58999633789062,78.58999633789062,78.58999633789062,78.58999633789062,0.0,,
2016-09-06 00:00:00+00:00,79.81999969482422,79.81999969482422,79.81999969482422,79.81999969482422,0.0,,
2016-09-07 00:00:00+00:00,79.52999877929688,79.52999877929688,79.52999877929688,79.52999877929688,0.0,,
2016-09-08 00:00:00+00:00,79.62000274658203,79.62000274658203,79.62000274658203,79.62000274658203,0.0,,
2016-09-09 00:00:00+00:00,79.43000030517578,79.43000030517578,79.43000030517578,79.43000030517578,0.0,,
2016-09-12 00:00:00+00:00,77.58999633789062,77.58999633789062,77.58999633789062,77.58999633789062,0.0,,
2016-09-13 00:00:00+00:00,77.9000015258789,77.9000015258789,77.9000015258789,77.9000015258789,0.0,,
2016-09-14 00:00:00+00:00,77.11000061035156,77.11000061035156,77.11000061035156,77.11000061035156,0.0,,
2016-09-15 00:00:00+00:00,76.37000274658203,76.37000274658203,76.37000274658203,76.37000274658203,0.0,,
2016-09-16 00:00:00+00:00,77.05000305175781,77.05000305175781,77.05000305175781,77.05000305175781,0.0,,
2016-09-19 00:00:00+00:00,77.11000061035156,77.11000061035156,77.11000061035156,77.11000061035156,0.0,,
2016-09-20 00:00:00+00:00,77.30999755859375,77.30999755859375,77.30999755859375,77.30999755859375,0.0,,
2016-09-21 00:00:00+00:00,77.93000030517578,77.93000030517578,77.93000030517578,77.93000030517578,0.0,,
2016-09-22 00:00:00+00:00,77.95999908447266,77.95999908447266,77.95999908447266,77.95999908447266,0.0,,
2016-09-23 00:00:00+00:00,78.58999633789062,78.58999633789062,78.58999633789062,78.58999633789062,0.0,,
2016-09-26 00:00:00+00:00,78.05000305175781,78.05000305175781,78.05000305175781,78.05000305175781,0.0,,
2016-09-27 00:00:00+00:00,78.19999694824219,78.19999694824219,78.19999694824219,78.19999694824219,0.0,,
2016-09-28 00:00:00+00:00,77.79000091552734,77.79000091552734,77.79000091552734,77.79000091552734,0.0,,
2016-09-29 00:00:00+00:00,78.80999755859375,78.80999755859375,78.80999755859375,78.80999755859375,0.0,,
2016-09-30 00:00:00+00:00,77.4000015258789,77.4000015258789,77.4000015258789,77.4000015258789,0.0,,
2016-10-03 00:00:00+00:00,78.94999694824219,78.94999694824219,78.94999694824219,78.94999694824219,0.0,,
2016-10-04 00:00:00+00:00,78.77999877929688,78.77999877929688,78.77999877929688,78.77999877929688,0.0,,
2016-10-05 00:00:00+00:00,78.48999786376953,78.48999786376953,78.48999786376953,78.48999786376953,0.0,,
2016-10-06 00:00:00+00:00,78.81999969482422,78.81999969482422,78.81999969482422,78.81999969482422,0.0,,
2016-10-07 00:00:00+00:00,78.44999694824219,78.44999694824219,78.44999694824219,78.44999694824219,0.0,,
2016-10-10 00:00:00+00:00,77.51000213623047,77.51000213623047,77.51000213623047,77.51000213623047,0.0,,
2016-10-11 00:00:00+00:00,78.22000122070312,78.22000122070312,78.22000122070312,78.22000122070312,0.0,,
2016-10-12 00:00:00+00:00,77.76000213623047,77.76000213623047,77.76000213623047,77.76000213623047,0.0,,
2016-10-13 00:00:00+00:00,76.88999938964844,76.88999938964844,76.88999938964844,76.88999938964844,0.0,,
2016-10-14 00:00:00+00:00,78.12000274658203,78.12000274658203,78.12000274658203,78.12000274658203,0.0,,
2016-10-17 00:00:00+00:00,77.7699966430664,77.7699966430664,77.7699966430664,77.7699966430664,0.0,,
2016-10-18 00:00:00+00:00,78.61000061035156,78.61000061035156,78.61000061035156,78.61000061035156,0.0,,
2016-10-19 00:00:00+00:00,78.7300033569336,78.7300033569336,78.7300033569336,78.7300033569336,0.0,,
2016-10-20 00:00:00+00:00,79.06999969482422,79.06999969482422,79.06999969482422,79.06999969482422,0.0,,
2016-10-21 00:00:00+00:00,79.08000183105469,79.08000183105469,79.08000183105469,79.08000183105469,0.0,,
2016-10-24 00:00:00+00:00,79.47000122070312,79.47000122070312,79.47000122070312,79.47000122070312,0.0,,
2016-10-25 00:00:00+00:00,79.4000015258789,79.4000015258789,79.4000015258789,79.4000015258789,0.0,,
2016-10-26 00:00:00+00:00,79.22000122070312,79.22000122070312,79.22000122070312,79.22000122070312,0.0,,
2016-10-27 00:00:00+00:00,78.66999816894531,78.66999816894531,78.66999816894531,78.66999816894531,0.0,,
2016-10-28 00:00:00+00:00,78.11000061035156,78.11000061035156,78.11000061035156,78.11000061035156,0.0,,
2016-10-31 00:00:00+00:00,78.05000305175781,78.05000305175781,78.05000305175781,78.05000305175781,0.0,,
2016-11-01 00:00:00+00:00,77.55999755859375,77.55999755859375,77.55999755859375,77.55999755859375,0.0,,
2016-11-02 00:00:00+00:00,76.58000183105469,76.58000183105469,76.58000183105469,76.58000183105469,0.0,,
2016-11-03 00:00:00+00:00,76.12000274658203,76.12000274658203,76.12000274658203,76.12000274658203,0.0,,
2016-11-04 00:00:00+00:00,74.86000061035156,74.86000061035156,74.86000061035156,74.86000061035156,0.0,,
2016-11-07 00:00:00+00:00,75.47000122070312,75.47000122070312,75.47000122070312,75.47000122070312,0.0,,
2016-11-08 00:00:00+00:00,75.30999755859375,75.30999755859375,75.30999755859375,75.30999755859375,0.0,,
2016-11-09 00:00:00+00:00,74.69999694824219,74.69999694824219,74.69999694824219,74.69999694824219,0.0,,
2016-11-10 00:00:00+00:00,76.19999694824219,76.19999694824219,76.19999694824219,76.19999694824219,0.0,,
2016-11-11 00:00:00+00:00,75.18000030517578,75.18000030517578,75.18000030517578,75.18000030517578,0.0,,
2016-11-14 00:00:00+00:00,75.31999969482422,75.31999969482422,75.31999969482422,75.31999969482422,0.0,,
2016-11-15 00:00:00+00:00,75.37999725341797,75.37999725341797,75.37999725341797,75.37999725341797,0.0,,
2016-11-16 00:00:00+00:00,75.80000305175781,75.80000305175781,75.80000305175781,75.80000305175781,0.0,,
2016-11-17 00:00:00+00:00,75.36000061035156,75.36000061035156,75.36000061035156,75.36000061035156,0.0,,
2016-11-18 00:00:00+00:00,76.16999816894531,76.16999816894531,76.16999816894531,76.16999816894531,0.0,,
2016-11-21 00:00:00+00:00,75.95999908447266,75.95999908447266,75.95999908447266,75.95999908447266,0.0,,
2016-11-22 00:00:00+00:00,76.16000366210938,76.16000366210938,76.16000366210938,76.16000366210938,0.0,,
2016-11-23 00:00:00+00:00,76.4800033569336,76.4800033569336,76.4800033569336,76.4800033569336,0.0,,
2016-11-25 00:00:00+00:00,76.7699966430664,76.7699966430664,76.7699966430664,76.7699966430664,0.0,,
2016-11-28 00:00:00+00:00,76.16999816894531,76.16999816894531,76.16999816894531,76.16999816894531,0.0,,
2016-11-29 00:00:00+00:00,76.12999725341797,76.12999725341797,76.12999725341797,76.12999725341797,0.0,,
2016-11-30 00:00:00+00:00,77.16000366210938,77.16000366210938,77.16000366210938,77.16000366210938,0.0,,
2016-12-01 00:00:00+00:00,77.41000366210938,77.41000366210938,77.41000366210938,77.41000366210938,0.0,,
2016-12-02 00:00:00+00:00,76.08000183105469,76.08000183105469,76.08000183105469,76.08000183105469,0.0,,
2016-12-05 00:00:00+00:00,76.02999877929688,76.02999877929688,76.02999877929688,76.02999877929688,0.0,,
2016-12-06 00:00:00+00:00,75.58000183105469,75.58000183105469,75.58000183105469,75.58000183105469,0.0,,
2016-12-07 00:00:00+00:00,76.9800033569336,76.9800033569336,76.9800033569336,76.9800033569336,0.0,,
2016-12-08 00:00:00+00:00,77.76000213623047,77.76000213623047,77.76000213623047,77.76000213623047,0.0,,
2016-12-09 00:00:00+00:00,78.47000122070312,78.47000122070312,78.47000122070312,78.47000122070312,0.0,,
2016-12-12 00:00:00+00:00,79.4000015258789,79.4000015258789,79.4000015258789,79.4000015258789,0.0,,
2016-12-13 00:00:00+00:00,79.22000122070312,79.22000122070312,79.22000122070312,79.22000122070312,0.0,,
2016-12-14 00:00:00+00:00,79.68000030517578,79.68000030517578,79.68000030517578,79.68000030517578,0.0,,
2016-12-15 00:00:00+00:00,79.2699966430664,79.2699966430664,79.2699966430664,79.2699966430664,0.0,,
2016-12-16 00:00:00+00:00,79.48999786376953,79.48999786376953,79.48999786376953,79.48999786376953,0.0,,
2016-12-19 00:00:00+00:00,79.27999877929688,79.27999877929688,79.27999877929688,79.27999877929688,0.0,,
2016-12-20 00:00:00+00:00,79.5199966430664,79.5199966430664,79.5199966430664,79.5199966430664,0.0,,
2016-12-21 00:00:00+00:00,79.43000030517578,79.43000030517578,79.43000030517578,79.43000030517578,0.0,,
2016-12-22 00:00:00+00:00,79.4000015258789,79.4000015258789,79.4000015258789,79.4000015258789,0.0,,
2016-12-23 00:00:00+00:00,79.47000122070312,79.47000122070312,79.47000122070312,79.47000122070312,0.0,,
2016-12-27 00:00:00+00:00,79.69999694824219,79.69999694824219,79.69999694824219,79.69999694824219,0.0,,
2016-12-28 00:00:00+00:00,79.66000366210938,79.66000366210938,79.66000366210938,79.66000366210938,0.0,,
2016-12-29 00:00:00+00:00,79.31999969482422,79.31999969482422,79.31999969482422,79.31999969482422,0.0,,
2016-12-30 00:00:00+00:00,79.44000244140625,79.44000244140625,79.44000244140625,79.44000244140625,0.0,,
2017-01-03 00:00:00+00:00,80.08999633789062,80.08999633789062,80.08999633789062,80.08999633789062,0.0,,
2017-01-04 00:00:00+00:00,80.05999755859375,80.05999755859375,80.05999755859375,80.05999755859375,0.0,,
2017-01-05 00:00:00+00:00,79.4800033569336,79.4800033569336,79.4800033569336,79.4800033569336,0.0,,
2017-01-06 00:00:00+00:00,79.23999786376953,79.23999786376953,79.23999786376953,79.23999786376953,0.0,,
2017-01-09 00:00:00+00:00,79.0999984741211,79.0999984741211,79.0999984741211,79.0999984741211,0.0,,
2017-01-10 00:00:00+00:00,78.68000030517578,78.68000030517578,78.68000030517578,78.68000030517578,0.0,,
2017-01-11 00:00:00+00:00,78.47000122070312,78.47000122070312,78.47000122070312,78.47000122070312,0.0,,
2017-01-23 00:00:00+00:00,78.45999908447266,78.45999908447266,78.45999908447266,78.45999908447266,0.0,,
2017-01-24 00:00:00+00:00,78.70999908447266,78.70999908447266,78.70999908447266,78.70999908447266,0.0,,
2017-01-25 00:00:00+00:00,79.77999877929688,79.77999877929688,79.77999877929688,79.77999877929688,0.0,,
2017-01-26 00:00:00+00:00,80.69999694824219,80.69999694824219,80.69999694824219,80.69999694824219,0.0,,
2017-01-27 00:00:00+00:00,80.7300033569336,80.7300033569336,80.7300033569336,80.7300033569336,0.0,,
2017-01-30 00:00:00+00:00,79.87000274658203,79.87000274658203,79.87000274658203,79.87000274658203,0.0,,
2017-01-31 00:00:00+00:00,79.72000122070312,79.72000122070312,79.72000122070312,79.72000122070312,0.0,,
2017-02-01 00:00:00+00:00,79.20999908447266,79.20999908447266,79.20999908447266,79.20999908447266,0.0,,
2017-02-02 00:00:00+00:00,79.08999633789062,79.08999633789062,79.08999633789062,79.08999633789062,0.0,,
2017-02-03 00:00:00+00:00,79.25,79.25,79.25,79.25,0.0,,
2017-02-06 00:00:00+00:00,79.91999816894531,79.91999816894531,79.91999816894531,79.91999816894531,0.0,,
2017-02-07 00:00:00+00:00,78.98999786376953,78.98999786376953,78.98999786376953,78.98999786376953,0.0,,
2017-02-08 00:00:00+00:00,79.55999755859375,79.55999755859375,79.55999755859375,79.55999755859375,0.0,,
2017-02-09 00:00:00+00:00,79.47000122070312,79.47000122070312,79.47000122070312,79.47000122070312,0.0,,
2017-02-10 00:00:00+00:00,79.94000244140625,79.94000244140625,79.94000244140625,79.94000244140625,0.0,,
2017-03-10 00:00:00+00:00,82.94000244140625,82.94000244140625,82.94000244140625,82.94000244140625,0.0,,
2017-03-13 00:00:00+00:00,83.12999725341797,83.12999725341797,83.12999725341797,83.12999725341797,0.0,,
2024-07-23 14:06:00+00:00,22.21999931335449,22.219600677490234,22.219600677490234,22.219600677490234,629.0,,
