date,KNO_Open,KNO_High,KNO_Low,KNO_Close,KNO_Volume,KNO_Dividends,KNO_Stock Splits
2007-12-28 00:00:00+00:00,0.0599999986588954,0.0599999986588954,0.0599999986588954,0.0599999986588954,1501.0,,
2008-01-03 00:00:00+00:00,0.050000000745058,0.050000000745058,0.050000000745058,0.050000000745058,50000.0,,
2008-01-04 00:00:00+00:00,0.0599999986588954,0.0599999986588954,0.050000000745058,0.050000000745058,52000.0,,
2008-01-09 00:00:00+00:00,0.050000000745058,0.050000000745058,0.050000000745058,0.050000000745058,1000.0,,
2008-01-10 00:00:00+00:00,0.0599999986588954,0.0599999986588954,0.0599999986588954,0.0599999986588954,22000.0,,
2008-01-11 00:00:00+00:00,0.050000000745058,0.050000000745058,0.050000000745058,0.050000000745058,9199.0,,
2008-01-14 00:00:00+00:00,0.050000000745058,0.050000000745058,0.050000000745058,0.050000000745058,6000.0,,
2008-01-15 00:00:00+00:00,0.0399999991059303,0.050000000745058,0.0399999991059303,0.050000000745058,22300.0,,
2008-01-16 00:00:00+00:00,0.050000000745058,0.050000000745058,0.050000000745058,0.050000000745058,10800.0,,
2008-01-17 00:00:00+00:00,0.050000000745058,0.050000000745058,0.050000000745058,0.050000000745058,6250.0,,
2008-01-18 00:00:00+00:00,0.050000000745058,0.050000000745058,0.050000000745058,0.050000000745058,3000.0,,
2008-01-22 00:00:00+00:00,0.0399999991059303,0.0399999991059303,0.0399999991059303,0.0399999991059303,62034.0,,
2008-01-23 00:00:00+00:00,0.0599999986588954,0.0599999986588954,0.050000000745058,0.0599999986588954,39086.0,,
2008-01-24 00:00:00+00:00,0.050000000745058,0.050000000745058,0.050000000745058,0.050000000745058,8002.0,,
2008-01-25 00:00:00+00:00,0.050000000745058,0.050000000745058,0.050000000745058,0.050000000745058,30200.0,,
2008-01-28 00:00:00+00:00,0.050000000745058,0.050000000745058,0.050000000745058,0.050000000745058,5000.0,,
2008-02-01 00:00:00+00:00,0.050000000745058,0.050000000745058,0.050000000745058,0.050000000745058,4000.0,,
2008-02-04 00:00:00+00:00,0.050000000745058,0.050000000745058,0.050000000745058,0.050000000745058,10450.0,,
2008-02-05 00:00:00+00:00,0.050000000745058,0.050000000745058,0.050000000745058,0.050000000745058,2200.0,,
2008-02-08 00:00:00+00:00,0.050000000745058,0.050000000745058,0.050000000745058,0.050000000745058,2000.0,,
2008-02-14 00:00:00+00:00,0.050000000745058,0.050000000745058,0.050000000745058,0.050000000745058,2145.0,,
2008-02-15 00:00:00+00:00,0.050000000745058,0.050000000745058,0.050000000745058,0.050000000745058,20000.0,,
2008-02-22 00:00:00+00:00,0.0399999991059303,0.0399999991059303,0.0399999991059303,0.0399999991059303,8499.0,,
2008-02-26 00:00:00+00:00,0.0399999991059303,0.0399999991059303,0.0399999991059303,0.0399999991059303,20000.0,,
2008-02-27 00:00:00+00:00,0.050000000745058,0.050000000745058,0.050000000745058,0.050000000745058,6000.0,,
2008-03-04 00:00:00+00:00,0.050000000745058,0.050000000745058,0.050000000745058,0.050000000745058,298.0,,
2008-03-05 00:00:00+00:00,0.0399999991059303,0.0399999991059303,0.0399999991059303,0.0399999991059303,1000.0,,
2008-03-06 00:00:00+00:00,0.0399999991059303,0.0399999991059303,0.0399999991059303,0.0399999991059303,17000.0,,
2008-03-07 00:00:00+00:00,0.0399999991059303,0.0399999991059303,0.0399999991059303,0.0399999991059303,7623.0,,
2008-03-11 00:00:00+00:00,0.050000000745058,0.050000000745058,0.050000000745058,0.050000000745058,4000.0,,
2008-03-14 00:00:00+00:00,0.0399999991059303,0.0399999991059303,0.0399999991059303,0.0399999991059303,7000.0,,
2008-03-17 00:00:00+00:00,0.0399999991059303,0.0399999991059303,0.0399999991059303,0.0399999991059303,7400.0,,
2008-03-18 00:00:00+00:00,0.0399999991059303,0.0399999991059303,0.0399999991059303,0.0399999991059303,2000.0,,
2008-03-19 00:00:00+00:00,0.0399999991059303,0.0399999991059303,0.0399999991059303,0.0399999991059303,36600.0,,
2008-03-28 00:00:00+00:00,0.0399999991059303,0.0399999991059303,0.0399999991059303,0.0399999991059303,17000.0,,
2008-03-31 00:00:00+00:00,0.050000000745058,0.050000000745058,0.050000000745058,0.050000000745058,10000.0,,
2008-04-03 00:00:00+00:00,0.0399999991059303,0.0399999991059303,0.0399999991059303,0.0399999991059303,30000.0,,
2008-04-08 00:00:00+00:00,0.0399999991059303,0.0399999991059303,0.0399999991059303,0.0399999991059303,5000.0,,
2008-04-09 00:00:00+00:00,0.0399999991059303,0.0399999991059303,0.0399999991059303,0.0399999991059303,3850.0,,
2008-04-10 00:00:00+00:00,0.0299999993294477,0.0399999991059303,0.0299999993294477,0.0399999991059303,12000.0,,
2008-04-11 00:00:00+00:00,0.0399999991059303,0.0399999991059303,0.0399999991059303,0.0399999991059303,14050.0,,
2008-04-15 00:00:00+00:00,0.0399999991059303,0.0399999991059303,0.0399999991059303,0.0399999991059303,23500.0,,
2008-05-02 00:00:00+00:00,0.0399999991059303,0.0399999991059303,0.0399999991059303,0.0399999991059303,28000.0,,
2008-05-05 00:00:00+00:00,0.0399999991059303,0.0399999991059303,0.0399999991059303,0.0399999991059303,5000.0,,
2008-05-06 00:00:00+00:00,0.0399999991059303,0.0399999991059303,0.0399999991059303,0.0399999991059303,10000.0,,
2008-05-07 00:00:00+00:00,0.0399999991059303,0.0399999991059303,0.0399999991059303,0.0399999991059303,10000.0,,
2008-05-09 00:00:00+00:00,0.0399999991059303,0.0399999991059303,0.0399999991059303,0.0399999991059303,3000.0,,
2008-05-12 00:00:00+00:00,0.0399999991059303,0.0399999991059303,0.0399999991059303,0.0399999991059303,17500.0,,
2008-05-14 00:00:00+00:00,0.0299999993294477,0.0299999993294477,0.0299999993294477,0.0299999993294477,5000.0,,
2008-05-15 00:00:00+00:00,0.0399999991059303,0.0399999991059303,0.0399999991059303,0.0399999991059303,29599.0,,
2008-05-20 00:00:00+00:00,0.0399999991059303,0.0399999991059303,0.0399999991059303,0.0399999991059303,7000.0,,
2008-05-27 00:00:00+00:00,0.0399999991059303,0.0399999991059303,0.0399999991059303,0.0399999991059303,45251.0,,
2008-05-28 00:00:00+00:00,0.0399999991059303,0.0399999991059303,0.0399999991059303,0.0399999991059303,7750.0,,
2008-06-02 00:00:00+00:00,0.0399999991059303,0.0399999991059303,0.0399999991059303,0.0399999991059303,20000.0,,
2008-06-03 00:00:00+00:00,0.0399999991059303,0.0399999991059303,0.0399999991059303,0.0399999991059303,6000.0,,
2008-06-04 00:00:00+00:00,0.0399999991059303,0.0399999991059303,0.0399999991059303,0.0399999991059303,5000.0,,
2008-06-11 00:00:00+00:00,0.0299999993294477,0.0299999993294477,0.0299999993294477,0.0299999993294477,21625.0,,
2008-06-13 00:00:00+00:00,0.0299999993294477,0.0299999993294477,0.0299999993294477,0.0299999993294477,10000.0,,
2008-06-18 00:00:00+00:00,0.0399999991059303,0.0399999991059303,0.0399999991059303,0.0399999991059303,6000.0,,
2008-06-19 00:00:00+00:00,0.0399999991059303,0.0399999991059303,0.0399999991059303,0.0399999991059303,50.0,,
2008-06-20 00:00:00+00:00,0.0399999991059303,0.0399999991059303,0.0299999993294477,0.0399999991059303,45055.0,,
2008-06-23 00:00:00+00:00,0.0299999993294477,0.0299999993294477,0.0299999993294477,0.0299999993294477,50805.0,,
2008-06-25 00:00:00+00:00,0.0399999991059303,0.0399999991059303,0.0399999991059303,0.0399999991059303,5000.0,,
2008-07-01 00:00:00+00:00,0.0299999993294477,0.0399999991059303,0.0299999993294477,0.0399999991059303,16330.0,,
2008-07-02 00:00:00+00:00,0.0299999993294477,0.0299999993294477,0.0299999993294477,0.0299999993294477,79000.0,,
2008-07-03 00:00:00+00:00,0.0299999993294477,0.0399999991059303,0.0299999993294477,0.0399999991059303,27500.0,,
2008-07-15 00:00:00+00:00,0.0399999991059303,0.0399999991059303,0.0399999991059303,0.0399999991059303,4000.0,,
2008-07-16 00:00:00+00:00,0.0299999993294477,0.0299999993294477,0.0299999993294477,0.0299999993294477,2.0,,
2008-07-17 00:00:00+00:00,0.0399999991059303,0.0399999991059303,0.0399999991059303,0.0399999991059303,5000.0,,
2008-07-18 00:00:00+00:00,0.0399999991059303,0.0399999991059303,0.0399999991059303,0.0399999991059303,3000.0,,
2008-07-21 00:00:00+00:00,0.0299999993294477,0.0299999993294477,0.0299999993294477,0.0299999993294477,20000.0,,
2008-07-22 00:00:00+00:00,0.0399999991059303,0.0399999991059303,0.0399999991059303,0.0399999991059303,5000.0,,
2008-07-23 00:00:00+00:00,0.0399999991059303,0.0399999991059303,0.0399999991059303,0.0399999991059303,94000.0,,
2008-07-25 00:00:00+00:00,0.0299999993294477,0.0399999991059303,0.0299999993294477,0.0399999991059303,8285.0,,
2008-08-19 00:00:00+00:00,0.0399999991059303,0.0399999991059303,0.0299999993294477,0.0299999993294477,49000.0,,
2008-08-22 00:00:00+00:00,0.0299999993294477,0.0399999991059303,0.0299999993294477,0.0399999991059303,45698.0,,
2008-08-27 00:00:00+00:00,0.0299999993294477,0.0299999993294477,0.0299999993294477,0.0299999993294477,6500.0,,
2008-09-08 00:00:00+00:00,0.0399999991059303,0.0399999991059303,0.0399999991059303,0.0399999991059303,10000.0,,
2008-09-09 00:00:00+00:00,0.0399999991059303,0.0399999991059303,0.0399999991059303,0.0399999991059303,8000.0,,
2008-09-10 00:00:00+00:00,0.0399999991059303,0.0399999991059303,0.0399999991059303,0.0399999991059303,300000.0,,
2008-09-11 00:00:00+00:00,0.0399999991059303,0.0399999991059303,0.0399999991059303,0.0399999991059303,5000.0,,
2008-09-12 00:00:00+00:00,0.0399999991059303,0.0399999991059303,0.0399999991059303,0.0399999991059303,5000.0,,
2008-09-19 00:00:00+00:00,0.0299999993294477,0.0299999993294477,0.0299999993294477,0.0299999993294477,60000.0,,
2008-09-22 00:00:00+00:00,0.0299999993294477,0.0299999993294477,0.0299999993294477,0.0299999993294477,103100.0,,
2008-09-23 00:00:00+00:00,0.0299999993294477,0.0299999993294477,0.0299999993294477,0.0299999993294477,84980.0,,
2008-09-24 00:00:00+00:00,0.0299999993294477,0.0299999993294477,0.0299999993294477,0.0299999993294477,26000.0,,
2008-09-29 00:00:00+00:00,0.0299999993294477,0.0299999993294477,0.0299999993294477,0.0299999993294477,81335.0,,
2008-09-30 00:00:00+00:00,0.0299999993294477,0.0299999993294477,0.0299999993294477,0.0299999993294477,25000.0,,
2008-10-02 00:00:00+00:00,0.0299999993294477,0.0299999993294477,0.0299999993294477,0.0299999993294477,10500.0,,
2008-10-07 00:00:00+00:00,0.0299999993294477,0.0299999993294477,0.0299999993294477,0.0299999993294477,30000.0,,
2008-10-08 00:00:00+00:00,0.0299999993294477,0.0299999993294477,0.0299999993294477,0.0299999993294477,5000.0,,
2008-10-13 00:00:00+00:00,0.0399999991059303,0.0399999991059303,0.0399999991059303,0.0399999991059303,5000.0,,
2008-10-14 00:00:00+00:00,0.0399999991059303,0.0399999991059303,0.0299999993294477,0.0299999993294477,17450.0,,
2008-10-15 00:00:00+00:00,0.0299999993294477,0.0299999993294477,0.0299999993294477,0.0299999993294477,26267.0,,
2008-10-22 00:00:00+00:00,0.0199999995529651,0.0199999995529651,0.0199999995529651,0.0199999995529651,15003.0,,
2008-10-29 00:00:00+00:00,0.0299999993294477,0.0299999993294477,0.0299999993294477,0.0299999993294477,5000.0,,
2008-10-30 00:00:00+00:00,0.0299999993294477,0.0299999993294477,0.0299999993294477,0.0299999993294477,71685.0,,
2008-11-13 00:00:00+00:00,0.0199999995529651,0.0199999995529651,0.0199999995529651,0.0199999995529651,3500.0,,
2008-12-05 00:00:00+00:00,0.0199999995529651,0.0199999995529651,0.0199999995529651,0.0199999995529651,10000.0,,
2008-12-09 00:00:00+00:00,0.0299999993294477,0.0299999993294477,0.0299999993294477,0.0299999993294477,2000.0,,
2008-12-10 00:00:00+00:00,0.0199999995529651,0.0199999995529651,0.0199999995529651,0.0199999995529651,50000.0,,
2008-12-11 00:00:00+00:00,0.0299999993294477,0.0299999993294477,0.0299999993294477,0.0299999993294477,3000.0,,
2008-12-12 00:00:00+00:00,0.0299999993294477,0.0299999993294477,0.0199999995529651,0.0199999995529651,9000.0,,
2008-12-22 00:00:00+00:00,0.0199999995529651,0.0199999995529651,0.0199999995529651,0.0199999995529651,19500.0,,
2008-12-30 00:00:00+00:00,0.0199999995529651,0.0199999995529651,0.0199999995529651,0.0199999995529651,8000.0,,
2008-12-31 00:00:00+00:00,0.0199999995529651,0.0199999995529651,0.0199999995529651,0.0199999995529651,2000.0,,
2009-01-12 00:00:00+00:00,0.0199999995529651,0.0199999995529651,0.0199999995529651,0.0199999995529651,20000.0,,
2009-01-13 00:00:00+00:00,0.0199999995529651,0.0199999995529651,0.0199999995529651,0.0199999995529651,10000.0,,
2009-01-14 00:00:00+00:00,0.0199999995529651,0.0199999995529651,0.0199999995529651,0.0199999995529651,21500.0,,
2009-01-16 00:00:00+00:00,0.0199999995529651,0.0199999995529651,0.0199999995529651,0.0199999995529651,40000.0,,
2009-01-21 00:00:00+00:00,0.0199999995529651,0.0199999995529651,0.0199999995529651,0.0199999995529651,30000.0,,
2009-01-22 00:00:00+00:00,0.0199999995529651,0.0199999995529651,0.0199999995529651,0.0199999995529651,10000.0,,
2009-01-26 00:00:00+00:00,0.0199999995529651,0.0199999995529651,0.0199999995529651,0.0199999995529651,20000.0,,
2009-01-27 00:00:00+00:00,0.0199999995529651,0.0199999995529651,0.0199999995529651,0.0199999995529651,7500.0,,
2009-01-28 00:00:00+00:00,0.0199999995529651,0.0199999995529651,0.0199999995529651,0.0199999995529651,20075.0,,
2009-01-29 00:00:00+00:00,0.0199999995529651,0.0199999995529651,0.0199999995529651,0.0199999995529651,40000.0,,
2009-02-02 00:00:00+00:00,0.0199999995529651,0.0199999995529651,0.0199999995529651,0.0199999995529651,10404.0,,
2009-02-05 00:00:00+00:00,0.0299999993294477,0.0299999993294477,0.0299999993294477,0.0299999993294477,113.0,,
2009-02-20 00:00:00+00:00,0.0199999995529651,0.0199999995529651,0.0199999995529651,0.0199999995529651,7000.0,,
2009-02-26 00:00:00+00:00,0.0299999993294477,0.0299999993294477,0.0299999993294477,0.0299999993294477,6666.0,,
2009-03-05 00:00:00+00:00,0.0199999995529651,0.0199999995529651,0.0199999995529651,0.0199999995529651,18000.0,,
2009-03-13 00:00:00+00:00,0.0199999995529651,0.0199999995529651,0.0199999995529651,0.0199999995529651,42211.0,,
2009-03-16 00:00:00+00:00,0.0199999995529651,0.0199999995529651,0.0199999995529651,0.0199999995529651,20000.0,,
2009-03-17 00:00:00+00:00,0.0199999995529651,0.0299999993294477,0.0199999995529651,0.0299999993294477,31000.0,,
2009-04-02 00:00:00+00:00,0.0199999995529651,0.0199999995529651,0.0199999995529651,0.0199999995529651,40000.0,,
2009-04-09 00:00:00+00:00,0.0199999995529651,0.0299999993294477,0.0199999995529651,0.0299999993294477,33000.0,,
2009-04-29 00:00:00+00:00,0.0199999995529651,0.0199999995529651,0.0199999995529651,0.0199999995529651,6999.0,,
2009-05-11 00:00:00+00:00,0.0199999995529651,0.0199999995529651,0.0199999995529651,0.0199999995529651,1.0,,
2009-05-12 00:00:00+00:00,0.0199999995529651,0.0199999995529651,0.0199999995529651,0.0199999995529651,21998.0,,
2009-05-15 00:00:00+00:00,0.0199999995529651,0.0199999995529651,0.0199999995529651,0.0199999995529651,1084.0,,
2009-05-18 00:00:00+00:00,0.0199999995529651,0.0199999995529651,0.0199999995529651,0.0199999995529651,838.0,,
2009-05-19 00:00:00+00:00,0.0199999995529651,0.0199999995529651,0.0199999995529651,0.0199999995529651,10078.0,,
2009-05-20 00:00:00+00:00,0.0199999995529651,0.0199999995529651,0.0199999995529651,0.0199999995529651,8000.0,,
2009-05-22 00:00:00+00:00,0.0199999995529651,0.0199999995529651,0.0199999995529651,0.0199999995529651,9999.0,,
2009-05-28 00:00:00+00:00,0.0199999995529651,0.0199999995529651,0.0199999995529651,0.0199999995529651,1575.0,,
2009-06-02 00:00:00+00:00,0.0199999995529651,0.0199999995529651,0.0199999995529651,0.0199999995529651,10400.0,,
2009-06-03 00:00:00+00:00,0.0199999995529651,0.0199999995529651,0.0199999995529651,0.0199999995529651,10000.0,,
2009-06-05 00:00:00+00:00,0.0199999995529651,0.0199999995529651,0.0199999995529651,0.0199999995529651,4900.0,,
2009-06-09 00:00:00+00:00,0.0199999995529651,0.0199999995529651,0.0199999995529651,0.0199999995529651,15603.0,,
2009-06-10 00:00:00+00:00,0.0199999995529651,0.0199999995529651,0.0199999995529651,0.0199999995529651,4000.0,,
2009-06-23 00:00:00+00:00,0.0199999995529651,0.0199999995529651,0.0199999995529651,0.0199999995529651,2544.0,,
2009-07-01 00:00:00+00:00,0.0199999995529651,0.0199999995529651,0.0199999995529651,0.0199999995529651,4000.0,,
2009-07-02 00:00:00+00:00,0.0199999995529651,0.0199999995529651,0.0199999995529651,0.0199999995529651,40000.0,,
2009-07-06 00:00:00+00:00,0.0199999995529651,0.0199999995529651,0.0099999997764825,0.0099999997764825,6000.0,,
2009-07-08 00:00:00+00:00,0.0199999995529651,0.0199999995529651,0.0199999995529651,0.0199999995529651,8893.0,,
2009-07-09 00:00:00+00:00,0.0199999995529651,0.0199999995529651,0.0199999995529651,0.0199999995529651,528.0,,
2009-08-11 00:00:00+00:00,0.0199999995529651,0.0199999995529651,0.0199999995529651,0.0199999995529651,5472.0,,
2009-08-20 00:00:00+00:00,0.0199999995529651,0.0199999995529651,0.0199999995529651,0.0199999995529651,5700.0,,
2009-09-04 00:00:00+00:00,0.0299999993294477,0.0299999993294477,0.0299999993294477,0.0299999993294477,500.0,,
2009-09-09 00:00:00+00:00,0.0199999995529651,0.0199999995529651,0.0199999995529651,0.0199999995529651,150000.0,,
2009-09-16 00:00:00+00:00,0.0199999995529651,0.0199999995529651,0.0199999995529651,0.0199999995529651,132250.0,,
2009-09-25 00:00:00+00:00,0.0199999995529651,0.0199999995529651,0.0199999995529651,0.0199999995529651,100000.0,,
2009-09-30 00:00:00+00:00,0.0099999997764825,0.0099999997764825,0.0099999997764825,0.0099999997764825,2000.0,,
2009-10-06 00:00:00+00:00,0.0199999995529651,0.0199999995529651,0.0199999995529651,0.0199999995529651,26201.0,,
2009-10-09 00:00:00+00:00,0.0199999995529651,0.0199999995529651,0.0199999995529651,0.0199999995529651,12500.0,,
2009-10-13 00:00:00+00:00,0.0199999995529651,0.0199999995529651,0.0199999995529651,0.0199999995529651,101500.0,,
2009-10-19 00:00:00+00:00,0.0199999995529651,0.0199999995529651,0.0199999995529651,0.0199999995529651,19960.0,,
2009-10-20 00:00:00+00:00,0.0199999995529651,0.0199999995529651,0.0199999995529651,0.0199999995529651,50000.0,,
2009-10-21 00:00:00+00:00,0.0199999995529651,0.0199999995529651,0.0199999995529651,0.0199999995529651,50000.0,,
2009-10-26 00:00:00+00:00,0.0199999995529651,0.0199999995529651,0.0199999995529651,0.0199999995529651,20000.0,,
2009-10-27 00:00:00+00:00,0.0099999997764825,0.0299999993294477,0.0099999997764825,0.0299999993294477,20000.0,,
2009-11-02 00:00:00+00:00,0.0199999995529651,0.0199999995529651,0.0199999995529651,0.0199999995529651,2000.0,,
2009-11-06 00:00:00+00:00,0.0299999993294477,0.0299999993294477,0.0299999993294477,0.0299999993294477,5000.0,,
2009-11-20 00:00:00+00:00,0.0099999997764825,0.0099999997764825,0.0099999997764825,0.0099999997764825,8000.0,,
2009-12-01 00:00:00+00:00,0.0199999995529651,0.0199999995529651,0.0199999995529651,0.0199999995529651,14995.0,,
2009-12-18 00:00:00+00:00,0.0099999997764825,0.0099999997764825,0.0099999997764825,0.0099999997764825,10000.0,,
2009-12-22 00:00:00+00:00,0.0199999995529651,0.0199999995529651,0.0099999997764825,0.0099999997764825,7000.0,,
2009-12-28 00:00:00+00:00,0.0199999995529651,0.0199999995529651,0.0199999995529651,0.0199999995529651,3500.0,,
2009-12-29 00:00:00+00:00,0.0199999995529651,0.0199999995529651,0.0199999995529651,0.0199999995529651,9493.0,,
2009-12-31 00:00:00+00:00,0.0299999993294477,0.0299999993294477,0.0299999993294477,0.0299999993294477,2000.0,,
2010-01-07 00:00:00+00:00,0.0199999995529651,0.0199999995529651,0.0199999995529651,0.0199999995529651,4750.0,,
2010-01-08 00:00:00+00:00,0.0299999993294477,0.0299999993294477,0.0299999993294477,0.0299999993294477,650.0,,
2010-01-21 00:00:00+00:00,0.0199999995529651,0.0199999995529651,0.0199999995529651,0.0199999995529651,2250.0,,
2010-01-22 00:00:00+00:00,0.0199999995529651,0.0199999995529651,0.0199999995529651,0.0199999995529651,5000.0,,
2010-01-25 00:00:00+00:00,0.0199999995529651,0.0299999993294477,0.0199999995529651,0.0299999993294477,13000.0,,
2010-01-28 00:00:00+00:00,0.0199999995529651,0.0199999995529651,0.0199999995529651,0.0199999995529651,4000.0,,
2010-02-05 00:00:00+00:00,0.0199999995529651,0.0199999995529651,0.0199999995529651,0.0199999995529651,10000.0,,
2010-02-10 00:00:00+00:00,0.0199999995529651,0.0199999995529651,0.0199999995529651,0.0199999995529651,10000.0,,
2010-02-23 00:00:00+00:00,0.0199999995529651,0.0199999995529651,0.0199999995529651,0.0199999995529651,18000.0,,
2010-03-01 00:00:00+00:00,0.0199999995529651,0.0199999995529651,0.0199999995529651,0.0199999995529651,5000.0,,
2010-03-03 00:00:00+00:00,0.0199999995529651,0.0199999995529651,0.0199999995529651,0.0199999995529651,5000.0,,
2010-03-04 00:00:00+00:00,0.0199999995529651,0.0199999995529651,0.0199999995529651,0.0199999995529651,12000.0,,
2010-03-05 00:00:00+00:00,0.0099999997764825,0.0199999995529651,0.0099999997764825,0.0199999995529651,102000.0,,
2010-05-07 00:00:00+00:00,0.0099999997764825,0.0099999997764825,0.0099999997764825,0.0099999997764825,153855.0,,
2010-05-20 00:00:00+00:00,0.0099999997764825,0.0099999997764825,0.0099999997764825,0.0099999997764825,306997.0,,
2010-05-21 00:00:00+00:00,0.0199999995529651,0.0199999995529651,0.0199999995529651,0.0199999995529651,103.0,,
2010-05-25 00:00:00+00:00,0.0099999997764825,0.0099999997764825,0.0099999997764825,0.0099999997764825,200200.0,,
2010-05-26 00:00:00+00:00,0.0099999997764825,0.0099999997764825,0.0099999997764825,0.0099999997764825,300000.0,,
2010-05-28 00:00:00+00:00,0.0099999997764825,0.0099999997764825,0.0099999997764825,0.0099999997764825,90000.0,,
2010-07-01 00:00:00+00:00,0.0099999997764825,0.0099999997764825,0.0099999997764825,0.0099999997764825,10000.0,,
2010-07-06 00:00:00+00:00,0.0099999997764825,0.0099999997764825,0.0099999997764825,0.0099999997764825,7500.0,,
2010-07-12 00:00:00+00:00,0.0099999997764825,0.0099999997764825,0.0099999997764825,0.0099999997764825,1875.0,,
2010-07-28 00:00:00+00:00,0.0199999995529651,0.0199999995529651,0.0199999995529651,0.0199999995529651,100.0,,
2010-09-17 00:00:00+00:00,0.0099999997764825,0.0099999997764825,0.0099999997764825,0.0099999997764825,1700.0,,
2010-10-04 00:00:00+00:00,0.0099999997764825,0.0099999997764825,0.0099999997764825,0.0099999997764825,30000.0,,
2010-12-10 00:00:00+00:00,0.0099999997764825,0.0099999997764825,0.0099999997764825,0.0099999997764825,3810.0,,
2011-01-04 00:00:00+00:00,0.0099999997764825,0.0099999997764825,0.0099999997764825,0.0099999997764825,2000.0,,
2011-03-22 00:00:00+00:00,0.0099999997764825,0.0099999997764825,0.0099999997764825,0.0099999997764825,89737.0,,
2011-05-12 00:00:00+00:00,0.0199999995529651,0.0199999995529651,0.0199999995529651,0.0199999995529651,2500.0,,
2011-11-14 00:00:00+00:00,0.0160000007599592,0.0160000007599592,0.0160000007599592,0.0160000007599592,10000.0,,
2011-11-15 00:00:00+00:00,0.0130000002682209,0.0130000002682209,0.0130000002682209,0.0130000002682209,5000.0,,
2011-11-17 00:00:00+00:00,0.0130000002682209,0.0130000002682209,0.0130000002682209,0.0130000002682209,0.0,,
2011-11-18 00:00:00+00:00,0.0130000002682209,0.0130000002682209,0.0130000002682209,0.0130000002682209,0.0,,
2011-11-21 00:00:00+00:00,0.0109999999403953,0.0109999999403953,0.0109999999403953,0.0109999999403953,15000.0,,
2011-11-22 00:00:00+00:00,0.0109999999403953,0.0109999999403953,0.0109999999403953,0.0109999999403953,0.0,,
2011-11-23 00:00:00+00:00,0.0109999999403953,0.0109999999403953,0.0109999999403953,0.0109999999403953,0.0,,
2011-11-25 00:00:00+00:00,0.0109999999403953,0.0109999999403953,0.0109999999403953,0.0109999999403953,0.0,,
2011-11-28 00:00:00+00:00,0.0109999999403953,0.0109999999403953,0.0109999999403953,0.0109999999403953,0.0,,
2011-11-29 00:00:00+00:00,0.0109999999403953,0.0109999999403953,0.0109999999403953,0.0109999999403953,0.0,,
2011-11-30 00:00:00+00:00,0.0109999999403953,0.0109999999403953,0.0109999999403953,0.0109999999403953,0.0,,
2011-12-01 00:00:00+00:00,0.0109999999403953,0.0109999999403953,0.0109999999403953,0.0109999999403953,0.0,,
2011-12-02 00:00:00+00:00,0.0109999999403953,0.0109999999403953,0.0109999999403953,0.0109999999403953,0.0,,
2011-12-06 00:00:00+00:00,0.0109999999403953,0.0109999999403953,0.0109999999403953,0.0109999999403953,0.0,,
2011-12-07 00:00:00+00:00,0.0109999999403953,0.0109999999403953,0.0109999999403953,0.0109999999403953,0.0,,
2011-12-08 00:00:00+00:00,0.0109999999403953,0.0109999999403953,0.0109999999403953,0.0109999999403953,0.0,,
2011-12-09 00:00:00+00:00,0.0109999999403953,0.0109999999403953,0.0109999999403953,0.0109999999403953,0.0,,
2011-12-12 00:00:00+00:00,0.0109999999403953,0.0109999999403953,0.0109999999403953,0.0109999999403953,0.0,,
2011-12-13 00:00:00+00:00,0.0109999999403953,0.0109999999403953,0.0109999999403953,0.0109999999403953,0.0,,
2011-12-14 00:00:00+00:00,0.0109999999403953,0.0109999999403953,0.0109999999403953,0.0109999999403953,0.0,,
2011-12-15 00:00:00+00:00,0.0109999999403953,0.0109999999403953,0.0109999999403953,0.0109999999403953,0.0,,
2011-12-16 00:00:00+00:00,0.0109999999403953,0.0109999999403953,0.0109999999403953,0.0109999999403953,0.0,,
2011-12-19 00:00:00+00:00,0.0109999999403953,0.0109999999403953,0.0109999999403953,0.0109999999403953,0.0,,
2011-12-20 00:00:00+00:00,0.0109999999403953,0.0109999999403953,0.0109999999403953,0.0109999999403953,0.0,,
2011-12-21 00:00:00+00:00,0.0109999999403953,0.0109999999403953,0.0109999999403953,0.0109999999403953,0.0,,
2011-12-22 00:00:00+00:00,0.0109999999403953,0.0109999999403953,0.0109999999403953,0.0109999999403953,0.0,,
2011-12-23 00:00:00+00:00,0.0109999999403953,0.0109999999403953,0.0109999999403953,0.0109999999403953,0.0,,
2011-12-27 00:00:00+00:00,0.0109999999403953,0.0109999999403953,0.0109999999403953,0.0109999999403953,0.0,,
2011-12-28 00:00:00+00:00,0.0109999999403953,0.0109999999403953,0.0109999999403953,0.0109999999403953,0.0,,
2011-12-29 00:00:00+00:00,0.0109999999403953,0.0109999999403953,0.0109999999403953,0.0109999999403953,0.0,,
2011-12-30 00:00:00+00:00,0.0109999999403953,0.0109999999403953,0.0109999999403953,0.0109999999403953,0.0,,
2012-01-03 00:00:00+00:00,0.0089999996125698,0.0089999996125698,0.0089999996125698,0.0089999996125698,5000.0,,
2012-01-04 00:00:00+00:00,0.0089999996125698,0.0089999996125698,0.0089999996125698,0.0089999996125698,0.0,,
2012-01-05 00:00:00+00:00,0.0099999997764825,0.0160000007599592,0.0099999997764825,0.0160000007599592,29000.0,,
2012-01-06 00:00:00+00:00,0.0160000007599592,0.0160000007599592,0.0160000007599592,0.0160000007599592,0.0,,
2012-01-09 00:00:00+00:00,0.0160000007599592,0.0160000007599592,0.0160000007599592,0.0160000007599592,0.0,,
2012-01-10 00:00:00+00:00,0.0160000007599592,0.0160000007599592,0.0160000007599592,0.0160000007599592,0.0,,
2012-01-11 00:00:00+00:00,0.0160000007599592,0.0160000007599592,0.0160000007599592,0.0160000007599592,0.0,,
2012-01-12 00:00:00+00:00,0.0160000007599592,0.0160000007599592,0.0160000007599592,0.0160000007599592,0.0,,
2012-01-13 00:00:00+00:00,0.0160000007599592,0.0160000007599592,0.0160000007599592,0.0160000007599592,0.0,,
2012-01-17 00:00:00+00:00,0.0179999992251396,0.0179999992251396,0.0179999992251396,0.0179999992251396,2763.0,,
2012-01-18 00:00:00+00:00,0.0179999992251396,0.0179999992251396,0.0179999992251396,0.0179999992251396,6000.0,,
2012-01-19 00:00:00+00:00,0.0179999992251396,0.0179999992251396,0.0179999992251396,0.0179999992251396,0.0,,
2012-01-20 00:00:00+00:00,0.0179999992251396,0.0179999992251396,0.0179999992251396,0.0179999992251396,0.0,,
2012-01-23 00:00:00+00:00,0.0179999992251396,0.0179999992251396,0.0179999992251396,0.0179999992251396,0.0,,
2012-01-24 00:00:00+00:00,0.0179999992251396,0.0179999992251396,0.0179999992251396,0.0179999992251396,0.0,,
2012-01-25 00:00:00+00:00,0.0179999992251396,0.0179999992251396,0.0179999992251396,0.0179999992251396,0.0,,
2012-01-26 00:00:00+00:00,0.0179999992251396,0.0179999992251396,0.0179999992251396,0.0179999992251396,0.0,,
2012-01-27 00:00:00+00:00,0.0179999992251396,0.0179999992251396,0.0179999992251396,0.0179999992251396,0.0,,
2012-01-30 00:00:00+00:00,0.0179999992251396,0.0179999992251396,0.0179999992251396,0.0179999992251396,0.0,,
2012-01-31 00:00:00+00:00,0.0179999992251396,0.0179999992251396,0.0179999992251396,0.0179999992251396,0.0,,
2012-02-01 00:00:00+00:00,0.0179999992251396,0.0179999992251396,0.0179999992251396,0.0179999992251396,0.0,,
2012-02-02 00:00:00+00:00,0.0179999992251396,0.0179999992251396,0.0179999992251396,0.0179999992251396,0.0,,
2012-02-03 00:00:00+00:00,0.0179999992251396,0.0179999992251396,0.0179999992251396,0.0179999992251396,0.0,,
2012-02-06 00:00:00+00:00,0.0179999992251396,0.0179999992251396,0.0179999992251396,0.0179999992251396,0.0,,
2012-02-07 00:00:00+00:00,0.0179999992251396,0.0179999992251396,0.0179999992251396,0.0179999992251396,0.0,,
2012-02-08 00:00:00+00:00,0.0179999992251396,0.0179999992251396,0.0179999992251396,0.0179999992251396,0.0,,
2012-02-09 00:00:00+00:00,0.0179999992251396,0.0179999992251396,0.0179999992251396,0.0179999992251396,0.0,,
2012-02-10 00:00:00+00:00,0.0179999992251396,0.0179999992251396,0.0179999992251396,0.0179999992251396,0.0,,
2012-02-13 00:00:00+00:00,0.0179999992251396,0.0179999992251396,0.0179999992251396,0.0179999992251396,0.0,,
2012-02-14 00:00:00+00:00,0.0179999992251396,0.0179999992251396,0.0179999992251396,0.0179999992251396,0.0,,
2012-02-15 00:00:00+00:00,0.0179999992251396,0.0179999992251396,0.0179999992251396,0.0179999992251396,0.0,,
2012-02-16 00:00:00+00:00,0.0179999992251396,0.0179999992251396,0.0179999992251396,0.0179999992251396,0.0,,
2012-02-17 00:00:00+00:00,0.0179999992251396,0.0179999992251396,0.0179999992251396,0.0179999992251396,0.0,,
2012-02-21 00:00:00+00:00,0.0179999992251396,0.0179999992251396,0.0179999992251396,0.0179999992251396,0.0,,
2012-02-22 00:00:00+00:00,0.0179999992251396,0.0179999992251396,0.0179999992251396,0.0179999992251396,0.0,,
2012-02-23 00:00:00+00:00,0.0179999992251396,0.0179999992251396,0.0179999992251396,0.0179999992251396,0.0,,
2012-02-24 00:00:00+00:00,0.0179999992251396,0.0179999992251396,0.0179999992251396,0.0179999992251396,0.0,,
2012-02-27 00:00:00+00:00,0.0179999992251396,0.0179999992251396,0.0179999992251396,0.0179999992251396,0.0,,
2012-02-28 00:00:00+00:00,0.0179999992251396,0.0179999992251396,0.0179999992251396,0.0179999992251396,0.0,,
2012-02-29 00:00:00+00:00,0.0179999992251396,0.0179999992251396,0.0179999992251396,0.0179999992251396,0.0,,
2012-03-01 00:00:00+00:00,0.0179999992251396,0.0179999992251396,0.0179999992251396,0.0179999992251396,0.0,,
2012-03-02 00:00:00+00:00,0.0179999992251396,0.0179999992251396,0.0179999992251396,0.0179999992251396,0.0,,
2012-03-05 00:00:00+00:00,0.0179999992251396,0.0179999992251396,0.0179999992251396,0.0179999992251396,0.0,,
2012-03-06 00:00:00+00:00,0.0149999996647238,0.0149999996647238,0.0149999996647238,0.0149999996647238,10000.0,,
2012-03-07 00:00:00+00:00,0.0120000001043081,0.0120000001043081,0.0120000001043081,0.0120000001043081,10000.0,,
2012-03-08 00:00:00+00:00,0.0120000001043081,0.0120000001043081,0.0120000001043081,0.0120000001043081,0.0,,
2012-03-09 00:00:00+00:00,0.0120000001043081,0.0120000001043081,0.0120000001043081,0.0120000001043081,0.0,,
2012-03-12 00:00:00+00:00,0.0120000001043081,0.0120000001043081,0.0120000001043081,0.0120000001043081,0.0,,
2012-03-13 00:00:00+00:00,0.0120000001043081,0.0120000001043081,0.0120000001043081,0.0120000001043081,0.0,,
2012-03-14 00:00:00+00:00,0.0120000001043081,0.0120000001043081,0.0120000001043081,0.0120000001043081,0.0,,
2012-03-15 00:00:00+00:00,0.0120000001043081,0.0120000001043081,0.0120000001043081,0.0120000001043081,0.0,,
2012-03-16 00:00:00+00:00,0.0120000001043081,0.0120000001043081,0.0120000001043081,0.0120000001043081,0.0,,
2012-03-19 00:00:00+00:00,0.0120000001043081,0.0120000001043081,0.0120000001043081,0.0120000001043081,0.0,,
2012-03-20 00:00:00+00:00,0.0120000001043081,0.0120000001043081,0.0120000001043081,0.0120000001043081,0.0,,
2012-03-21 00:00:00+00:00,0.0120000001043081,0.0120000001043081,0.0120000001043081,0.0120000001043081,0.0,,
2012-03-22 00:00:00+00:00,0.0120000001043081,0.0120000001043081,0.0120000001043081,0.0120000001043081,0.0,,
2012-03-23 00:00:00+00:00,0.0120000001043081,0.0120000001043081,0.0120000001043081,0.0120000001043081,0.0,,
2012-03-26 00:00:00+00:00,0.0120000001043081,0.0120000001043081,0.0120000001043081,0.0120000001043081,0.0,,
2012-03-27 00:00:00+00:00,0.0120000001043081,0.0120000001043081,0.0120000001043081,0.0120000001043081,0.0,,
2012-03-28 00:00:00+00:00,0.0120000001043081,0.0120000001043081,0.0120000001043081,0.0120000001043081,0.0,,
2012-03-29 00:00:00+00:00,0.0120000001043081,0.0120000001043081,0.0120000001043081,0.0120000001043081,0.0,,
2012-03-30 00:00:00+00:00,0.0120000001043081,0.0120000001043081,0.0120000001043081,0.0120000001043081,0.0,,
2012-04-02 00:00:00+00:00,0.0120000001043081,0.0120000001043081,0.0120000001043081,0.0120000001043081,0.0,,
2012-04-03 00:00:00+00:00,0.0120000001043081,0.0120000001043081,0.0120000001043081,0.0120000001043081,0.0,,
2012-04-04 00:00:00+00:00,0.0120000001043081,0.0120000001043081,0.0120000001043081,0.0120000001043081,0.0,,
2012-04-05 00:00:00+00:00,0.0120000001043081,0.0120000001043081,0.0120000001043081,0.0120000001043081,0.0,,
2012-04-09 00:00:00+00:00,0.0120000001043081,0.0120000001043081,0.0120000001043081,0.0120000001043081,0.0,,
2012-04-10 00:00:00+00:00,0.0120000001043081,0.0120000001043081,0.0120000001043081,0.0120000001043081,0.0,,
2012-04-11 00:00:00+00:00,0.0120000001043081,0.0120000001043081,0.0120000001043081,0.0120000001043081,0.0,,
2012-04-12 00:00:00+00:00,0.0120000001043081,0.0120000001043081,0.0120000001043081,0.0120000001043081,0.0,,
2012-04-13 00:00:00+00:00,0.0120000001043081,0.0120000001043081,0.0120000001043081,0.0120000001043081,0.0,,
2012-04-16 00:00:00+00:00,0.0120000001043081,0.0120000001043081,0.0120000001043081,0.0120000001043081,0.0,,
2012-04-17 00:00:00+00:00,0.0120000001043081,0.0120000001043081,0.0120000001043081,0.0120000001043081,0.0,,
2012-04-18 00:00:00+00:00,0.0120000001043081,0.0120000001043081,0.0120000001043081,0.0120000001043081,0.0,,
2012-04-19 00:00:00+00:00,0.0120000001043081,0.0120000001043081,0.0120000001043081,0.0120000001043081,0.0,,
2012-04-20 00:00:00+00:00,0.0120000001043081,0.0120000001043081,0.0120000001043081,0.0120000001043081,0.0,,
2012-04-23 00:00:00+00:00,0.0120000001043081,0.0120000001043081,0.0120000001043081,0.0120000001043081,0.0,,
2012-04-24 00:00:00+00:00,0.0120000001043081,0.0120000001043081,0.0120000001043081,0.0120000001043081,0.0,,
2012-04-25 00:00:00+00:00,0.0120000001043081,0.0120000001043081,0.0120000001043081,0.0120000001043081,0.0,,
2012-04-26 00:00:00+00:00,0.0120000001043081,0.0120000001043081,0.0120000001043081,0.0120000001043081,0.0,,
2012-04-27 00:00:00+00:00,0.0120000001043081,0.0120000001043081,0.0120000001043081,0.0120000001043081,0.0,,
2012-04-30 00:00:00+00:00,0.0120000001043081,0.0120000001043081,0.0120000001043081,0.0120000001043081,0.0,,
2012-05-01 00:00:00+00:00,0.0120000001043081,0.0120000001043081,0.0120000001043081,0.0120000001043081,0.0,,
2012-05-02 00:00:00+00:00,0.0120000001043081,0.0120000001043081,0.0120000001043081,0.0120000001043081,0.0,,
2012-05-03 00:00:00+00:00,0.0120000001043081,0.0120000001043081,0.0120000001043081,0.0120000001043081,0.0,,
2012-05-04 00:00:00+00:00,0.0120000001043081,0.0120000001043081,0.0120000001043081,0.0120000001043081,0.0,,
2012-05-07 00:00:00+00:00,0.0120000001043081,0.0120000001043081,0.0120000001043081,0.0120000001043081,0.0,,
2012-05-08 00:00:00+00:00,0.0120000001043081,0.0120000001043081,0.0120000001043081,0.0120000001043081,0.0,,
2012-05-09 00:00:00+00:00,0.0120000001043081,0.0120000001043081,0.0120000001043081,0.0120000001043081,0.0,,
2012-05-10 00:00:00+00:00,0.0120000001043081,0.0120000001043081,0.0120000001043081,0.0120000001043081,0.0,,
2012-05-11 00:00:00+00:00,0.0120000001043081,0.0120000001043081,0.0120000001043081,0.0120000001043081,0.0,,
2012-05-14 00:00:00+00:00,0.0120000001043081,0.0120000001043081,0.0120000001043081,0.0120000001043081,0.0,,
2012-05-15 00:00:00+00:00,0.0120000001043081,0.0120000001043081,0.0120000001043081,0.0120000001043081,0.0,,
2012-05-16 00:00:00+00:00,0.0120000001043081,0.0120000001043081,0.0120000001043081,0.0120000001043081,0.0,,
2012-05-17 00:00:00+00:00,0.0120000001043081,0.0120000001043081,0.0120000001043081,0.0120000001043081,0.0,,
2012-05-18 00:00:00+00:00,0.0120000001043081,0.0120000001043081,0.0120000001043081,0.0120000001043081,0.0,,
2012-05-21 00:00:00+00:00,0.0099999997764825,0.0099999997764825,0.0099999997764825,0.0099999997764825,6250.0,,
2012-05-22 00:00:00+00:00,0.0080000003799796,0.0080000003799796,0.0080000003799796,0.0080000003799796,10000.0,,
2012-05-23 00:00:00+00:00,0.0080000003799796,0.0080000003799796,0.0080000003799796,0.0080000003799796,0.0,,
2012-05-24 00:00:00+00:00,0.0080000003799796,0.0080000003799796,0.0080000003799796,0.0080000003799796,0.0,,
2012-05-25 00:00:00+00:00,0.0080000003799796,0.0080000003799796,0.0080000003799796,0.0080000003799796,0.0,,
2012-05-29 00:00:00+00:00,0.0080000003799796,0.0080000003799796,0.0080000003799796,0.0080000003799796,0.0,,
2012-05-30 00:00:00+00:00,0.0080000003799796,0.0080000003799796,0.0080000003799796,0.0080000003799796,0.0,,
2012-05-31 00:00:00+00:00,0.0080000003799796,0.0080000003799796,0.0080000003799796,0.0080000003799796,0.0,,
2012-06-01 00:00:00+00:00,0.0080000003799796,0.0080000003799796,0.0080000003799796,0.0080000003799796,0.0,,
2012-06-04 00:00:00+00:00,0.0080000003799796,0.0080000003799796,0.0080000003799796,0.0080000003799796,0.0,,
2012-06-05 00:00:00+00:00,0.0080000003799796,0.0080000003799796,0.0080000003799796,0.0080000003799796,0.0,,
2012-06-06 00:00:00+00:00,0.0080000003799796,0.0080000003799796,0.0080000003799796,0.0080000003799796,0.0,,
2012-06-07 00:00:00+00:00,0.0070000002160668,0.0070000002160668,0.0070000002160668,0.0070000002160668,200000.0,,
2012-06-08 00:00:00+00:00,0.0070000002160668,0.0070000002160668,0.0070000002160668,0.0070000002160668,0.0,,
2012-06-11 00:00:00+00:00,0.0070000002160668,0.0070000002160668,0.0070000002160668,0.0070000002160668,0.0,,
2012-06-12 00:00:00+00:00,0.0070000002160668,0.0070000002160668,0.0070000002160668,0.0070000002160668,0.0,,
2012-06-13 00:00:00+00:00,0.0070000002160668,0.0070000002160668,0.0070000002160668,0.0070000002160668,0.0,,
2012-06-14 00:00:00+00:00,0.0070000002160668,0.0070000002160668,0.0070000002160668,0.0070000002160668,0.0,,
2012-06-15 00:00:00+00:00,0.0070000002160668,0.0070000002160668,0.0070000002160668,0.0070000002160668,0.0,,
2012-06-18 00:00:00+00:00,0.0049999998882412,0.0049999998882412,0.0049999998882412,0.0049999998882412,2500.0,,
2012-06-19 00:00:00+00:00,0.0049999998882412,0.0049999998882412,0.0049999998882412,0.0049999998882412,0.0,,
2012-06-20 00:00:00+00:00,0.0049999998882412,0.0049999998882412,0.0049999998882412,0.0049999998882412,0.0,,
2012-06-21 00:00:00+00:00,0.0049999998882412,0.0049999998882412,0.0049999998882412,0.0049999998882412,0.0,,
2012-06-22 00:00:00+00:00,0.0049999998882412,0.0049999998882412,0.0049999998882412,0.0049999998882412,0.0,,
2012-06-25 00:00:00+00:00,0.0049999998882412,0.0049999998882412,0.0049999998882412,0.0049999998882412,0.0,,
2012-06-26 00:00:00+00:00,0.0049999998882412,0.0049999998882412,0.0049999998882412,0.0049999998882412,100000.0,,
2012-06-27 00:00:00+00:00,0.0049999998882412,0.0049999998882412,0.0049999998882412,0.0049999998882412,0.0,,
2012-06-28 00:00:00+00:00,0.0049999998882412,0.0049999998882412,0.0049999998882412,0.0049999998882412,0.0,,
2012-06-29 00:00:00+00:00,0.0049999998882412,0.0049999998882412,0.0049999998882412,0.0049999998882412,0.0,,
2012-07-02 00:00:00+00:00,0.0049999998882412,0.0049999998882412,0.0049999998882412,0.0049999998882412,100000.0,,
2012-07-03 00:00:00+00:00,0.0049999998882412,0.0049999998882412,0.0049999998882412,0.0049999998882412,0.0,,
2012-07-05 00:00:00+00:00,0.0049999998882412,0.0049999998882412,0.0049999998882412,0.0049999998882412,0.0,,
2012-07-06 00:00:00+00:00,0.0049999998882412,0.0049999998882412,0.0049999998882412,0.0049999998882412,0.0,,
2012-07-09 00:00:00+00:00,0.0049999998882412,0.0049999998882412,0.0049999998882412,0.0049999998882412,0.0,,
2012-07-10 00:00:00+00:00,0.0049999998882412,0.0049999998882412,0.0049999998882412,0.0049999998882412,0.0,,
2012-07-11 00:00:00+00:00,0.0049999998882412,0.0049999998882412,0.0049999998882412,0.0049999998882412,0.0,,
2012-07-12 00:00:00+00:00,0.0049999998882412,0.0049999998882412,0.0049999998882412,0.0049999998882412,0.0,,
2012-07-13 00:00:00+00:00,0.0049999998882412,0.0049999998882412,0.0049999998882412,0.0049999998882412,0.0,,
2012-07-16 00:00:00+00:00,0.0049999998882412,0.0049999998882412,0.0049999998882412,0.0049999998882412,0.0,,
2012-07-17 00:00:00+00:00,0.0049999998882412,0.0049999998882412,0.0049999998882412,0.0049999998882412,0.0,,
2012-07-18 00:00:00+00:00,0.0049999998882412,0.0049999998882412,0.0049999998882412,0.0049999998882412,0.0,,
2012-07-19 00:00:00+00:00,0.0049999998882412,0.0049999998882412,0.0049999998882412,0.0049999998882412,0.0,,
2012-07-20 00:00:00+00:00,0.0049999998882412,0.0049999998882412,0.0049999998882412,0.0049999998882412,0.0,,
2012-07-23 00:00:00+00:00,0.0049999998882412,0.0049999998882412,0.0049999998882412,0.0049999998882412,0.0,,
2012-07-24 00:00:00+00:00,0.0049999998882412,0.0049999998882412,0.0049999998882412,0.0049999998882412,0.0,,
2012-07-25 00:00:00+00:00,0.0049999998882412,0.0049999998882412,0.0049999998882412,0.0049999998882412,0.0,,
2012-07-26 00:00:00+00:00,0.0049999998882412,0.0049999998882412,0.0049999998882412,0.0049999998882412,0.0,,
2012-07-27 00:00:00+00:00,0.0049999998882412,0.0049999998882412,0.0049999998882412,0.0049999998882412,0.0,,
2012-07-30 00:00:00+00:00,0.0049999998882412,0.0049999998882412,0.0049999998882412,0.0049999998882412,0.0,,
2012-07-31 00:00:00+00:00,0.0049999998882412,0.0049999998882412,0.0049999998882412,0.0049999998882412,0.0,,
2012-08-01 00:00:00+00:00,0.0049999998882412,0.0049999998882412,0.0049999998882412,0.0049999998882412,0.0,,
2012-08-02 00:00:00+00:00,0.0049999998882412,0.0049999998882412,0.0049999998882412,0.0049999998882412,0.0,,
2012-08-03 00:00:00+00:00,0.0049999998882412,0.0049999998882412,0.0049999998882412,0.0049999998882412,0.0,,
2012-08-06 00:00:00+00:00,0.0049999998882412,0.0049999998882412,0.0049999998882412,0.0049999998882412,0.0,,
2012-08-07 00:00:00+00:00,0.0049999998882412,0.0049999998882412,0.0049999998882412,0.0049999998882412,0.0,,
2012-08-08 00:00:00+00:00,0.0049999998882412,0.0049999998882412,0.0049999998882412,0.0049999998882412,0.0,,
2012-08-09 00:00:00+00:00,0.0049999998882412,0.0049999998882412,0.0049999998882412,0.0049999998882412,0.0,,
2012-08-10 00:00:00+00:00,0.0049999998882412,0.0049999998882412,0.0049999998882412,0.0049999998882412,0.0,,
2012-08-13 00:00:00+00:00,0.0049999998882412,0.0049999998882412,0.0049999998882412,0.0049999998882412,0.0,,
2012-08-14 00:00:00+00:00,0.0049999998882412,0.0049999998882412,0.0049999998882412,0.0049999998882412,0.0,,
2012-08-15 00:00:00+00:00,0.0049999998882412,0.0049999998882412,0.0049999998882412,0.0049999998882412,0.0,,
2012-08-16 00:00:00+00:00,0.0049999998882412,0.0049999998882412,0.0049999998882412,0.0049999998882412,0.0,,
2012-08-17 00:00:00+00:00,0.0049999998882412,0.0049999998882412,0.0049999998882412,0.0049999998882412,0.0,,
2012-08-20 00:00:00+00:00,0.0049999998882412,0.0049999998882412,0.0049999998882412,0.0049999998882412,0.0,,
2012-08-21 00:00:00+00:00,0.0049999998882412,0.0049999998882412,0.0049999998882412,0.0049999998882412,0.0,,
2012-08-22 00:00:00+00:00,0.0049999998882412,0.0049999998882412,0.0049999998882412,0.0049999998882412,0.0,,
2012-08-23 00:00:00+00:00,0.0049999998882412,0.0049999998882412,0.0049999998882412,0.0049999998882412,0.0,,
2012-08-24 00:00:00+00:00,0.0049999998882412,0.0049999998882412,0.0049999998882412,0.0049999998882412,0.0,,
2012-08-27 00:00:00+00:00,0.0049999998882412,0.0049999998882412,0.0049999998882412,0.0049999998882412,0.0,,
2012-08-28 00:00:00+00:00,0.0049999998882412,0.0049999998882412,0.0049999998882412,0.0049999998882412,0.0,,
2012-08-29 00:00:00+00:00,0.0049999998882412,0.0049999998882412,0.0049999998882412,0.0049999998882412,0.0,,
2012-08-30 00:00:00+00:00,0.0049999998882412,0.0049999998882412,0.0049999998882412,0.0049999998882412,0.0,,
2012-08-31 00:00:00+00:00,0.0049999998882412,0.0049999998882412,0.0049999998882412,0.0049999998882412,0.0,,
2012-09-04 00:00:00+00:00,0.0049999998882412,0.0049999998882412,0.0049999998882412,0.0049999998882412,0.0,,
2012-09-05 00:00:00+00:00,0.0049999998882412,0.0049999998882412,0.0049999998882412,0.0049999998882412,0.0,,
2012-09-06 00:00:00+00:00,0.0049999998882412,0.0049999998882412,0.0049999998882412,0.0049999998882412,0.0,,
2012-09-07 00:00:00+00:00,0.0049999998882412,0.0049999998882412,0.0049999998882412,0.0049999998882412,0.0,,
2012-09-10 00:00:00+00:00,0.0049999998882412,0.0049999998882412,0.0049999998882412,0.0049999998882412,0.0,,
2012-09-11 00:00:00+00:00,0.0049999998882412,0.0049999998882412,0.0049999998882412,0.0049999998882412,0.0,,
2012-09-12 00:00:00+00:00,0.0049999998882412,0.0049999998882412,0.0049999998882412,0.0049999998882412,0.0,,
2012-09-13 00:00:00+00:00,0.0049999998882412,0.0049999998882412,0.0049999998882412,0.0049999998882412,0.0,,
2012-09-14 00:00:00+00:00,0.0049999998882412,0.0049999998882412,0.0049999998882412,0.0049999998882412,0.0,,
2012-09-17 00:00:00+00:00,0.0049999998882412,0.0049999998882412,0.0049999998882412,0.0049999998882412,0.0,,
2012-09-18 00:00:00+00:00,0.0049999998882412,0.0049999998882412,0.0049999998882412,0.0049999998882412,0.0,,
2012-09-19 00:00:00+00:00,0.0049999998882412,0.0049999998882412,0.0049999998882412,0.0049999998882412,0.0,,
2012-09-20 00:00:00+00:00,0.0049999998882412,0.0049999998882412,0.0049999998882412,0.0049999998882412,0.0,,
2012-09-21 00:00:00+00:00,0.0049999998882412,0.0049999998882412,0.0049999998882412,0.0049999998882412,0.0,,
2012-09-24 00:00:00+00:00,0.0049999998882412,0.0049999998882412,0.0049999998882412,0.0049999998882412,0.0,,
2012-09-25 00:00:00+00:00,0.0049999998882412,0.0049999998882412,0.0049999998882412,0.0049999998882412,0.0,,
2012-09-26 00:00:00+00:00,0.0049999998882412,0.0049999998882412,0.0049999998882412,0.0049999998882412,0.0,,
2012-09-27 00:00:00+00:00,0.0049999998882412,0.0049999998882412,0.0049999998882412,0.0049999998882412,0.0,,
2012-09-28 00:00:00+00:00,0.0049999998882412,0.0049999998882412,0.0049999998882412,0.0049999998882412,0.0,,
2012-10-01 00:00:00+00:00,0.0049999998882412,0.0049999998882412,0.0049999998882412,0.0049999998882412,0.0,,
2012-10-02 00:00:00+00:00,0.0049999998882412,0.0049999998882412,0.0049999998882412,0.0049999998882412,0.0,,
2012-10-03 00:00:00+00:00,0.0049999998882412,0.0049999998882412,0.0049999998882412,0.0049999998882412,0.0,,
2012-10-04 00:00:00+00:00,0.0049999998882412,0.0049999998882412,0.0049999998882412,0.0049999998882412,0.0,,
2012-10-05 00:00:00+00:00,0.0049999998882412,0.0049999998882412,0.0049999998882412,0.0049999998882412,0.0,,
2012-10-08 00:00:00+00:00,0.0049999998882412,0.0049999998882412,0.0049999998882412,0.0049999998882412,0.0,,
2012-10-09 00:00:00+00:00,0.0049999998882412,0.0049999998882412,0.0049999998882412,0.0049999998882412,0.0,,
2012-10-10 00:00:00+00:00,0.0049999998882412,0.0049999998882412,0.0049999998882412,0.0049999998882412,0.0,,
2012-10-11 00:00:00+00:00,0.0049999998882412,0.0049999998882412,0.0049999998882412,0.0049999998882412,0.0,,
2012-10-12 00:00:00+00:00,0.0049999998882412,0.0049999998882412,0.0049999998882412,0.0049999998882412,0.0,,
2012-10-15 00:00:00+00:00,0.0049999998882412,0.0049999998882412,0.0049999998882412,0.0049999998882412,0.0,,
2012-10-16 00:00:00+00:00,0.0049999998882412,0.0049999998882412,0.0049999998882412,0.0049999998882412,0.0,,
2012-10-17 00:00:00+00:00,0.0049999998882412,0.0049999998882412,0.0049999998882412,0.0049999998882412,0.0,,
2012-10-18 00:00:00+00:00,0.0049999998882412,0.0049999998882412,0.0049999998882412,0.0049999998882412,0.0,,
2012-10-19 00:00:00+00:00,0.0049999998882412,0.0049999998882412,0.0049999998882412,0.0049999998882412,0.0,,
2012-10-22 00:00:00+00:00,0.0049999998882412,0.0049999998882412,0.0049999998882412,0.0049999998882412,0.0,,
2012-10-23 00:00:00+00:00,0.0049999998882412,0.0049999998882412,0.0049999998882412,0.0049999998882412,0.0,,
2012-10-24 00:00:00+00:00,0.0049999998882412,0.0049999998882412,0.0049999998882412,0.0049999998882412,0.0,,
2012-10-25 00:00:00+00:00,0.0049999998882412,0.0049999998882412,0.0049999998882412,0.0049999998882412,0.0,,
2012-10-26 00:00:00+00:00,0.0049999998882412,0.0049999998882412,0.0049999998882412,0.0049999998882412,0.0,,
2012-10-31 00:00:00+00:00,0.0049999998882412,0.0049999998882412,0.0049999998882412,0.0049999998882412,0.0,,
2012-11-01 00:00:00+00:00,0.0049999998882412,0.0049999998882412,0.0049999998882412,0.0049999998882412,0.0,,
2012-11-02 00:00:00+00:00,0.0049999998882412,0.0049999998882412,0.0049999998882412,0.0049999998882412,0.0,,
2012-11-05 00:00:00+00:00,0.0049999998882412,0.0049999998882412,0.0049999998882412,0.0049999998882412,0.0,,
2012-11-06 00:00:00+00:00,0.0049999998882412,0.0049999998882412,0.0049999998882412,0.0049999998882412,0.0,,
2012-11-07 00:00:00+00:00,0.0049999998882412,0.0049999998882412,0.0049999998882412,0.0049999998882412,0.0,,
2012-11-08 00:00:00+00:00,0.0049999998882412,0.0049999998882412,0.0049999998882412,0.0049999998882412,0.0,,
2012-11-09 00:00:00+00:00,0.0049999998882412,0.0049999998882412,0.0049999998882412,0.0049999998882412,0.0,,
2012-11-12 00:00:00+00:00,0.0049999998882412,0.0049999998882412,0.0049999998882412,0.0049999998882412,0.0,,
2012-11-13 00:00:00+00:00,0.0049999998882412,0.0049999998882412,0.0049999998882412,0.0049999998882412,0.0,,
2012-11-14 00:00:00+00:00,0.0049999998882412,0.0049999998882412,0.0049999998882412,0.0049999998882412,0.0,,
2012-11-15 00:00:00+00:00,0.0049999998882412,0.0049999998882412,0.0049999998882412,0.0049999998882412,0.0,,
2012-11-16 00:00:00+00:00,0.0049999998882412,0.0049999998882412,0.0049999998882412,0.0049999998882412,0.0,,
2012-11-19 00:00:00+00:00,0.0049999998882412,0.0049999998882412,0.0049999998882412,0.0049999998882412,0.0,,
2012-11-20 00:00:00+00:00,0.0049999998882412,0.0049999998882412,0.0049999998882412,0.0049999998882412,0.0,,
2012-11-21 00:00:00+00:00,0.0049999998882412,0.0049999998882412,0.0049999998882412,0.0049999998882412,0.0,,
2012-11-23 00:00:00+00:00,0.0049999998882412,0.0049999998882412,0.0049999998882412,0.0049999998882412,0.0,,
2012-11-26 00:00:00+00:00,0.0049999998882412,0.0049999998882412,0.0049999998882412,0.0049999998882412,0.0,,
2012-11-27 00:00:00+00:00,0.0049999998882412,0.0049999998882412,0.0049999998882412,0.0049999998882412,0.0,,
2012-11-28 00:00:00+00:00,0.0049999998882412,0.0049999998882412,0.0049999998882412,0.0049999998882412,0.0,,
2012-11-29 00:00:00+00:00,0.0049999998882412,0.0049999998882412,0.0049999998882412,0.0049999998882412,0.0,,
2012-11-30 00:00:00+00:00,0.0049999998882412,0.0049999998882412,0.0049999998882412,0.0049999998882412,0.0,,
2012-12-03 00:00:00+00:00,0.0049999998882412,0.0049999998882412,0.0049999998882412,0.0049999998882412,0.0,,
2012-12-04 00:00:00+00:00,0.0049999998882412,0.0049999998882412,0.0049999998882412,0.0049999998882412,0.0,,
2012-12-05 00:00:00+00:00,0.0049999998882412,0.0049999998882412,0.0049999998882412,0.0049999998882412,0.0,,
2012-12-06 00:00:00+00:00,0.0049999998882412,0.0049999998882412,0.0049999998882412,0.0049999998882412,0.0,,
2012-12-07 00:00:00+00:00,0.0049999998882412,0.0049999998882412,0.0049999998882412,0.0049999998882412,0.0,,
2012-12-10 00:00:00+00:00,0.0049999998882412,0.0049999998882412,0.0049999998882412,0.0049999998882412,0.0,,
2012-12-11 00:00:00+00:00,0.0049999998882412,0.0049999998882412,0.0049999998882412,0.0049999998882412,0.0,,
2012-12-12 00:00:00+00:00,0.0049999998882412,0.0049999998882412,0.0049999998882412,0.0049999998882412,0.0,,
2012-12-13 00:00:00+00:00,0.0049999998882412,0.0049999998882412,0.0049999998882412,0.0049999998882412,0.0,,
2012-12-14 00:00:00+00:00,0.0049999998882412,0.0049999998882412,0.0049999998882412,0.0049999998882412,0.0,,
2012-12-17 00:00:00+00:00,0.0049999998882412,0.0049999998882412,0.0049999998882412,0.0049999998882412,0.0,,
2012-12-18 00:00:00+00:00,0.0049999998882412,0.0049999998882412,0.0049999998882412,0.0049999998882412,0.0,,
2012-12-19 00:00:00+00:00,0.0049999998882412,0.0049999998882412,0.0049999998882412,0.0049999998882412,0.0,,
2012-12-20 00:00:00+00:00,0.0049999998882412,0.0049999998882412,0.0049999998882412,0.0049999998882412,0.0,,
2012-12-21 00:00:00+00:00,0.0049999998882412,0.0049999998882412,0.0049999998882412,0.0049999998882412,0.0,,
2012-12-24 00:00:00+00:00,0.0049999998882412,0.0049999998882412,0.0049999998882412,0.0049999998882412,0.0,,
2012-12-26 00:00:00+00:00,0.0049999998882412,0.0049999998882412,0.0049999998882412,0.0049999998882412,0.0,,
2012-12-27 00:00:00+00:00,0.0049999998882412,0.0049999998882412,0.0049999998882412,0.0049999998882412,0.0,,
2012-12-28 00:00:00+00:00,0.0049999998882412,0.0049999998882412,0.0049999998882412,0.0049999998882412,0.0,,
2012-12-31 00:00:00+00:00,0.0049999998882412,0.0049999998882412,0.0049999998882412,0.0049999998882412,0.0,,
2013-01-02 00:00:00+00:00,0.0049999998882412,0.0049999998882412,0.0049999998882412,0.0049999998882412,0.0,,
2013-01-03 00:00:00+00:00,0.0049999998882412,0.0049999998882412,0.0049999998882412,0.0049999998882412,0.0,,
2013-01-04 00:00:00+00:00,0.0049999998882412,0.0049999998882412,0.0049999998882412,0.0049999998882412,0.0,,
2013-01-07 00:00:00+00:00,0.0049999998882412,0.0049999998882412,0.0049999998882412,0.0049999998882412,0.0,,
2013-01-08 00:00:00+00:00,0.0049999998882412,0.0049999998882412,0.0049999998882412,0.0049999998882412,0.0,,
2013-01-09 00:00:00+00:00,0.0049999998882412,0.0049999998882412,0.0049999998882412,0.0049999998882412,0.0,,
2013-01-10 00:00:00+00:00,0.0049999998882412,0.0049999998882412,0.0049999998882412,0.0049999998882412,0.0,,
2013-01-11 00:00:00+00:00,0.0049999998882412,0.0049999998882412,0.0049999998882412,0.0049999998882412,0.0,,
2013-01-14 00:00:00+00:00,0.0049999998882412,0.0049999998882412,0.0049999998882412,0.0049999998882412,0.0,,
2013-01-15 00:00:00+00:00,0.0049999998882412,0.0049999998882412,0.0049999998882412,0.0049999998882412,0.0,,
2013-01-16 00:00:00+00:00,0.0049999998882412,0.0049999998882412,0.0049999998882412,0.0049999998882412,0.0,,
2013-01-17 00:00:00+00:00,0.0049999998882412,0.0049999998882412,0.0049999998882412,0.0049999998882412,0.0,,
2013-01-18 00:00:00+00:00,0.0049999998882412,0.0049999998882412,0.0049999998882412,0.0049999998882412,0.0,,
2013-01-22 00:00:00+00:00,0.0049999998882412,0.0049999998882412,0.0049999998882412,0.0049999998882412,0.0,,
2013-01-23 00:00:00+00:00,0.0049999998882412,0.0049999998882412,0.0049999998882412,0.0049999998882412,0.0,,
2013-01-24 00:00:00+00:00,0.0049999998882412,0.0049999998882412,0.0049999998882412,0.0049999998882412,0.0,,
2013-01-25 00:00:00+00:00,0.003000000026077,0.0099999997764825,0.003000000026077,0.0099999997764825,10009.0,,
2013-01-28 00:00:00+00:00,0.0099999997764825,0.0099999997764825,0.0099999997764825,0.0099999997764825,0.0,,
2013-01-29 00:00:00+00:00,0.0099999997764825,0.0099999997764825,0.0099999997764825,0.0099999997764825,0.0,,
2013-01-30 00:00:00+00:00,0.0099999997764825,0.0099999997764825,0.0099999997764825,0.0099999997764825,0.0,,
2013-01-31 00:00:00+00:00,0.0099999997764825,0.0099999997764825,0.0099999997764825,0.0099999997764825,0.0,,
2013-02-01 00:00:00+00:00,0.0099999997764825,0.0099999997764825,0.0099999997764825,0.0099999997764825,0.0,,
2013-02-04 00:00:00+00:00,0.0099999997764825,0.0099999997764825,0.0099999997764825,0.0099999997764825,0.0,,
2013-02-05 00:00:00+00:00,0.0099999997764825,0.0099999997764825,0.0099999997764825,0.0099999997764825,0.0,,
2013-02-06 00:00:00+00:00,0.0099999997764825,0.0099999997764825,0.0099999997764825,0.0099999997764825,0.0,,
2013-02-07 00:00:00+00:00,0.0099999997764825,0.0099999997764825,0.0099999997764825,0.0099999997764825,0.0,,
2013-02-08 00:00:00+00:00,0.0099999997764825,0.0099999997764825,0.0099999997764825,0.0099999997764825,0.0,,
2013-02-11 00:00:00+00:00,0.0099999997764825,0.0099999997764825,0.0099999997764825,0.0099999997764825,0.0,,
2013-02-12 00:00:00+00:00,0.0099999997764825,0.0099999997764825,0.0099999997764825,0.0099999997764825,0.0,,
2013-02-13 00:00:00+00:00,0.0099999997764825,0.0099999997764825,0.0099999997764825,0.0099999997764825,0.0,,
2013-02-14 00:00:00+00:00,0.0099999997764825,0.0099999997764825,0.0099999997764825,0.0099999997764825,0.0,,
2013-02-15 00:00:00+00:00,0.0099999997764825,0.0099999997764825,0.0099999997764825,0.0099999997764825,0.0,,
2013-02-19 00:00:00+00:00,0.0099999997764825,0.0099999997764825,0.0099999997764825,0.0099999997764825,0.0,,
2013-02-20 00:00:00+00:00,0.0099999997764825,0.0099999997764825,0.0099999997764825,0.0099999997764825,0.0,,
2013-02-21 00:00:00+00:00,0.0099999997764825,0.0099999997764825,0.0099999997764825,0.0099999997764825,0.0,,
2013-02-22 00:00:00+00:00,0.0099999997764825,0.0099999997764825,0.0099999997764825,0.0099999997764825,0.0,,
2013-02-25 00:00:00+00:00,0.0099999997764825,0.0099999997764825,0.0099999997764825,0.0099999997764825,0.0,,
2013-02-26 00:00:00+00:00,0.0099999997764825,0.0099999997764825,0.0099999997764825,0.0099999997764825,0.0,,
2013-02-27 00:00:00+00:00,0.0099999997764825,0.0099999997764825,0.0099999997764825,0.0099999997764825,0.0,,
2013-02-28 00:00:00+00:00,0.0099999997764825,0.0099999997764825,0.0099999997764825,0.0099999997764825,0.0,,
2013-03-01 00:00:00+00:00,0.0099999997764825,0.0099999997764825,0.0099999997764825,0.0099999997764825,0.0,,
2013-03-04 00:00:00+00:00,0.0099999997764825,0.0099999997764825,0.0099999997764825,0.0099999997764825,0.0,,
2013-03-05 00:00:00+00:00,0.0099999997764825,0.0099999997764825,0.0099999997764825,0.0099999997764825,0.0,,
2013-03-06 00:00:00+00:00,0.0099999997764825,0.0099999997764825,0.0099999997764825,0.0099999997764825,0.0,,
2013-03-07 00:00:00+00:00,0.0099999997764825,0.0099999997764825,0.0099999997764825,0.0099999997764825,0.0,,
2013-03-08 00:00:00+00:00,0.0099999997764825,0.0099999997764825,0.0099999997764825,0.0099999997764825,0.0,,
2013-03-11 00:00:00+00:00,0.0099999997764825,0.0099999997764825,0.0099999997764825,0.0099999997764825,0.0,,
2013-03-12 00:00:00+00:00,0.0099999997764825,0.0099999997764825,0.0099999997764825,0.0099999997764825,0.0,,
2013-03-13 00:00:00+00:00,0.0099999997764825,0.0099999997764825,0.0099999997764825,0.0099999997764825,0.0,,
2013-03-14 00:00:00+00:00,0.0099999997764825,0.0099999997764825,0.0099999997764825,0.0099999997764825,0.0,,
2013-03-15 00:00:00+00:00,0.0099999997764825,0.0099999997764825,0.0099999997764825,0.0099999997764825,0.0,,
2013-03-18 00:00:00+00:00,0.0099999997764825,0.0099999997764825,0.0099999997764825,0.0099999997764825,0.0,,
2013-03-22 00:00:00+00:00,0.0099999997764825,0.0099999997764825,0.0099999997764825,0.0099999997764825,0.0,,
2013-03-25 00:00:00+00:00,0.0099999997764825,0.0099999997764825,0.0099999997764825,0.0099999997764825,0.0,,
2013-03-27 00:00:00+00:00,0.0099999997764825,0.0099999997764825,0.0099999997764825,0.0099999997764825,0.0,,
2013-04-01 00:00:00+00:00,0.0099999997764825,0.0099999997764825,0.0099999997764825,0.0099999997764825,0.0,,
2013-04-02 00:00:00+00:00,0.0099999997764825,0.0099999997764825,0.0099999997764825,0.0099999997764825,0.0,,
2015-09-09 00:00:00+00:00,0.2199999988079071,0.25,0.2000000029802322,0.2300000041723251,952435.0,,
2015-09-10 00:00:00+00:00,0.2300000041723251,0.2300000041723251,0.2150000035762787,0.2249999940395355,212195.0,,
2015-09-11 00:00:00+00:00,0.2249999940395355,0.2249999940395355,0.209999993443489,0.209999993443489,193000.0,,
2024-07-23 15:04:44+00:00,45.18000030517578,45.18000030517578,45.165000915527344,45.165000915527344,724.0,,
