symbol,date,open,high,low,close,volume,adjclose,dividends,splits
HYDR,2021-07-13 20:00:00-04:00,122.5,122.75,119.6500015258789,119.80000305175781,2040,119.72823333740234,0.0,0.0
HYDR,2021-07-14 20:00:00-04:00,119.25,119.75,116.9000015258789,118.16500091552734,2200,118.09420776367188,0.0,0.0
HYDR,2021-07-15 20:00:00-04:00,118.2249984741211,118.2249984741211,115.3499984741211,115.3499984741211,1040,115.28089141845703,0.0,0.0
HYDR,2021-07-18 20:00:00-04:00,114.4000015258789,115.65499877929688,112.6449966430664,114.0999984741211,1900,114.0316390991211,0.0,0.0
HYDR,2021-07-19 20:00:00-04:00,115.19999694824219,118.0999984741211,113.9000015258789,117.75,3160,117.67945861816406,0.0,0.0
HYDR,2021-07-20 20:00:00-04:00,119.4000015258789,122.44999694824219,119.4000015258789,122.30000305175781,2440,122.22673797607422,0.0,0.0
HYDR,2021-07-21 20:00:00-04:00,123.55000305175781,123.55000305175781,120.44999694824219,120.44999694824219,2180,120.37783813476562,0.0,0.0
HYDR,2021-07-22 20:00:00-04:00,120.55000305175781,120.55000305175781,117.8499984741211,118.19999694824219,1220,118.12918853759766,0.0,0.0
HYDR,2021-07-25 20:00:00-04:00,117.9000015258789,118.42500305175781,116.0,116.5999984741211,2340,116.53014373779297,0.0,0.0
HYDR,2021-07-26 20:00:00-04:00,116.9000015258789,116.9000015258789,113.69999694824219,114.30000305175781,660,114.23152923583984,0.0,0.0
HYDR,2021-07-27 20:00:00-04:00,118.0999984741211,119.05000305175781,116.0999984741211,119.0,6940,118.9287109375,0.0,0.0
HYDR,2021-07-28 20:00:00-04:00,123.05000305175781,123.05000305175781,119.30000305175781,119.3550033569336,1940,119.28350067138672,0.0,0.0
HYDR,2021-07-29 20:00:00-04:00,118.80000305175781,119.1449966430664,118.1500015258789,118.98500061035156,1260,118.9137191772461,0.0,0.0
HYDR,2021-08-01 20:00:00-04:00,119.5,120.0999984741211,118.2750015258789,118.2750015258789,1720,118.20414733886719,0.0,0.0
HYDR,2021-08-02 20:00:00-04:00,118.5,118.55000305175781,117.0,117.5,1440,117.42960357666016,0.0,0.0
HYDR,2021-08-03 20:00:00-04:00,116.55000305175781,117.4000015258789,114.0,114.0,3500,113.93170166015625,0.0,0.0
HYDR,2021-08-04 20:00:00-04:00,113.0,114.6500015258789,112.25,114.25,6480,114.18155670166016,0.0,0.0
HYDR,2021-08-05 20:00:00-04:00,115.44999694824219,116.3499984741211,114.5999984741211,114.5999984741211,8940,114.53134155273438,0.0,0.0
HYDR,2021-08-08 20:00:00-04:00,116.1500015258789,119.09500122070312,114.42500305175781,118.44999694824219,2760,118.37903594970703,0.0,0.0
HYDR,2021-08-09 20:00:00-04:00,121.94999694824219,122.44999694824219,119.5,120.56999969482422,10920,120.49776458740234,0.0,0.0
HYDR,2021-08-10 20:00:00-04:00,121.75,121.75,117.1500015258789,118.55000305175781,3940,118.4789810180664,0.0,0.0
HYDR,2021-08-11 20:00:00-04:00,117.8499984741211,118.0999984741211,115.0,116.1500015258789,2520,116.0804214477539,0.0,0.0
HYDR,2021-08-12 20:00:00-04:00,115.0,115.0,112.44999694824219,112.44999694824219,2380,112.38262939453125,0.0,0.0
HYDR,2021-08-15 20:00:00-04:00,110.75,111.94999694824219,110.0,110.0999984741211,5460,110.03404235839844,0.0,0.0
HYDR,2021-08-16 20:00:00-04:00,108.05000305175781,108.05000305175781,106.44999694824219,107.4000015258789,2560,107.33566284179688,0.0,0.0
HYDR,2021-08-17 20:00:00-04:00,110.80000305175781,113.75,110.19999694824219,112.5999984741211,1480,112.53253936767578,0.0,0.0
HYDR,2021-08-18 20:00:00-04:00,110.30000305175781,111.25,108.9749984741211,109.05000305175781,1260,108.98467254638672,0.0,0.0
HYDR,2021-08-19 20:00:00-04:00,107.75,109.19999694824219,107.75,109.0,4560,108.93470001220703,0.0,0.0
HYDR,2021-08-22 20:00:00-04:00,109.75,112.8499984741211,109.3499984741211,112.5,1380,112.43260192871094,0.0,0.0
HYDR,2021-08-23 20:00:00-04:00,114.0999984741211,115.0,113.79000091552734,115.0,2020,114.93110656738281,0.0,0.0
HYDR,2021-08-24 20:00:00-04:00,116.1500015258789,117.79499816894531,115.375,117.0,5700,116.9299087524414,0.0,0.0
HYDR,2021-08-25 20:00:00-04:00,117.6500015258789,118.05000305175781,116.0999984741211,116.41500091552734,2920,116.34526062011719,0.0,0.0
HYDR,2021-08-26 20:00:00-04:00,115.75,118.75,115.75,117.69999694824219,4100,117.62948608398438,0.0,0.0
HYDR,2021-08-29 20:00:00-04:00,119.5999984741211,119.5999984741211,116.30000305175781,116.4000015258789,6440,116.33026885986328,0.0,0.0
HYDR,2021-08-30 20:00:00-04:00,117.80000305175781,119.19999694824219,116.5,118.57499694824219,4800,118.50395965576172,0.0,0.0
HYDR,2021-08-31 20:00:00-04:00,119.44999694824219,120.80000305175781,118.6500015258789,120.25,5480,120.17796325683594,0.0,0.0
HYDR,2021-09-01 20:00:00-04:00,121.25,123.42500305175781,121.25,121.3499984741211,5140,121.27729797363281,0.0,0.0
HYDR,2021-09-02 20:00:00-04:00,121.94999694824219,122.5999984741211,120.78500366210938,121.4000015258789,7680,121.3272705078125,0.0,0.0
HYDR,2021-09-06 20:00:00-04:00,122.4000015258789,123.75,121.80000305175781,122.5,9920,122.4266128540039,0.0,0.0
HYDR,2021-09-07 20:00:00-04:00,121.3499984741211,121.3499984741211,116.25,116.69999694824219,19720,116.63008117675781,0.0,0.0
HYDR,2021-09-08 20:00:00-04:00,115.5999984741211,118.375,115.3499984741211,115.55000305175781,5520,115.48078155517578,0.0,0.0
HYDR,2021-09-09 20:00:00-04:00,116.0,116.75,113.19999694824219,113.19999694824219,3360,113.1321792602539,0.0,0.0
HYDR,2021-09-12 20:00:00-04:00,111.80000305175781,112.69999694824219,110.0,111.75,16420,111.68305206298828,0.0,0.0
HYDR,2021-09-13 20:00:00-04:00,114.5,115.5,111.6500015258789,111.69999694824219,5740,111.6330795288086,0.0,0.0
HYDR,2021-09-14 20:00:00-04:00,111.75,111.75,110.5,111.25,2440,111.183349609375,0.0,0.0
HYDR,2021-09-15 20:00:00-04:00,111.25,111.5250015258789,110.1050033569336,111.5250015258789,5180,111.45819091796875,0.0,0.0
HYDR,2021-09-16 20:00:00-04:00,112.0999984741211,113.05000305175781,111.07499694824219,113.05000305175781,3900,112.9822769165039,0.0,0.0
HYDR,2021-09-19 20:00:00-04:00,110.05000305175781,110.80000305175781,107.9000015258789,108.94499969482422,4000,108.87973022460938,0.0,0.0
HYDR,2021-09-20 20:00:00-04:00,109.75,109.98999786376953,107.6500015258789,108.9000015258789,2700,108.83476257324219,0.0,0.0
HYDR,2021-09-21 20:00:00-04:00,109.5999984741211,111.94000244140625,109.5999984741211,111.5,3300,111.4332046508789,0.0,0.0
HYDR,2021-09-22 20:00:00-04:00,113.8499984741211,114.9000015258789,112.375,114.9000015258789,5940,114.83116912841797,0.0,0.0
HYDR,2021-09-23 20:00:00-04:00,114.19999694824219,114.19999694824219,112.0,112.75,3200,112.68244934082031,0.0,0.0
HYDR,2021-09-26 20:00:00-04:00,112.9000015258789,116.25,112.25,115.8499984741211,4920,115.78059387207031,0.0,0.0
HYDR,2021-09-27 20:00:00-04:00,115.0,115.0,110.5999984741211,110.80000305175781,7780,110.73362731933594,0.0,0.0
HYDR,2021-09-28 20:00:00-04:00,112.75,112.75,108.55000305175781,108.55000305175781,2600,108.48497009277344,0.0,0.0
HYDR,2021-09-29 20:00:00-04:00,109.5999984741211,110.1500015258789,109.19999694824219,109.67500305175781,1580,109.60929870605469,0.0,0.0
HYDR,2021-09-30 20:00:00-04:00,109.5,109.5,107.6500015258789,109.19999694824219,1020,109.13457489013672,0.0,0.0
HYDR,2021-10-03 20:00:00-04:00,107.55000305175781,107.55000305175781,103.3499984741211,103.55000305175781,6800,103.48796844482422,0.0,0.0
HYDR,2021-10-04 20:00:00-04:00,105.0,105.0,103.55000305175781,103.5999984741211,3020,103.53793334960938,0.0,0.0
HYDR,2021-10-05 20:00:00-04:00,101.8499984741211,102.3499984741211,100.19999694824219,102.3499984741211,2000,102.28868103027344,0.0,0.0
HYDR,2021-10-06 20:00:00-04:00,104.0,106.3499984741211,104.0,106.3499984741211,1660,106.28628540039062,0.0,0.0
HYDR,2021-10-07 20:00:00-04:00,106.4000015258789,107.1500015258789,105.80000305175781,106.4000015258789,1600,106.33625793457031,0.0,0.0
HYDR,2021-10-10 20:00:00-04:00,106.80000305175781,109.55000305175781,106.80000305175781,108.4000015258789,1800,108.3350601196289,0.0,0.0
HYDR,2021-10-11 20:00:00-04:00,109.75,112.44999694824219,109.25,112.25,15580,112.18275451660156,0.0,0.0
HYDR,2021-10-12 20:00:00-04:00,115.6500015258789,118.94999694824219,115.6500015258789,118.9000015258789,6740,118.82877349853516,0.0,0.0
HYDR,2021-10-13 20:00:00-04:00,119.5999984741211,120.8499984741211,117.3949966430664,118.25,10240,118.17916107177734,0.0,0.0
HYDR,2021-10-14 20:00:00-04:00,118.25,119.0,117.07499694824219,117.07499694824219,4300,117.0048599243164,0.0,0.0
HYDR,2021-10-17 20:00:00-04:00,116.5,119.0,116.5,118.2249984741211,6500,118.1541748046875,0.0,0.0
HYDR,2021-10-18 20:00:00-04:00,119.1500015258789,121.19499969482422,118.6500015258789,120.19999694824219,8800,120.12798309326172,0.0,0.0
HYDR,2021-10-19 20:00:00-04:00,122.0999984741211,122.0999984741211,120.25,120.8499984741211,3720,120.77759552001953,0.0,0.0
HYDR,2021-10-20 20:00:00-04:00,122.25,124.8499984741211,122.25,123.80000305175781,7840,123.72583770751953,0.0,0.0
HYDR,2021-10-21 20:00:00-04:00,122.6500015258789,122.6500015258789,117.69999694824219,118.1500015258789,11900,118.07921600341797,0.0,0.0
HYDR,2021-10-24 20:00:00-04:00,122.19999694824219,124.8499984741211,120.8499984741211,124.8499984741211,8740,124.77519989013672,0.0,0.0
HYDR,2021-10-25 20:00:00-04:00,127.5,128.9499969482422,125.8499984741211,127.25,21820,127.17376708984375,0.0,0.0
HYDR,2021-10-26 20:00:00-04:00,128.35000610351562,128.6999969482422,126.25,126.25,5440,126.17436218261719,0.0,0.0
HYDR,2021-10-27 20:00:00-04:00,126.69999694824219,133.10000610351562,126.69999694824219,131.85000610351562,13740,131.77101135253906,0.0,0.0
HYDR,2021-10-28 20:00:00-04:00,132.5,134.85000610351562,132.0749969482422,134.85000610351562,14840,134.76922607421875,0.0,0.0
HYDR,2021-10-31 20:00:00-04:00,137.85000610351562,141.8000030517578,136.9499969482422,141.8000030517578,23020,141.71505737304688,0.0,0.0
HYDR,2021-11-01 20:00:00-04:00,141.8000030517578,142.8000030517578,138.25,139.8000030517578,14380,139.71624755859375,0.0,0.0
HYDR,2021-11-02 20:00:00-04:00,137.0,139.14999389648438,134.85000610351562,139.0500030517578,9720,138.96670532226562,0.0,0.0
HYDR,2021-11-03 20:00:00-04:00,140.85000610351562,140.85000610351562,137.77499389648438,137.85000610351562,12940,137.76742553710938,0.0,0.0
HYDR,2021-11-04 20:00:00-04:00,137.35000610351562,138.75,135.75,137.25,10100,137.1677703857422,0.0,0.0
HYDR,2021-11-07 19:00:00-05:00,139.4499969482422,145.6999969482422,139.4499969482422,144.8000030517578,11700,144.7132568359375,0.0,0.0
HYDR,2021-11-08 19:00:00-05:00,145.5,146.14999389648438,140.60000610351562,142.0500030517578,15200,141.96490478515625,0.0,0.0
HYDR,2021-11-09 19:00:00-05:00,139.6999969482422,142.85000610351562,137.85000610351562,140.0500030517578,10020,139.96609497070312,0.0,0.0
HYDR,2021-11-10 19:00:00-05:00,139.8000030517578,143.19500732421875,137.60000610351562,141.39999389648438,16860,141.31527709960938,0.0,0.0
HYDR,2021-11-11 19:00:00-05:00,143.25,144.3000030517578,141.5,142.85000610351562,12080,142.76441955566406,0.0,0.0
HYDR,2021-11-14 19:00:00-05:00,143.10000610351562,143.10000610351562,137.8000030517578,138.0,8780,137.91732788085938,0.0,0.0
HYDR,2021-11-15 19:00:00-05:00,138.64999389648438,139.02000427246094,135.0500030517578,139.0,13580,138.91673278808594,0.0,0.0
HYDR,2021-11-16 19:00:00-05:00,138.64999389648438,140.5500030517578,136.1999969482422,137.14999389648438,7060,137.0678253173828,0.0,0.0
HYDR,2021-11-17 19:00:00-05:00,137.14999389648438,137.14999389648438,129.25,130.75,17000,130.6716766357422,0.0,0.0
HYDR,2021-11-18 19:00:00-05:00,130.8000030517578,134.64500427246094,130.8000030517578,133.39999389648438,10560,133.320068359375,0.0,0.0
HYDR,2021-11-21 19:00:00-05:00,135.0,135.0,128.14999389648438,128.9499969482422,15700,128.87274169921875,0.0,0.0
HYDR,2021-11-22 19:00:00-05:00,128.35000610351562,129.75,124.44999694824219,126.5,6900,126.4242172241211,0.0,0.0
HYDR,2021-11-23 19:00:00-05:00,125.9000015258789,127.6500015258789,123.55000305175781,127.44999694824219,8180,127.37364196777344,0.0,0.0
HYDR,2021-11-25 19:00:00-05:00,123.80000305175781,125.0,120.5999984741211,123.1500015258789,9760,123.07622528076172,0.0,0.0
HYDR,2021-11-28 19:00:00-05:00,125.19999694824219,125.94999694824219,121.75,124.5,4500,124.4254150390625,0.0,0.0
HYDR,2021-11-29 19:00:00-05:00,123.19999694824219,124.5,118.25,121.9000015258789,13380,121.82697296142578,0.0,0.0
HYDR,2021-11-30 19:00:00-05:00,125.05000305175781,125.0999984741211,116.30000305175781,117.19999694824219,10820,117.1297836303711,0.0,0.0
HYDR,2021-12-01 19:00:00-05:00,115.75,118.0,115.1050033569336,116.8499984741211,5740,116.77999877929688,0.0,0.0
HYDR,2021-12-02 19:00:00-05:00,116.94999694824219,116.94999694824219,108.7750015258789,110.3499984741211,15060,110.28388977050781,0.0,0.0
HYDR,2021-12-05 19:00:00-05:00,109.5999984741211,112.1500015258789,106.25,110.30000305175781,7820,110.23392486572266,0.0,0.0
HYDR,2021-12-06 19:00:00-05:00,115.5,118.4000015258789,115.5,117.5,17640,117.42960357666016,0.0,0.0
HYDR,2021-12-07 19:00:00-05:00,116.69999694824219,117.75,115.5999984741211,116.5999984741211,3240,116.53014373779297,0.0,0.0
HYDR,2021-12-08 19:00:00-05:00,115.0999984741211,116.0999984741211,110.75,111.0999984741211,10060,111.03343963623047,0.0,0.0
HYDR,2021-12-09 19:00:00-05:00,111.55000305175781,111.94999694824219,109.0,109.4000015258789,15860,109.33446502685547,0.0,0.0
HYDR,2021-12-12 19:00:00-05:00,108.69999694824219,108.75,105.55000305175781,107.0999984741211,7440,107.03583526611328,0.0,0.0
HYDR,2021-12-13 19:00:00-05:00,105.44999694824219,105.9000015258789,102.75,103.69999694824219,8340,103.63787078857422,0.0,0.0
HYDR,2021-12-14 19:00:00-05:00,104.0,106.0999984741211,100.80000305175781,105.5999984741211,10320,105.53673553466797,0.0,0.0
HYDR,2021-12-15 19:00:00-05:00,108.19999694824219,108.19999694824219,103.44999694824219,103.5,7420,103.43799591064453,0.0,0.0
HYDR,2021-12-16 19:00:00-05:00,102.5999984741211,105.4000015258789,100.55000305175781,104.30000305175781,13080,104.23751831054688,0.0,0.0
HYDR,2021-12-19 19:00:00-05:00,100.9000015258789,101.25,98.9749984741211,99.4000015258789,10540,99.3404541015625,0.0,0.0
HYDR,2021-12-20 19:00:00-05:00,101.3499984741211,103.44999694824219,100.86000061035156,103.0999984741211,5140,103.0382308959961,0.0,0.0
HYDR,2021-12-21 19:00:00-05:00,103.44999694824219,105.0,103.25,104.55000305175781,10980,104.48736572265625,0.0,0.0
HYDR,2021-12-22 19:00:00-05:00,104.94999694824219,105.74500274658203,103.25,105.19999694824219,10120,105.13697052001953,0.0,0.0
HYDR,2021-12-26 19:00:00-05:00,106.30000305175781,107.19999694824219,105.19999694824219,105.55000305175781,6820,105.48677062988281,0.0,0.0
HYDR,2021-12-27 19:00:00-05:00,105.0,105.1500015258789,102.75,103.8499984741211,11200,103.78778076171875,0.0,0.0
HYDR,2021-12-28 19:00:00-05:00,101.75,101.75,98.75,100.1500015258789,13240,100.09000396728516,0.0,0.0
HYDR,2021-12-29 19:00:00-05:00,101.0999984741211,104.51499938964844,101.0999984741211,102.75,6800,102.75,0.06,0.0
HYDR,2021-12-30 19:00:00-05:00,103.94999694824219,104.65499877929688,102.8499984741211,103.0999984741211,7280,103.0999984741211,0.0,0.0
HYDR,2022-01-02 19:00:00-05:00,104.80000305175781,105.69999694824219,103.625,105.3499984741211,11920,105.3499984741211,0.0,0.0
HYDR,2022-01-03 19:00:00-05:00,105.05000305175781,105.0999984741211,101.4000015258789,103.3499984741211,9900,103.3499984741211,0.0,0.0
HYDR,2022-01-04 19:00:00-05:00,103.3499984741211,103.72000122070312,99.0,99.0,9620,99.0,0.0,0.0
HYDR,2022-01-05 19:00:00-05:00,98.75,98.75,95.0999984741211,96.8499984741211,13220,96.8499984741211,0.0,0.0
HYDR,2022-01-06 19:00:00-05:00,96.3499984741211,98.0,95.05000305175781,95.30000305175781,5040,95.30000305175781,0.0,0.0
HYDR,2022-01-09 19:00:00-05:00,93.80000305175781,93.80000305175781,90.9000015258789,92.68000030517578,8540,92.68000030517578,0.0,0.0
HYDR,2022-01-10 19:00:00-05:00,92.9000015258789,94.69999694824219,92.0,94.4000015258789,4980,94.4000015258789,0.0,0.0
HYDR,2022-01-11 19:00:00-05:00,95.5999984741211,96.30000305175781,93.30000305175781,93.75,8800,93.75,0.0,0.0
HYDR,2022-01-12 19:00:00-05:00,94.6500015258789,95.25,92.0,92.0,6440,92.0,0.0,0.0
HYDR,2022-01-13 19:00:00-05:00,90.6500015258789,91.3499984741211,89.0999984741211,90.25,5520,90.25,0.0,0.0
HYDR,2022-01-17 19:00:00-05:00,87.5,88.25,86.05000305175781,86.05000305175781,8360,86.05000305175781,0.0,0.0
HYDR,2022-01-18 19:00:00-05:00,86.66500091552734,86.75,83.3499984741211,83.3499984741211,5340,83.3499984741211,0.0,0.0
HYDR,2022-01-19 19:00:00-05:00,83.3499984741211,88.0,83.3499984741211,84.0,15640,84.0,0.0,0.0
HYDR,2022-01-20 19:00:00-05:00,82.9000015258789,83.3499984741211,80.42500305175781,80.5999984741211,6400,80.5999984741211,0.0,0.0
HYDR,2022-01-23 19:00:00-05:00,76.30000305175781,78.5999984741211,73.0,78.0,22720,78.0,0.0,0.0
HYDR,2022-01-24 19:00:00-05:00,75.80000305175781,76.80000305175781,74.17500305175781,75.9000015258789,9460,75.9000015258789,0.0,0.0
HYDR,2022-01-25 19:00:00-05:00,78.6500015258789,79.1500015258789,75.30000305175781,75.30000305175781,8360,75.30000305175781,0.0,0.0
HYDR,2022-01-26 19:00:00-05:00,75.55000305175781,76.1500015258789,71.05000305175781,71.19999694824219,7300,71.19999694824219,0.0,0.0
HYDR,2022-01-27 19:00:00-05:00,70.94999694824219,72.58499908447266,69.30000305175781,72.05000305175781,4320,72.05000305175781,0.0,0.0
HYDR,2022-01-30 19:00:00-05:00,73.55000305175781,79.4000015258789,73.55000305175781,79.3499984741211,8900,79.3499984741211,0.0,0.0
HYDR,2022-01-31 19:00:00-05:00,80.25,80.8499984741211,78.05000305175781,80.8499984741211,7500,80.8499984741211,0.0,0.0
HYDR,2022-02-01 19:00:00-05:00,82.25,82.30000305175781,78.8499984741211,79.0999984741211,7200,79.0999984741211,0.0,0.0
HYDR,2022-02-02 19:00:00-05:00,77.1500015258789,78.875,76.0,76.0999984741211,7620,76.0999984741211,0.0,0.0
HYDR,2022-02-03 19:00:00-05:00,76.0999984741211,78.0,76.0999984741211,77.1500015258789,12020,77.1500015258789,0.0,0.0
HYDR,2022-02-06 19:00:00-05:00,76.75,78.96499633789062,76.75,77.19999694824219,6080,77.19999694824219,0.0,0.0
HYDR,2022-02-07 19:00:00-05:00,75.8499984741211,77.25,75.1500015258789,77.05000305175781,3340,77.05000305175781,0.0,0.0
HYDR,2022-02-08 19:00:00-05:00,80.44999694824219,81.69999694824219,79.6500015258789,81.5,7800,81.5,0.0,0.0
HYDR,2022-02-09 19:00:00-05:00,78.69999694824219,82.0999984741211,78.30000305175781,79.0,8760,79.0,0.0,0.0
HYDR,2022-02-10 19:00:00-05:00,80.6500015258789,82.3499984741211,78.0,79.0,13760,79.0,0.0,0.0
HYDR,2022-02-13 19:00:00-05:00,77.94999694824219,79.29499816894531,76.25,77.5,12560,77.5,0.0,0.0
HYDR,2022-02-14 19:00:00-05:00,80.9000015258789,84.25,80.4000015258789,83.80000305175781,11340,83.80000305175781,0.0,0.0
HYDR,2022-02-15 19:00:00-05:00,83.30000305175781,84.25,82.0,83.9000015258789,3660,83.9000015258789,0.0,0.0
HYDR,2022-02-16 19:00:00-05:00,82.80000305175781,83.5999984741211,80.9000015258789,81.19999694824219,8180,81.19999694824219,0.0,0.0
HYDR,2022-02-17 19:00:00-05:00,80.19999694824219,80.55000305175781,78.1500015258789,78.6500015258789,8320,78.6500015258789,0.0,0.0
HYDR,2022-02-21 19:00:00-05:00,77.30000305175781,77.30000305175781,74.4000015258789,74.9000015258789,9560,74.9000015258789,0.0,0.0
HYDR,2022-02-22 19:00:00-05:00,76.3499984741211,77.1500015258789,73.80000305175781,74.19999694824219,7860,74.19999694824219,0.0,0.0
HYDR,2022-02-23 19:00:00-05:00,70.0,79.80000305175781,69.44999694824219,79.30000305175781,17200,79.30000305175781,0.0,0.0
HYDR,2022-02-24 19:00:00-05:00,80.30000305175781,82.0,78.1500015258789,81.8499984741211,7720,81.8499984741211,0.0,0.0
HYDR,2022-02-27 19:00:00-05:00,87.19999694824219,91.55000305175781,86.19999694824219,90.44999694824219,23900,90.44999694824219,0.0,0.0
HYDR,2022-02-28 19:00:00-05:00,90.5,90.5,85.80000305175781,88.0999984741211,13520,88.0999984741211,0.0,0.0
HYDR,2022-03-01 19:00:00-05:00,89.80000305175781,90.0999984741211,87.94999694824219,89.94999694824219,8320,89.94999694824219,0.0,0.0
HYDR,2022-03-02 19:00:00-05:00,89.6500015258789,89.6500015258789,84.55000305175781,85.3499984741211,12460,85.3499984741211,0.0,0.0
HYDR,2022-03-03 19:00:00-05:00,83.3499984741211,85.55000305175781,81.5,82.30000305175781,12620,82.30000305175781,0.0,0.0
HYDR,2022-03-06 19:00:00-05:00,84.8499984741211,86.4000015258789,83.5999984741211,84.19999694824219,9460,84.19999694824219,0.0,0.0
HYDR,2022-03-07 19:00:00-05:00,88.30000305175781,95.54499816894531,86.6500015258789,93.75,29060,93.75,0.0,0.0
HYDR,2022-03-08 19:00:00-05:00,95.80000305175781,96.30000305175781,92.5,95.94999694824219,17260,95.94999694824219,0.0,0.0
HYDR,2022-03-09 19:00:00-05:00,94.1500015258789,95.19999694824219,92.30000305175781,93.69999694824219,10480,93.69999694824219,0.0,0.0
HYDR,2022-03-10 19:00:00-05:00,97.3499984741211,98.69999694824219,93.875,93.9000015258789,16040,93.9000015258789,0.0,0.0
HYDR,2022-03-13 20:00:00-04:00,92.3499984741211,92.3499984741211,87.07499694824219,87.30000305175781,18200,87.30000305175781,0.0,0.0
HYDR,2022-03-14 20:00:00-04:00,86.8499984741211,89.44999694824219,84.3499984741211,87.0999984741211,11140,87.0999984741211,0.0,0.0
HYDR,2022-03-15 20:00:00-04:00,89.3499984741211,92.5,88.75499725341797,92.44999694824219,4760,92.44999694824219,0.0,0.0
HYDR,2022-03-16 20:00:00-04:00,91.05000305175781,94.9000015258789,91.05000305175781,94.5,7440,94.5,0.0,0.0
HYDR,2022-03-17 20:00:00-04:00,93.1500015258789,96.19999694824219,93.1500015258789,95.80000305175781,4220,95.80000305175781,0.0,0.0
HYDR,2022-03-20 20:00:00-04:00,95.0,95.0,92.05000305175781,92.94999694824219,9720,92.94999694824219,0.0,0.0
HYDR,2022-03-21 20:00:00-04:00,93.4000015258789,97.3499984741211,93.4000015258789,96.55000305175781,9060,96.55000305175781,0.0,0.0
HYDR,2022-03-22 20:00:00-04:00,95.1500015258789,97.8499984741211,94.41000366210938,95.05000305175781,7620,95.05000305175781,0.0,0.0
HYDR,2022-03-23 20:00:00-04:00,95.6500015258789,96.94999694824219,93.75,96.94999694824219,25680,96.94999694824219,0.0,0.0
HYDR,2022-03-24 20:00:00-04:00,97.1500015258789,97.1500015258789,93.25,94.30000305175781,3800,94.30000305175781,0.0,0.0
HYDR,2022-03-27 20:00:00-04:00,94.0999984741211,95.55000305175781,92.0,94.0,12080,94.0,0.0,0.0
HYDR,2022-03-28 20:00:00-04:00,94.30000305175781,97.9000015258789,94.30000305175781,97.69999694824219,12280,97.69999694824219,0.0,0.0
HYDR,2022-03-29 20:00:00-04:00,97.55000305175781,98.6500015258789,95.75,95.8499984741211,23660,95.8499984741211,0.0,0.0
HYDR,2022-03-30 20:00:00-04:00,95.94999694824219,97.44999694824219,95.30000305175781,95.30000305175781,7380,95.30000305175781,0.0,0.0
HYDR,2022-03-31 20:00:00-04:00,95.5,96.0,93.5,95.44999694824219,6780,95.44999694824219,0.0,0.0
HYDR,2022-04-03 20:00:00-04:00,96.0,101.1500015258789,96.0,100.69999694824219,16000,100.69999694824219,0.0,0.0
HYDR,2022-04-04 20:00:00-04:00,102.44999694824219,102.8499984741211,98.25,98.44999694824219,7580,98.44999694824219,0.0,0.0
HYDR,2022-04-05 20:00:00-04:00,97.30000305175781,97.30000305175781,93.30000305175781,96.0999984741211,9180,96.0999984741211,0.0,0.0
HYDR,2022-04-06 20:00:00-04:00,95.05000305175781,95.0999984741211,91.80500030517578,94.69999694824219,7900,94.69999694824219,0.0,0.0
HYDR,2022-04-07 20:00:00-04:00,93.55000305175781,93.55000305175781,91.5,91.5,3060,91.5,0.0,0.0
HYDR,2022-04-10 20:00:00-04:00,90.5,93.4000015258789,90.0,91.80000305175781,5460,91.80000305175781,0.0,0.0
HYDR,2022-04-11 20:00:00-04:00,91.80000305175781,93.5250015258789,89.9749984741211,90.1500015258789,5080,90.1500015258789,0.0,0.0
HYDR,2022-04-12 20:00:00-04:00,90.9000015258789,93.55000305175781,90.9000015258789,93.0,5520,93.0,0.0,0.0
HYDR,2022-04-13 20:00:00-04:00,92.94999694824219,94.3499984741211,90.9000015258789,91.44999694824219,17880,91.44999694824219,0.0,0.0
HYDR,2022-04-17 20:00:00-04:00,90.25,90.73999786376953,89.0,90.0999984741211,2680,90.0999984741211,0.0,0.0
HYDR,2022-04-18 20:00:00-04:00,90.4000015258789,93.30000305175781,90.05000305175781,92.75,8940,92.75,0.0,0.0
HYDR,2022-04-19 20:00:00-04:00,94.25,94.25,90.94999694824219,92.1500015258789,14380,92.1500015258789,0.0,0.0
HYDR,2022-04-20 20:00:00-04:00,91.94999694824219,92.44999694824219,83.94999694824219,84.44999694824219,16840,84.44999694824219,0.0,0.0
HYDR,2022-04-21 20:00:00-04:00,84.25,84.69499969482422,80.75,81.5,7500,81.5,0.0,0.0
HYDR,2022-04-24 20:00:00-04:00,79.9000015258789,82.55000305175781,78.8499984741211,82.44999694824219,14440,82.44999694824219,0.0,0.0
HYDR,2022-04-25 20:00:00-04:00,81.4000015258789,81.4000015258789,78.8499984741211,79.5,5640,79.5,0.0,0.0
HYDR,2022-04-26 20:00:00-04:00,79.1500015258789,80.75,78.30000305175781,78.55000305175781,4120,78.55000305175781,0.0,0.0
HYDR,2022-04-27 20:00:00-04:00,78.05000305175781,78.05000305175781,74.5999984741211,77.5,19580,77.5,0.0,0.0
HYDR,2022-04-28 20:00:00-04:00,77.44999694824219,79.44999694824219,76.0999984741211,77.0999984741211,21160,77.0999984741211,0.0,0.0
HYDR,2022-05-01 20:00:00-04:00,75.69999694824219,77.5,74.6500015258789,76.44999694824219,6020,76.44999694824219,0.0,0.0
HYDR,2022-05-02 20:00:00-04:00,77.05000305175781,78.70999908447266,77.0,78.05000305175781,5080,78.05000305175781,0.0,0.0
HYDR,2022-05-03 20:00:00-04:00,78.6500015258789,82.5,77.4000015258789,82.0999984741211,11620,82.0999984741211,0.0,0.0
HYDR,2022-05-04 20:00:00-04:00,80.5,80.6500015258789,76.0,77.0,9260,77.0,0.0,0.0
HYDR,2022-05-05 20:00:00-04:00,75.69999694824219,75.80000305175781,71.5,73.0999984741211,9620,73.0999984741211,0.0,0.0
HYDR,2022-05-08 20:00:00-04:00,70.5999984741211,70.5999984741211,66.0999984741211,66.25,21220,66.25,0.0,0.0
HYDR,2022-05-09 20:00:00-04:00,67.80000305175781,67.80000305175781,63.349998474121094,64.5,7740,64.5,0.0,0.0
HYDR,2022-05-10 20:00:00-04:00,65.3499984741211,66.44999694824219,61.650001525878906,62.650001525878906,11440,62.650001525878906,0.0,0.0
HYDR,2022-05-11 20:00:00-04:00,59.95000076293945,62.79999923706055,58.42499923706055,61.0,17520,61.0,0.0,0.0
HYDR,2022-05-12 20:00:00-04:00,63.70000076293945,66.1500015258789,63.70000076293945,65.55000305175781,7100,65.55000305175781,0.0,0.0
HYDR,2022-05-15 20:00:00-04:00,64.55000305175781,65.5,63.650001525878906,63.79999923706055,5160,63.79999923706055,0.0,0.0
HYDR,2022-05-16 20:00:00-04:00,66.0,66.93499755859375,64.4000015258789,66.5,12580,66.5,0.0,0.0
HYDR,2022-05-17 20:00:00-04:00,66.9000015258789,68.1500015258789,65.05000305175781,65.75,10200,65.75,0.0,0.0
HYDR,2022-05-18 20:00:00-04:00,64.80000305175781,69.0,64.80000305175781,68.0,4600,68.0,0.0,0.0
HYDR,2022-05-19 20:00:00-04:00,69.30000305175781,69.80000305175781,65.3499984741211,67.75,5920,67.75,0.0,0.0
HYDR,2022-05-22 20:00:00-04:00,68.6500015258789,69.19999694824219,67.5,69.1500015258789,3740,69.1500015258789,0.0,0.0
HYDR,2022-05-23 20:00:00-04:00,67.8499984741211,67.8499984741211,65.6500015258789,65.8499984741211,4880,65.8499984741211,0.0,0.0
HYDR,2022-05-24 20:00:00-04:00,64.9000015258789,66.34500122070312,64.9000015258789,66.19999694824219,3440,66.19999694824219,0.0,0.0
HYDR,2022-05-25 20:00:00-04:00,66.5,69.0,66.5,68.8499984741211,7980,68.8499984741211,0.0,0.0
HYDR,2022-05-26 20:00:00-04:00,70.1500015258789,73.30000305175781,70.1500015258789,73.30000305175781,7180,73.30000305175781,0.0,0.0
HYDR,2022-05-30 20:00:00-04:00,73.30000305175781,73.30000305175781,71.05000305175781,72.0,6320,72.0,0.0,0.0
HYDR,2022-05-31 20:00:00-04:00,72.25,72.25,69.5,70.0999984741211,6320,70.0999984741211,0.0,0.0
HYDR,2022-06-01 20:00:00-04:00,70.1500015258789,73.46499633789062,70.1500015258789,73.4000015258789,20200,73.4000015258789,0.0,0.0
HYDR,2022-06-02 20:00:00-04:00,72.1500015258789,72.33999633789062,70.75,71.19999694824219,8740,71.19999694824219,0.0,0.0
HYDR,2022-06-05 20:00:00-04:00,72.94999694824219,74.30000305175781,72.05000305175781,73.19999694824219,4240,73.19999694824219,0.0,0.0
HYDR,2022-06-06 20:00:00-04:00,71.44999694824219,73.4000015258789,71.3499984741211,73.0,1580,73.0,0.0,0.0
HYDR,2022-06-07 20:00:00-04:00,72.80000305175781,73.2750015258789,71.8499984741211,72.19999694824219,10060,72.19999694824219,0.0,0.0
HYDR,2022-06-08 20:00:00-04:00,69.5999984741211,70.5,66.55000305175781,66.9000015258789,8820,66.9000015258789,0.0,0.0
HYDR,2022-06-09 20:00:00-04:00,65.9000015258789,66.25,64.0,64.55000305175781,9000,64.55000305175781,0.0,0.0
HYDR,2022-06-12 20:00:00-04:00,61.0,61.04999923706055,58.54999923706055,59.25,7360,59.25,0.0,0.0
HYDR,2022-06-13 20:00:00-04:00,59.349998474121094,59.349998474121094,57.04999923706055,57.650001525878906,7180,57.650001525878906,0.0,0.0
HYDR,2022-06-14 20:00:00-04:00,58.95000076293945,61.5,58.75,60.95000076293945,12640,60.95000076293945,0.0,0.0
HYDR,2022-06-15 20:00:00-04:00,59.900001525878906,59.900001525878906,57.5,58.650001525878906,6860,58.650001525878906,0.0,0.0
HYDR,2022-06-16 20:00:00-04:00,59.400001525878906,61.900001525878906,59.400001525878906,61.54999923706055,3700,61.54999923706055,0.0,0.0
HYDR,2022-06-20 20:00:00-04:00,64.0,65.1500015258789,63.5,63.849998474121094,12420,63.849998474121094,0.0,0.0
HYDR,2022-06-21 20:00:00-04:00,63.04999923706055,64.55000305175781,63.025001525878906,63.900001525878906,6000,63.900001525878906,0.0,0.0
HYDR,2022-06-22 20:00:00-04:00,62.400001525878906,63.79999923706055,61.224998474121094,63.45000076293945,9200,63.45000076293945,0.0,0.0
HYDR,2022-06-23 20:00:00-04:00,64.3499984741211,65.05000305175781,63.72999954223633,64.5,5640,64.5,0.0,0.0
HYDR,2022-06-26 20:00:00-04:00,64.94999694824219,65.55000305175781,63.54999923706055,64.25,4660,64.25,0.0,0.0
HYDR,2022-06-27 20:00:00-04:00,64.69999694824219,65.30000305175781,62.349998474121094,62.79999923706055,9120,62.79999923706055,0.0,0.0
HYDR,2022-06-28 20:00:00-04:00,61.79999923706055,62.099998474121094,59.54999923706055,60.150001525878906,6300,60.150001525878906,0.0,0.0
HYDR,2022-06-29 20:00:00-04:00,59.150001525878906,60.45000076293945,58.25,60.20000076293945,4840,60.20000076293945,0.0,0.0
HYDR,2022-06-30 20:00:00-04:00,59.95000076293945,61.0,59.75,60.834999084472656,1200,60.834999084472656,0.0,0.0
HYDR,2022-07-04 20:00:00-04:00,58.79999923706055,60.79999923706055,57.5,60.400001525878906,8380,60.400001525878906,0.0,0.0
HYDR,2022-07-05 20:00:00-04:00,60.150001525878906,60.95000076293945,59.650001525878906,60.75,5540,60.75,0.0,0.0
HYDR,2022-07-06 20:00:00-04:00,62.0,64.80000305175781,62.0,64.44999694824219,11840,64.44999694824219,0.0,0.0
HYDR,2022-07-07 20:00:00-04:00,64.25,66.0999984741211,63.45000076293945,65.69999694824219,8960,65.69999694824219,0.0,0.0
HYDR,2022-07-10 20:00:00-04:00,65.25,65.25,62.5,63.0,5200,63.0,0.0,0.0
HYDR,2022-07-11 20:00:00-04:00,62.45000076293945,62.95000076293945,61.349998474121094,61.849998474121094,6800,61.849998474121094,0.0,0.0
HYDR,2022-07-12 20:00:00-04:00,60.25,62.650001525878906,60.0,62.099998474121094,4980,62.099998474121094,0.0,0.0
HYDR,2022-07-13 20:00:00-04:00,60.79999923706055,60.79999923706055,59.79999923706055,60.349998474121094,6360,60.349998474121094,0.0,0.0
HYDR,2022-07-14 20:00:00-04:00,60.25,60.25,58.0,59.349998474121094,4560,59.349998474121094,0.0,0.0
HYDR,2022-07-17 20:00:00-04:00,62.75,64.8499984741211,62.54999923706055,63.75,10920,63.75,0.0,0.0
HYDR,2022-07-18 20:00:00-04:00,64.94999694824219,65.94999694824219,64.4000015258789,65.80000305175781,6260,65.80000305175781,0.0,0.0
HYDR,2022-07-19 20:00:00-04:00,65.30000305175781,66.9000015258789,64.9000015258789,66.05000305175781,3380,66.05000305175781,0.0,0.0
HYDR,2022-07-20 20:00:00-04:00,66.1500015258789,66.8499984741211,65.30000305175781,66.8499984741211,2280,66.8499984741211,0.0,0.0
HYDR,2022-07-21 20:00:00-04:00,66.80000305175781,66.94999694824219,65.0999984741211,65.25,6200,65.25,0.0,0.0
HYDR,2022-07-24 20:00:00-04:00,65.05000305175781,65.36499786376953,63.95000076293945,64.30000305175781,4540,64.30000305175781,0.0,0.0
HYDR,2022-07-25 20:00:00-04:00,64.30000305175781,64.30000305175781,62.5,62.900001525878906,2120,62.900001525878906,0.0,0.0
HYDR,2022-07-26 20:00:00-04:00,63.95000076293945,65.94999694824219,63.79999923706055,65.30000305175781,10840,65.30000305175781,0.0,0.0
HYDR,2022-07-27 20:00:00-04:00,70.0,73.3499984741211,69.69999694824219,72.55000305175781,16600,72.55000305175781,0.0,0.0
HYDR,2022-07-28 20:00:00-04:00,72.55000305175781,72.79499816894531,70.9000015258789,72.55000305175781,5680,72.55000305175781,0.0,0.0
HYDR,2022-07-31 20:00:00-04:00,71.05000305175781,71.30000305175781,69.86000061035156,71.1500015258789,4660,71.1500015258789,0.0,0.0
HYDR,2022-08-01 20:00:00-04:00,70.1500015258789,73.30000305175781,70.1500015258789,73.0999984741211,3380,73.0999984741211,0.0,0.0
HYDR,2022-08-02 20:00:00-04:00,73.0999984741211,73.0999984741211,71.4000015258789,72.94999694824219,4420,72.94999694824219,0.0,0.0
HYDR,2022-08-03 20:00:00-04:00,73.44999694824219,75.1500015258789,73.18499755859375,75.1500015258789,6600,75.1500015258789,0.0,0.0
HYDR,2022-08-04 20:00:00-04:00,74.25,75.6500015258789,73.3499984741211,75.30000305175781,8860,75.30000305175781,0.0,0.0
HYDR,2022-08-07 20:00:00-04:00,77.5999984741211,78.0,76.0,76.8499984741211,15600,76.8499984741211,0.0,0.0
HYDR,2022-08-08 20:00:00-04:00,75.05000305175781,75.19999694824219,74.05000305175781,74.44999694824219,5280,74.44999694824219,0.0,0.0
HYDR,2022-08-09 20:00:00-04:00,76.4000015258789,80.8499984741211,76.0999984741211,80.5999984741211,21220,80.5999984741211,0.0,0.0
HYDR,2022-08-10 20:00:00-04:00,83.4000015258789,83.55000305175781,80.94999694824219,81.05000305175781,30320,81.05000305175781,0.0,0.0
HYDR,2022-08-11 20:00:00-04:00,80.5,82.75,79.0999984741211,82.4000015258789,30080,82.4000015258789,0.0,0.0
HYDR,2022-08-14 20:00:00-04:00,82.44999694824219,83.79000091552734,82.0,82.80000305175781,12460,82.80000305175781,0.0,0.0
HYDR,2022-08-15 20:00:00-04:00,82.5,82.5,79.25,80.8499984741211,24080,80.8499984741211,0.0,0.0
HYDR,2022-08-16 20:00:00-04:00,78.94999694824219,79.44999694824219,77.75,79.1500015258789,16880,79.1500015258789,0.0,0.0
HYDR,2022-08-17 20:00:00-04:00,78.44999694824219,78.44999694824219,76.94999694824219,77.5,7100,77.5,0.0,0.0
HYDR,2022-08-18 20:00:00-04:00,75.0999984741211,75.0999984741211,73.05000305175781,73.4000015258789,13380,73.4000015258789,0.0,0.0
HYDR,2022-08-21 20:00:00-04:00,71.19999694824219,71.75,70.375,71.75,37820,71.75,0.0,0.0
HYDR,2022-08-22 20:00:00-04:00,72.05000305175781,73.9000015258789,71.80000305175781,72.25,8500,72.25,0.0,0.0
HYDR,2022-08-23 20:00:00-04:00,72.6500015258789,75.79499816894531,72.6500015258789,75.69999694824219,5940,75.69999694824219,0.0,0.0
HYDR,2022-08-24 20:00:00-04:00,78.94999694824219,79.44999694824219,76.94999694824219,79.44999694824219,9640,79.44999694824219,0.0,0.0
HYDR,2022-08-25 20:00:00-04:00,78.9000015258789,79.23999786376953,75.3499984741211,75.5999984741211,9200,75.5999984741211,0.0,0.0
HYDR,2022-08-28 20:00:00-04:00,74.0,76.0999984741211,73.75,74.80000305175781,16400,74.80000305175781,0.0,0.0
HYDR,2022-08-29 20:00:00-04:00,75.5,76.37000274658203,73.0,74.05000305175781,8220,74.05000305175781,0.0,0.0
HYDR,2022-08-30 20:00:00-04:00,74.1500015258789,74.9000015258789,73.0,73.55000305175781,61860,73.55000305175781,0.0,0.0
HYDR,2022-08-31 20:00:00-04:00,71.80000305175781,71.80000305175781,69.05000305175781,70.8499984741211,11980,70.8499984741211,0.0,0.0
HYDR,2022-09-01 20:00:00-04:00,71.4000015258789,71.4000015258789,67.75,68.44999694824219,9060,68.44999694824219,0.0,0.0
HYDR,2022-09-05 20:00:00-04:00,68.94999694824219,68.94999694824219,67.30000305175781,68.3499984741211,8380,68.3499984741211,0.0,0.0
HYDR,2022-09-06 20:00:00-04:00,66.94999694824219,70.0,66.69999694824219,69.86499786376953,6520,69.86499786376953,0.0,0.0
HYDR,2022-09-07 20:00:00-04:00,68.5999984741211,70.55000305175781,68.5999984741211,70.0999984741211,17520,70.0999984741211,0.0,0.0
HYDR,2022-09-08 20:00:00-04:00,72.0,73.30000305175781,72.0,73.30000305175781,5820,73.30000305175781,0.0,0.0
HYDR,2022-09-11 20:00:00-04:00,73.3499984741211,73.55000305175781,72.05000305175781,73.0,8360,73.0,0.0,0.0
HYDR,2022-09-12 20:00:00-04:00,70.8499984741211,71.0999984741211,69.44999694824219,70.19999694824219,5140,70.19999694824219,0.0,0.0
HYDR,2022-09-13 20:00:00-04:00,68.5999984741211,70.1500015258789,67.55000305175781,70.05000305175781,20260,70.05000305175781,0.0,0.0
HYDR,2022-09-14 20:00:00-04:00,69.0999984741211,70.38999938964844,68.2249984741211,68.55000305175781,12360,68.55000305175781,0.0,0.0
HYDR,2022-09-15 20:00:00-04:00,66.6500015258789,67.05000305175781,65.1500015258789,66.0999984741211,6940,66.0999984741211,0.0,0.0
HYDR,2022-09-18 20:00:00-04:00,65.4000015258789,66.6500015258789,65.4000015258789,66.0999984741211,4160,66.0999984741211,0.0,0.0
HYDR,2022-09-19 20:00:00-04:00,64.8499984741211,64.9749984741211,63.20500183105469,63.45000076293945,4080,63.45000076293945,0.0,0.0
HYDR,2022-09-20 20:00:00-04:00,64.0,65.05000305175781,62.70000076293945,63.20000076293945,7800,63.20000076293945,0.0,0.0
HYDR,2022-09-21 20:00:00-04:00,62.54999923706055,62.54999923706055,60.0,60.5,9880,60.5,0.0,0.0
HYDR,2022-09-22 20:00:00-04:00,58.349998474121094,58.79999923706055,56.650001525878906,57.349998474121094,12960,57.349998474121094,0.0,0.0
HYDR,2022-09-25 20:00:00-04:00,57.0,58.45000076293945,56.150001525878906,56.599998474121094,8260,56.599998474121094,0.0,0.0
HYDR,2022-09-26 20:00:00-04:00,58.099998474121094,58.75,56.5,57.5,8040,57.5,0.0,0.0
HYDR,2022-09-27 20:00:00-04:00,57.20000076293945,58.900001525878906,57.099998474121094,58.79999923706055,6960,58.79999923706055,0.0,0.0
HYDR,2022-09-28 20:00:00-04:00,57.54999923706055,57.54999923706055,54.099998474121094,55.099998474121094,13080,55.099998474121094,0.0,0.0
HYDR,2022-09-29 20:00:00-04:00,55.150001525878906,57.0,54.349998474121094,55.79999923706055,10040,55.79999923706055,0.0,0.0
HYDR,2022-10-02 20:00:00-04:00,56.25,57.41999816894531,56.0,57.349998474121094,3340,57.349998474121094,0.0,0.0
HYDR,2022-10-03 20:00:00-04:00,59.70000076293945,61.099998474121094,59.650001525878906,61.099998474121094,6220,61.099998474121094,0.0,0.0
HYDR,2022-10-04 20:00:00-04:00,59.04999923706055,59.04999923706055,57.154998779296875,58.400001525878906,4000,58.400001525878906,0.0,0.0
HYDR,2022-10-05 20:00:00-04:00,57.599998474121094,59.099998474121094,55.5,56.150001525878906,3400,56.150001525878906,0.0,0.0
HYDR,2022-10-06 20:00:00-04:00,55.20000076293945,55.20000076293945,53.900001525878906,54.25,9500,54.25,0.0,0.0
HYDR,2022-10-09 20:00:00-04:00,54.099998474121094,54.099998474121094,53.0,53.54999923706055,10900,53.54999923706055,0.0,0.0
HYDR,2022-10-10 20:00:00-04:00,52.54999923706055,53.20000076293945,51.099998474121094,52.599998474121094,6200,52.599998474121094,0.0,0.0
HYDR,2022-10-11 20:00:00-04:00,51.5,51.70000076293945,50.5,50.5,6180,50.5,0.0,0.0
HYDR,2022-10-12 20:00:00-04:00,48.650001525878906,52.0,48.20000076293945,51.95000076293945,9120,51.95000076293945,0.0,0.0
HYDR,2022-10-13 20:00:00-04:00,51.54999923706055,52.5,50.0,50.099998474121094,8400,50.099998474121094,0.0,0.0
HYDR,2022-10-16 20:00:00-04:00,51.75,52.20000076293945,51.349998474121094,51.849998474121094,2580,51.849998474121094,0.0,0.0
HYDR,2022-10-17 20:00:00-04:00,54.0,54.400001525878906,52.630001068115234,53.70000076293945,2440,53.70000076293945,0.0,0.0
HYDR,2022-10-18 20:00:00-04:00,52.75,52.900001525878906,50.755001068115234,51.349998474121094,4460,51.349998474121094,0.0,0.0
HYDR,2022-10-19 20:00:00-04:00,50.70000076293945,52.45000076293945,50.70000076293945,51.25,7240,51.25,0.0,0.0
HYDR,2022-10-20 20:00:00-04:00,51.20000076293945,52.70000076293945,50.900001525878906,52.45000076293945,3340,52.45000076293945,0.0,0.0
HYDR,2022-10-23 20:00:00-04:00,52.75,52.75,51.0,51.79999923706055,4920,51.79999923706055,0.0,0.0
HYDR,2022-10-24 20:00:00-04:00,51.349998474121094,53.875,51.0,53.79999923706055,7160,53.79999923706055,0.0,0.0
HYDR,2022-10-25 20:00:00-04:00,54.54999923706055,56.400001525878906,54.25,55.04999923706055,4940,55.04999923706055,0.0,0.0
HYDR,2022-10-26 20:00:00-04:00,54.79999923706055,55.04999923706055,53.900001525878906,54.29999923706055,2680,54.29999923706055,0.0,0.0
HYDR,2022-10-27 20:00:00-04:00,53.900001525878906,54.45000076293945,53.25,54.45000076293945,2420,54.45000076293945,0.0,0.0
HYDR,2022-10-30 20:00:00-04:00,53.95000076293945,54.95000076293945,53.95000076293945,54.70000076293945,2620,54.70000076293945,0.0,0.0
HYDR,2022-10-31 20:00:00-04:00,56.400001525878906,56.70000076293945,54.849998474121094,55.099998474121094,4460,55.099998474121094,0.0,0.0
HYDR,2022-11-01 20:00:00-04:00,54.900001525878906,54.95000076293945,52.5,52.900001525878906,8300,52.900001525878906,0.0,0.0
HYDR,2022-11-02 20:00:00-04:00,52.29999923706055,53.5,51.75,53.25,2700,53.25,0.0,0.0
HYDR,2022-11-03 20:00:00-04:00,55.099998474121094,55.25,53.474998474121094,55.04999923706055,3340,55.04999923706055,0.0,0.0
HYDR,2022-11-06 19:00:00-05:00,55.95000076293945,55.95000076293945,55.0,55.900001525878906,3740,55.900001525878906,0.0,0.0
HYDR,2022-11-07 19:00:00-05:00,55.5,56.599998474121094,55.25,55.95000076293945,2260,55.95000076293945,0.0,0.0
HYDR,2022-11-08 19:00:00-05:00,55.95000076293945,55.95000076293945,53.29999923706055,53.45000076293945,3120,53.45000076293945,0.0,0.0
HYDR,2022-11-09 19:00:00-05:00,56.70000076293945,59.72999954223633,56.099998474121094,59.599998474121094,15680,59.599998474121094,0.0,0.0
HYDR,2022-11-10 19:00:00-05:00,60.0,62.0,60.0,61.5,7380,61.5,0.0,0.0
HYDR,2022-11-13 19:00:00-05:00,60.75,61.04499816894531,59.29999923706055,60.650001525878906,5820,60.650001525878906,0.0,0.0
HYDR,2022-11-14 19:00:00-05:00,62.400001525878906,62.93000030517578,61.599998474121094,61.95000076293945,3560,61.95000076293945,0.0,0.0
HYDR,2022-11-15 19:00:00-05:00,61.349998474121094,61.349998474121094,59.75,60.099998474121094,3520,60.099998474121094,0.0,0.0
HYDR,2022-11-16 19:00:00-05:00,58.150001525878906,59.25,56.80500030517578,59.25,4080,59.25,0.0,0.0
HYDR,2022-11-17 19:00:00-05:00,60.099998474121094,60.099998474121094,58.54999923706055,59.54999923706055,1920,59.54999923706055,0.0,0.0
HYDR,2022-11-20 19:00:00-05:00,58.75,58.75,57.5,58.75,4620,58.75,0.0,0.0
HYDR,2022-11-21 19:00:00-05:00,58.5,59.400001525878906,57.95000076293945,59.400001525878906,2360,59.400001525878906,0.0,0.0
HYDR,2022-11-22 19:00:00-05:00,59.54999923706055,61.25,59.29999923706055,61.25,6240,61.25,0.0,0.0
HYDR,2022-11-24 19:00:00-05:00,61.75,62.29999923706055,61.20000076293945,62.25,2640,62.25,0.0,0.0
HYDR,2022-11-27 19:00:00-05:00,62.25,62.44499969482422,60.5,61.45000076293945,4100,61.45000076293945,0.0,0.0
HYDR,2022-11-28 19:00:00-05:00,60.25,60.75,59.45000076293945,60.099998474121094,4040,60.099998474121094,0.0,0.0
HYDR,2022-11-29 19:00:00-05:00,60.400001525878906,62.04999923706055,59.400001525878906,60.54999923706055,6860,60.54999923706055,0.0,0.0
HYDR,2022-11-30 19:00:00-05:00,62.45000076293945,63.150001525878906,60.79999923706055,63.0,14840,63.0,0.0,0.0
HYDR,2022-12-01 19:00:00-05:00,61.75,63.75,59.29999923706055,63.75,10780,63.75,0.0,0.0
HYDR,2022-12-04 19:00:00-05:00,63.25,63.58000183105469,61.900001525878906,62.45000076293945,3540,62.45000076293945,0.0,0.0
HYDR,2022-12-05 19:00:00-05:00,61.400001525878906,62.45000076293945,58.95000076293945,58.95000076293945,5460,58.95000076293945,0.0,0.0
HYDR,2022-12-06 19:00:00-05:00,58.0,59.29999923706055,57.5,57.95000076293945,4140,57.95000076293945,0.0,0.0
HYDR,2022-12-07 19:00:00-05:00,58.900001525878906,59.70000076293945,58.400001525878906,59.70000076293945,2260,59.70000076293945,0.0,0.0
HYDR,2022-12-08 19:00:00-05:00,59.0,59.599998474121094,58.70000076293945,59.599998474121094,1340,59.599998474121094,0.0,0.0
HYDR,2022-12-11 19:00:00-05:00,59.099998474121094,60.75,59.099998474121094,60.75,4720,60.75,0.0,0.0
HYDR,2022-12-12 19:00:00-05:00,62.04999923706055,63.47999954223633,60.900001525878906,61.150001525878906,8160,61.150001525878906,0.0,0.0
HYDR,2022-12-13 19:00:00-05:00,61.45000076293945,63.20000076293945,60.505001068115234,62.599998474121094,7600,62.599998474121094,0.0,0.0
HYDR,2022-12-14 19:00:00-05:00,61.400001525878906,61.650001525878906,59.310001373291016,60.70000076293945,3820,60.70000076293945,0.0,0.0
HYDR,2022-12-15 19:00:00-05:00,59.650001525878906,61.95000076293945,58.349998474121094,61.95000076293945,2220,61.95000076293945,0.0,0.0
HYDR,2022-12-18 19:00:00-05:00,60.20000076293945,60.650001525878906,57.70000076293945,59.75,3300,59.75,0.0,0.0
HYDR,2022-12-19 19:00:00-05:00,57.5,57.75,55.599998474121094,56.70000076293945,4760,56.70000076293945,0.0,0.0
HYDR,2022-12-20 19:00:00-05:00,56.95000076293945,56.95000076293945,55.29999923706055,56.349998474121094,4740,56.349998474121094,0.0,0.0
HYDR,2022-12-21 19:00:00-05:00,55.599998474121094,55.60499954223633,53.54999923706055,54.0,4280,54.0,0.0,0.0
HYDR,2022-12-22 19:00:00-05:00,54.650001525878906,54.650001525878906,53.04999923706055,54.150001525878906,2520,54.150001525878906,0.0,0.0
HYDR,2022-12-26 19:00:00-05:00,54.29999923706055,54.29999923706055,52.849998474121094,54.20000076293945,4160,54.20000076293945,0.0,0.0
HYDR,2022-12-27 19:00:00-05:00,53.45000076293945,53.57500076293945,52.599998474121094,53.150001525878906,2720,53.150001525878906,0.0,0.0
HYDR,2022-12-28 19:00:00-05:00,54.0,55.150001525878906,53.849998474121094,55.150001525878906,5620,55.150001525878906,0.0,0.0
HYDR,2022-12-29 19:00:00-05:00,54.5,54.85499954223633,54.0,54.400001525878906,4820,54.400001525878906,0.0,0.0
HYDR,2023-01-02 19:00:00-05:00,55.95000076293945,56.75,54.45000076293945,55.75,3000,55.75,0.0,0.0
HYDR,2023-01-03 19:00:00-05:00,55.75,56.849998474121094,55.25,56.849998474121094,5380,56.849998474121094,0.0,0.0
HYDR,2023-01-04 19:00:00-05:00,56.099998474121094,56.099998474121094,55.04999923706055,55.099998474121094,2500,55.099998474121094,0.0,0.0
HYDR,2023-01-05 19:00:00-05:00,56.04999923706055,58.130001068115234,55.54499816894531,57.70000076293945,4180,57.70000076293945,0.0,0.0
HYDR,2023-01-08 19:00:00-05:00,59.599998474121094,60.75,59.400001525878906,60.5,7620,60.5,0.0,0.0
HYDR,2023-01-09 19:00:00-05:00,59.75,61.75,59.5,61.75,6600,61.75,0.0,0.0
HYDR,2023-01-10 19:00:00-05:00,62.099998474121094,63.75,61.45000076293945,63.75,11500,63.75,0.0,0.0
HYDR,2023-01-11 19:00:00-05:00,64.6500015258789,65.0,63.20000076293945,65.0,3920,65.0,0.0,0.0
HYDR,2023-01-12 19:00:00-05:00,64.55000305175781,65.6500015258789,64.05000305175781,65.6500015258789,4720,65.6500015258789,0.0,0.0
HYDR,2023-01-16 19:00:00-05:00,65.6500015258789,65.6500015258789,64.19999694824219,64.94999694824219,6140,64.94999694824219,0.0,0.0
HYDR,2023-01-17 19:00:00-05:00,66.3499984741211,67.44999694824219,64.5,64.9000015258789,8040,64.9000015258789,0.0,0.0
HYDR,2023-01-18 19:00:00-05:00,63.599998474121094,63.599998474121094,61.20000076293945,62.650001525878906,13180,62.650001525878906,0.0,0.0
HYDR,2023-01-19 19:00:00-05:00,62.54999923706055,63.75,62.25,63.650001525878906,10580,63.650001525878906,0.0,0.0
HYDR,2023-01-22 19:00:00-05:00,63.95000076293945,67.19999694824219,63.82500076293945,66.69999694824219,11440,66.69999694824219,0.0,0.0
HYDR,2023-01-23 19:00:00-05:00,66.3499984741211,66.49500274658203,65.55000305175781,65.80000305175781,5300,65.80000305175781,0.0,0.0
HYDR,2023-01-24 19:00:00-05:00,64.4000015258789,66.0,63.349998474121094,66.0,3480,66.0,0.0,0.0
HYDR,2023-01-25 19:00:00-05:00,66.4000015258789,66.4000015258789,63.70000076293945,64.6500015258789,5140,64.6500015258789,0.0,0.0
HYDR,2023-01-26 19:00:00-05:00,64.0999984741211,66.19999694824219,63.8650016784668,66.19999694824219,3380,66.19999694824219,0.0,0.0
HYDR,2023-01-29 19:00:00-05:00,65.4000015258789,65.5,64.47000122070312,64.69999694824219,3220,64.69999694824219,0.0,0.0
HYDR,2023-01-30 19:00:00-05:00,65.55000305175781,67.44999694824219,65.5,67.44999694824219,5200,67.44999694824219,0.0,0.0
HYDR,2023-01-31 19:00:00-05:00,67.9000015258789,69.5999984741211,66.875,68.9000015258789,4820,68.9000015258789,0.0,0.0
HYDR,2023-02-01 19:00:00-05:00,71.0,72.30000305175781,70.25,71.30000305175781,19100,71.30000305175781,0.0,0.0
HYDR,2023-02-02 19:00:00-05:00,70.0999984741211,70.63500213623047,67.6500015258789,68.6500015258789,70060,68.6500015258789,0.0,0.0
HYDR,2023-02-05 19:00:00-05:00,68.5,68.69999694824219,67.4000015258789,68.19999694824219,57460,68.19999694824219,0.0,0.0
HYDR,2023-02-06 19:00:00-05:00,68.19999694824219,68.25,66.6500015258789,68.25,7980,68.25,0.0,0.0
HYDR,2023-02-07 19:00:00-05:00,68.9000015258789,69.75,67.19999694824219,67.69999694824219,4800,67.69999694824219,0.0,0.0
HYDR,2023-02-08 19:00:00-05:00,69.55000305175781,69.94999694824219,66.6500015258789,67.30000305175781,3440,67.30000305175781,0.0,0.0
HYDR,2023-02-09 19:00:00-05:00,66.69999694824219,66.75,64.75,66.3499984741211,12020,66.3499984741211,0.0,0.0
HYDR,2023-02-12 19:00:00-05:00,65.55000305175781,66.19000244140625,64.80000305175781,65.55000305175781,59100,65.55000305175781,0.0,0.0
HYDR,2023-02-13 19:00:00-05:00,64.5,65.54000091552734,63.505001068115234,65.05000305175781,58260,65.05000305175781,0.0,0.0
HYDR,2023-02-14 19:00:00-05:00,63.75,65.5,63.400001525878906,65.4000015258789,5920,65.4000015258789,0.0,0.0
HYDR,2023-02-15 19:00:00-05:00,64.55000305175781,65.25,63.599998474121094,64.3499984741211,6080,64.3499984741211,0.0,0.0
HYDR,2023-02-16 19:00:00-05:00,63.75,63.95000076293945,62.79999923706055,63.82500076293945,5020,63.82500076293945,0.0,0.0
HYDR,2023-02-20 19:00:00-05:00,63.70000076293945,63.75,61.25,61.400001525878906,5860,61.400001525878906,0.0,0.0
HYDR,2023-02-21 19:00:00-05:00,61.400001525878906,61.849998474121094,60.5,60.54999923706055,20820,60.54999923706055,0.0,0.0
HYDR,2023-02-22 19:00:00-05:00,61.900001525878906,62.150001525878906,60.20000076293945,61.70000076293945,2300,61.70000076293945,0.0,0.0
HYDR,2023-02-23 19:00:00-05:00,60.0,60.0,58.70000076293945,60.0,3660,60.0,0.0,0.0
HYDR,2023-02-26 19:00:00-05:00,60.0,60.900001525878906,59.20000076293945,60.20000076293945,2180,60.20000076293945,0.0,0.0
HYDR,2023-02-27 19:00:00-05:00,60.150001525878906,61.04999923706055,59.72999954223633,60.599998474121094,2580,60.599998474121094,0.0,0.0
HYDR,2023-02-28 19:00:00-05:00,61.04999923706055,61.650001525878906,60.005001068115234,60.349998474121094,4360,60.349998474121094,0.0,0.0
HYDR,2023-03-01 19:00:00-05:00,59.25,59.75,58.04999923706055,59.75,3000,59.75,0.0,0.0
HYDR,2023-03-02 19:00:00-05:00,60.04999923706055,61.849998474121094,59.599998474121094,61.349998474121094,2360,61.349998474121094,0.0,0.0
HYDR,2023-03-05 19:00:00-05:00,61.79999923706055,62.5,60.79999923706055,60.95000076293945,20340,60.95000076293945,0.0,0.0
HYDR,2023-03-06 19:00:00-05:00,60.650001525878906,60.724998474121094,58.75,59.29999923706055,6480,59.29999923706055,0.0,0.0
HYDR,2023-03-07 19:00:00-05:00,59.150001525878906,59.54999923706055,58.25,59.45000076293945,7140,59.45000076293945,0.0,0.0
HYDR,2023-03-08 19:00:00-05:00,60.150001525878906,60.54999923706055,57.900001525878906,58.599998474121094,3040,58.599998474121094,0.0,0.0
HYDR,2023-03-09 19:00:00-05:00,57.900001525878906,58.599998474121094,55.5,56.5,5200,56.5,0.0,0.0
HYDR,2023-03-12 20:00:00-04:00,55.0,56.5,53.834999084472656,55.599998474121094,9940,55.599998474121094,0.0,0.0
HYDR,2023-03-13 20:00:00-04:00,57.04999923706055,57.599998474121094,55.349998474121094,56.099998474121094,3760,56.099998474121094,0.0,0.0
HYDR,2023-03-14 20:00:00-04:00,54.25,54.25,52.5,53.5,3900,53.5,0.0,0.0
HYDR,2023-03-15 20:00:00-04:00,53.349998474121094,54.099998474121094,52.5,54.099998474121094,9040,54.099998474121094,0.0,0.0
HYDR,2023-03-16 20:00:00-04:00,53.400001525878906,53.400001525878906,51.650001525878906,52.29999923706055,4040,52.29999923706055,0.0,0.0
HYDR,2023-03-19 20:00:00-04:00,52.29999923706055,53.04999923706055,52.0,52.150001525878906,2200,52.150001525878906,0.0,0.0
HYDR,2023-03-20 20:00:00-04:00,53.099998474121094,54.150001525878906,52.75,54.150001525878906,9420,54.150001525878906,0.0,0.0
HYDR,2023-03-21 20:00:00-04:00,53.95000076293945,54.099998474121094,52.75,52.75,4240,52.75,0.0,0.0
HYDR,2023-03-22 20:00:00-04:00,53.900001525878906,54.849998474121094,52.755001068115234,53.349998474121094,7680,53.349998474121094,0.0,0.0
HYDR,2023-03-23 20:00:00-04:00,52.5,52.5,51.0,51.900001525878906,5520,51.900001525878906,0.0,0.0
HYDR,2023-03-26 20:00:00-04:00,52.20000076293945,52.20000076293945,50.849998474121094,51.400001525878906,3980,51.400001525878906,0.0,0.0
HYDR,2023-03-27 20:00:00-04:00,50.75,50.875,50.099998474121094,50.400001525878906,18380,50.400001525878906,0.0,0.0
HYDR,2023-03-28 20:00:00-04:00,51.150001525878906,51.900001525878906,50.54999923706055,51.849998474121094,4500,51.849998474121094,0.0,0.0
HYDR,2023-03-29 20:00:00-04:00,53.900001525878906,54.29999923706055,53.75,54.04999923706055,9800,54.04999923706055,0.0,0.0
HYDR,2023-03-30 20:00:00-04:00,54.25,55.20000076293945,54.099998474121094,54.70000076293945,2980,54.70000076293945,0.0,0.0
HYDR,2023-04-02 20:00:00-04:00,54.75,54.95000076293945,53.849998474121094,54.599998474121094,9020,54.599998474121094,0.0,0.0
HYDR,2023-04-03 20:00:00-04:00,54.54999923706055,54.54999923706055,52.650001525878906,53.20000076293945,8820,53.20000076293945,0.0,0.0
HYDR,2023-04-04 20:00:00-04:00,52.79999923706055,52.79999923706055,50.5,50.95000076293945,5160,50.95000076293945,0.0,0.0
HYDR,2023-04-05 20:00:00-04:00,50.70000076293945,50.95000076293945,50.04999923706055,50.099998474121094,3940,50.099998474121094,0.0,0.0
HYDR,2023-04-09 20:00:00-04:00,50.099998474121094,50.900001525878906,49.25,50.900001525878906,35120,50.900001525878906,0.0,0.0
HYDR,2023-04-10 20:00:00-04:00,50.400001525878906,51.650001525878906,50.04999923706055,51.150001525878906,6480,51.150001525878906,0.0,0.0
HYDR,2023-04-11 20:00:00-04:00,51.599998474121094,51.599998474121094,50.25,50.54999923706055,2660,50.54999923706055,0.0,0.0
HYDR,2023-04-12 20:00:00-04:00,50.599998474121094,50.7400016784668,49.95000076293945,50.400001525878906,4600,50.400001525878906,0.0,0.0
HYDR,2023-04-13 20:00:00-04:00,50.75,50.79999923706055,49.77000045776367,50.349998474121094,14860,50.349998474121094,0.0,0.0
HYDR,2023-04-16 20:00:00-04:00,50.400001525878906,50.849998474121094,50.099998474121094,50.75,6100,50.75,0.0,0.0
HYDR,2023-04-17 20:00:00-04:00,50.599998474121094,51.0,49.650001525878906,49.75,4080,49.75,0.0,0.0
HYDR,2023-04-18 20:00:00-04:00,49.45000076293945,49.95000076293945,49.25,49.900001525878906,2600,49.900001525878906,0.0,0.0
HYDR,2023-04-19 20:00:00-04:00,49.0,49.7400016784668,48.75,49.04999923706055,8300,49.04999923706055,0.0,0.0
HYDR,2023-04-20 20:00:00-04:00,48.79999923706055,49.599998474121094,48.400001525878906,48.79999923706055,3900,48.79999923706055,0.0,0.0
HYDR,2023-04-23 20:00:00-04:00,48.79999923706055,49.29999923706055,48.29999923706055,48.75,3520,48.75,0.0,0.0
HYDR,2023-04-24 20:00:00-04:00,48.25,48.25,46.64500045776367,46.900001525878906,7320,46.900001525878906,0.0,0.0
HYDR,2023-04-25 20:00:00-04:00,46.75,46.79999923706055,45.400001525878906,45.900001525878906,4680,45.900001525878906,0.0,0.0
HYDR,2023-04-26 20:00:00-04:00,47.599998474121094,48.25,47.5,48.25,5820,48.25,0.0,0.0
HYDR,2023-04-27 20:00:00-04:00,48.04999923706055,48.94499969482422,47.95000076293945,48.5,2860,48.5,0.0,0.0
HYDR,2023-04-30 20:00:00-04:00,48.349998474121094,49.05500030517578,48.04999923706055,48.400001525878906,3540,48.400001525878906,0.0,0.0
HYDR,2023-05-01 20:00:00-04:00,47.599998474121094,47.95000076293945,47.04999923706055,47.349998474121094,4140,47.349998474121094,0.0,0.0
HYDR,2023-05-02 20:00:00-04:00,47.150001525878906,48.25,46.54999923706055,47.650001525878906,1960,47.650001525878906,0.0,0.0
HYDR,2023-05-03 20:00:00-04:00,47.650001525878906,47.95000076293945,47.15999984741211,47.95000076293945,3000,47.95000076293945,0.0,0.0
HYDR,2023-05-04 20:00:00-04:00,48.349998474121094,49.75,48.349998474121094,49.75,6020,49.75,0.0,0.0
HYDR,2023-05-07 20:00:00-04:00,50.150001525878906,50.25,49.22999954223633,50.04999923706055,7700,50.04999923706055,0.0,0.0
HYDR,2023-05-08 20:00:00-04:00,48.599998474121094,48.599998474121094,47.54999923706055,48.04999923706055,12880,48.04999923706055,0.0,0.0
HYDR,2023-05-09 20:00:00-04:00,48.900001525878906,48.900001525878906,47.0,47.0,5020,47.0,0.0,0.0
HYDR,2023-05-10 20:00:00-04:00,46.650001525878906,46.650001525878906,45.86000061035156,46.349998474121094,2120,46.349998474121094,0.0,0.0
HYDR,2023-05-11 20:00:00-04:00,46.29999923706055,46.625,45.400001525878906,45.70000076293945,4880,45.70000076293945,0.0,0.0
HYDR,2023-05-14 20:00:00-04:00,45.849998474121094,46.650001525878906,45.29999923706055,46.5,3640,46.5,0.0,0.0
HYDR,2023-05-15 20:00:00-04:00,46.29999923706055,46.29999923706055,45.400001525878906,45.54999923706055,3360,45.54999923706055,0.0,0.0
HYDR,2023-05-16 20:00:00-04:00,45.5,46.439998626708984,45.29999923706055,46.29999923706055,2960,46.29999923706055,0.0,0.0
HYDR,2023-05-17 20:00:00-04:00,46.04999923706055,46.04999923706055,45.25,45.5,5120,45.5,0.0,0.0
HYDR,2023-05-18 20:00:00-04:00,45.95000076293945,46.70000076293945,45.5,45.75,9820,45.75,0.0,0.0
HYDR,2023-05-21 20:00:00-04:00,45.900001525878906,46.849998474121094,45.650001525878906,46.650001525878906,7160,46.650001525878906,0.0,0.0
HYDR,2023-05-22 20:00:00-04:00,46.599998474121094,47.04499816894531,46.0,46.54999923706055,5120,46.54999923706055,0.0,0.0
HYDR,2023-05-23 20:00:00-04:00,45.79999923706055,45.79999923706055,44.54999923706055,45.150001525878906,6560,45.150001525878906,0.0,0.0
HYDR,2023-05-24 20:00:00-04:00,45.150001525878906,45.349998474121094,44.5,44.67499923706055,4000,44.67499923706055,0.0,0.0
HYDR,2023-05-25 20:00:00-04:00,44.900001525878906,44.900001525878906,44.5,44.900001525878906,3280,44.900001525878906,0.0,0.0
HYDR,2023-05-29 20:00:00-04:00,45.099998474121094,45.32500076293945,44.5,44.75,8300,44.75,0.0,0.0
HYDR,2023-05-30 20:00:00-04:00,44.5,44.5,43.29999923706055,43.54999923706055,5920,43.54999923706055,0.0,0.0
HYDR,2023-05-31 20:00:00-04:00,43.75,44.95000076293945,43.345001220703125,44.70000076293945,6240,44.70000076293945,0.0,0.0
HYDR,2023-06-01 20:00:00-04:00,45.150001525878906,45.45000076293945,44.70000076293945,45.25,7740,45.25,0.0,0.0
HYDR,2023-06-04 20:00:00-04:00,45.20000076293945,45.400001525878906,44.5,44.75,10240,44.75,0.0,0.0
HYDR,2023-06-05 20:00:00-04:00,44.45000076293945,45.849998474121094,44.04999923706055,45.650001525878906,9440,45.650001525878906,0.0,0.0
HYDR,2023-06-06 20:00:00-04:00,46.150001525878906,47.0,46.150001525878906,46.70000076293945,6940,46.70000076293945,0.0,0.0
HYDR,2023-06-07 20:00:00-04:00,46.75,47.0,45.849998474121094,46.400001525878906,41460,46.400001525878906,0.0,0.0
HYDR,2023-06-08 20:00:00-04:00,46.70000076293945,46.70000076293945,45.75,46.099998474121094,6660,46.099998474121094,0.0,0.0
HYDR,2023-06-11 20:00:00-04:00,46.25,48.5,46.0,48.5,13300,48.5,0.0,0.0
HYDR,2023-06-12 20:00:00-04:00,49.400001525878906,50.45000076293945,49.20000076293945,50.29999923706055,21100,50.29999923706055,0.0,0.0
HYDR,2023-06-13 20:00:00-04:00,51.45000076293945,51.4900016784668,48.599998474121094,49.0,24320,49.0,0.0,0.0
HYDR,2023-06-14 20:00:00-04:00,49.0,49.75,48.150001525878906,49.599998474121094,13340,49.599998474121094,0.0,0.0
HYDR,2023-06-15 20:00:00-04:00,50.25,50.25,48.75,49.349998474121094,7480,49.349998474121094,0.0,0.0
HYDR,2023-06-19 20:00:00-04:00,49.349998474121094,49.349998474121094,47.0,47.95000076293945,25840,47.95000076293945,0.0,0.0
HYDR,2023-06-20 20:00:00-04:00,47.25,47.75,46.650001525878906,47.29999923706055,9420,47.29999923706055,0.0,0.0
HYDR,2023-06-21 20:00:00-04:00,46.70000076293945,46.70000076293945,45.79999923706055,46.25,11820,46.25,0.0,0.0
HYDR,2023-06-22 20:00:00-04:00,44.849998474121094,45.0,44.25,44.45000076293945,15760,44.45000076293945,0.0,0.0
HYDR,2023-06-25 20:00:00-04:00,44.45000076293945,44.95000076293945,44.0,44.20000076293945,5840,44.20000076293945,0.0,0.0
HYDR,2023-06-26 20:00:00-04:00,44.20000076293945,44.45000076293945,43.5,44.45000076293945,10920,44.45000076293945,0.0,0.0
HYDR,2023-06-27 20:00:00-04:00,44.20000076293945,44.974998474121094,43.79999923706055,44.150001525878906,7860,44.150001525878906,0.0,0.0
HYDR,2023-06-28 20:00:00-04:00,44.45000076293945,45.71500015258789,44.45000076293945,45.04999923706055,8080,45.04999923706055,0.0,0.0
HYDR,2023-06-29 20:00:00-04:00,45.900001525878906,46.099998474121094,45.5099983215332,46.0,7320,46.0,0.0,0.0
HYDR,2023-07-02 20:00:00-04:00,46.25,47.0,46.0,46.29999923706055,7280,46.29999923706055,0.0,0.0
HYDR,2023-07-04 20:00:00-04:00,45.75,46.099998474121094,45.275001525878906,45.650001525878906,18600,45.650001525878906,0.0,0.0
HYDR,2023-07-05 20:00:00-04:00,45.0,45.0,43.349998474121094,43.849998474121094,15520,43.849998474121094,0.0,0.0
HYDR,2023-07-06 20:00:00-04:00,44.5,45.75,43.849998474121094,45.400001525878906,6580,45.400001525878906,0.0,0.0
HYDR,2023-07-09 20:00:00-04:00,45.20000076293945,45.70000076293945,44.75,45.70000076293945,7720,45.70000076293945,0.0,0.0
HYDR,2023-07-10 20:00:00-04:00,46.349998474121094,46.95000076293945,45.900001525878906,46.95000076293945,5440,46.95000076293945,0.0,0.0
HYDR,2023-07-11 20:00:00-04:00,48.099998474121094,48.150001525878906,47.35499954223633,47.775001525878906,9520,47.775001525878906,0.0,0.0
HYDR,2023-07-12 20:00:00-04:00,48.900001525878906,50.29999923706055,48.80500030517578,49.900001525878906,12440,49.900001525878906,0.0,0.0
HYDR,2023-07-13 20:00:00-04:00,50.54999923706055,50.79999923706055,48.75,49.099998474121094,15640,49.099998474121094,0.0,0.0
HYDR,2023-07-16 20:00:00-04:00,49.099998474121094,50.849998474121094,48.724998474121094,50.75,10040,50.75,0.0,0.0
HYDR,2023-07-17 20:00:00-04:00,51.45000076293945,52.45000076293945,51.349998474121094,51.95000076293945,20800,51.95000076293945,0.0,0.0
HYDR,2023-07-18 20:00:00-04:00,52.25,52.78499984741211,51.8650016784668,52.0,13660,52.0,0.0,0.0
HYDR,2023-07-19 20:00:00-04:00,52.0,52.0,50.95000076293945,51.04999923706055,14820,51.04999923706055,0.0,0.0
HYDR,2023-07-20 20:00:00-04:00,52.25,52.29999923706055,51.04999923706055,51.900001525878906,8240,51.900001525878906,0.0,0.0
HYDR,2023-07-23 20:00:00-04:00,51.900001525878906,52.0,51.099998474121094,51.599998474121094,7760,51.599998474121094,0.0,0.0
HYDR,2023-07-24 20:00:00-04:00,51.04999923706055,51.349998474121094,50.54999923706055,50.724998474121094,4460,50.724998474121094,0.0,0.0
HYDR,2023-07-25 20:00:00-04:00,50.349998474121094,51.5,50.0,51.45000076293945,5600,51.45000076293945,0.0,0.0
HYDR,2023-07-26 20:00:00-04:00,52.0,52.0,49.599998474121094,50.0,10480,50.0,0.0,0.0
HYDR,2023-07-27 20:00:00-04:00,50.650001525878906,50.9900016784668,50.29999923706055,50.75,10240,50.75,0.0,0.0
HYDR,2023-07-30 20:00:00-04:00,51.349998474121094,52.45000076293945,51.32500076293945,52.25,9180,52.25,0.0,0.0
HYDR,2023-07-31 20:00:00-04:00,52.25,52.25,51.25,51.79999923706055,43000,51.79999923706055,0.0,0.0
HYDR,2023-08-01 20:00:00-04:00,50.599998474121094,50.599998474121094,48.54999923706055,49.29999923706055,14780,49.29999923706055,0.0,0.0
HYDR,2023-08-02 20:00:00-04:00,49.04999923706055,49.54999923706055,49.0,49.349998474121094,7020,49.349998474121094,0.0,0.0
HYDR,2023-08-03 20:00:00-04:00,49.5,49.900001525878906,48.150001525878906,48.5,7160,48.5,0.0,0.0
HYDR,2023-08-06 20:00:00-04:00,48.5,48.5,46.70000076293945,47.400001525878906,11500,47.400001525878906,0.0,0.0
HYDR,2023-08-07 20:00:00-04:00,46.650001525878906,46.95000076293945,45.849998474121094,46.95000076293945,5400,46.95000076293945,0.0,0.0
HYDR,2023-08-08 20:00:00-04:00,47.04999923706055,47.5,46.5,46.95000076293945,5280,46.95000076293945,0.0,0.0
HYDR,2023-08-09 20:00:00-04:00,45.849998474121094,46.599998474121094,45.0,45.400001525878906,14160,45.400001525878906,0.0,0.0
HYDR,2023-08-10 20:00:00-04:00,45.0,45.29999923706055,44.54999923706055,44.79999923706055,6940,44.79999923706055,0.0,0.0
HYDR,2023-08-13 20:00:00-04:00,45.099998474121094,45.5,44.349998474121094,45.400001525878906,6700,45.400001525878906,0.0,0.0
HYDR,2023-08-14 20:00:00-04:00,45.099998474121094,45.525001525878906,44.0,44.54999923706055,6040,44.54999923706055,0.0,0.0
HYDR,2023-08-15 20:00:00-04:00,44.0,44.25,43.0,43.25,11500,43.25,0.0,0.0
HYDR,2023-08-16 20:00:00-04:00,43.349998474121094,43.45000076293945,42.70000076293945,42.75,9640,42.75,0.0,0.0
HYDR,2023-08-17 20:00:00-04:00,42.25,42.75,41.5,42.650001525878906,9440,42.650001525878906,0.0,0.0
HYDR,2023-08-20 20:00:00-04:00,42.900001525878906,42.900001525878906,42.5,42.900001525878906,4960,42.900001525878906,0.0,0.0
HYDR,2023-08-21 20:00:00-04:00,43.20000076293945,43.20000076293945,41.650001525878906,42.349998474121094,9080,42.349998474121094,0.0,0.0
HYDR,2023-08-22 20:00:00-04:00,42.400001525878906,42.900001525878906,42.36000061035156,42.70000076293945,4800,42.70000076293945,0.0,0.0
HYDR,2023-08-23 20:00:00-04:00,42.54999923706055,42.54999923706055,41.20000076293945,41.5,11000,41.5,0.0,0.0
HYDR,2023-08-24 20:00:00-04:00,41.650001525878906,42.29999923706055,41.5,42.0,3860,42.0,0.0,0.0
HYDR,2023-08-27 20:00:00-04:00,42.54999923706055,42.79999923706055,42.2599983215332,42.599998474121094,2920,42.599998474121094,0.0,0.0
HYDR,2023-08-28 20:00:00-04:00,42.5,44.0,42.25,44.0,5960,44.0,0.0,0.0
HYDR,2023-08-29 20:00:00-04:00,43.79999923706055,44.0,43.0,43.45000076293945,5560,43.45000076293945,0.0,0.0
HYDR,2023-08-30 20:00:00-04:00,43.25,43.63999938964844,42.75,43.150001525878906,3840,43.150001525878906,0.0,0.0
HYDR,2023-08-31 20:00:00-04:00,43.099998474121094,43.20000076293945,42.54999923706055,42.54999923706055,4460,42.54999923706055,0.0,0.0
HYDR,2023-09-04 20:00:00-04:00,42.75,43.099998474121094,42.349998474121094,42.849998474121094,5540,42.849998474121094,0.0,0.0
HYDR,2023-09-05 20:00:00-04:00,42.75,42.79999923706055,42.099998474121094,42.25,5480,42.25,0.0,0.0
HYDR,2023-09-06 20:00:00-04:00,42.0,42.0,41.0,41.95000076293945,6680,41.95000076293945,0.0,0.0
HYDR,2023-09-07 20:00:00-04:00,41.5,41.5,40.75,41.099998474121094,11420,41.099998474121094,0.0,0.0
HYDR,2023-09-10 20:00:00-04:00,41.45000076293945,41.650001525878906,41.0,41.599998474121094,6600,41.599998474121094,0.0,0.0
HYDR,2023-09-11 20:00:00-04:00,41.0,41.5,40.599998474121094,41.5,5040,41.5,0.0,0.0
HYDR,2023-09-12 20:00:00-04:00,41.29999923706055,41.38999938964844,40.650001525878906,41.099998474121094,5220,41.099998474121094,0.0,0.0
HYDR,2023-09-13 20:00:00-04:00,41.45000076293945,42.25,41.45000076293945,42.25,3860,42.25,0.0,0.0
HYDR,2023-09-14 20:00:00-04:00,42.20000076293945,42.20000076293945,41.400001525878906,41.650001525878906,5260,41.650001525878906,0.0,0.0
HYDR,2023-09-17 20:00:00-04:00,41.099998474121094,41.150001525878906,40.25,40.54999923706055,6240,40.54999923706055,0.0,0.0
HYDR,2023-09-18 20:00:00-04:00,40.54999923706055,40.79999923706055,40.04999923706055,40.599998474121094,4520,40.599998474121094,0.0,0.0
HYDR,2023-09-19 20:00:00-04:00,40.75,41.5,40.2599983215332,40.599998474121094,1540,40.599998474121094,0.0,0.0
HYDR,2023-09-20 20:00:00-04:00,40.0,40.0,38.04999923706055,38.29999923706055,43080,38.29999923706055,0.0,0.0
HYDR,2023-09-21 20:00:00-04:00,38.650001525878906,38.79999923706055,37.75,37.95000076293945,11100,37.95000076293945,0.0,0.0
HYDR,2023-09-24 20:00:00-04:00,37.45000076293945,37.900001525878906,37.25,37.599998474121094,4660,37.599998474121094,0.0,0.0
HYDR,2023-09-25 20:00:00-04:00,36.75,37.0,36.29999923706055,36.45000076293945,4720,36.45000076293945,0.0,0.0
HYDR,2023-09-26 20:00:00-04:00,36.45000076293945,37.29999923706055,36.45000076293945,36.900001525878906,8640,36.900001525878906,0.0,0.0
HYDR,2023-09-27 20:00:00-04:00,36.900001525878906,36.900001525878906,36.0,36.70000076293945,7820,36.70000076293945,0.0,0.0
HYDR,2023-09-28 20:00:00-04:00,37.20000076293945,37.45000076293945,36.45000076293945,36.95000076293945,5260,36.95000076293945,0.0,0.0
HYDR,2023-10-01 20:00:00-04:00,36.650001525878906,36.900001525878906,34.79999923706055,35.04999923706055,14680,35.04999923706055,0.0,0.0
HYDR,2023-10-02 20:00:00-04:00,34.45000076293945,34.45000076293945,33.505001068115234,33.849998474121094,12100,33.849998474121094,0.0,0.0
HYDR,2023-10-03 20:00:00-04:00,33.849998474121094,33.849998474121094,32.72999954223633,33.5,37840,33.5,0.0,0.0
HYDR,2023-10-04 20:00:00-04:00,33.75,33.75,33.060001373291016,33.45000076293945,4840,33.45000076293945,0.0,0.0
HYDR,2023-10-05 20:00:00-04:00,32.70000076293945,33.939998626708984,32.599998474121094,33.900001525878906,9980,33.900001525878906,0.0,0.0
HYDR,2023-10-08 20:00:00-04:00,33.400001525878906,33.849998474121094,32.65999984741211,33.20000076293945,4800,33.20000076293945,0.0,0.0
HYDR,2023-10-09 20:00:00-04:00,33.29999923706055,34.79999923706055,33.29999923706055,34.650001525878906,6280,34.650001525878906,0.0,0.0
HYDR,2023-10-10 20:00:00-04:00,35.5,35.505001068115234,34.650001525878906,35.25,5220,35.25,0.0,0.0
HYDR,2023-10-11 20:00:00-04:00,35.04999923706055,35.04999923706055,34.0,34.25,4960,34.25,0.0,0.0
HYDR,2023-10-12 20:00:00-04:00,34.25,34.650001525878906,33.650001525878906,33.849998474121094,16620,33.849998474121094,0.0,0.0
HYDR,2023-10-15 20:00:00-04:00,34.349998474121094,35.0,33.93000030517578,34.900001525878906,9780,34.900001525878906,0.0,0.0
HYDR,2023-10-16 20:00:00-04:00,34.5,35.400001525878906,34.04999923706055,35.150001525878906,6340,35.150001525878906,0.0,0.0
HYDR,2023-10-17 20:00:00-04:00,34.54999923706055,34.54999923706055,33.25,33.5,10800,33.5,0.0,0.0
HYDR,2023-10-18 20:00:00-04:00,33.349998474121094,33.349998474121094,32.349998474121094,32.599998474121094,9420,32.599998474121094,0.0,0.0
HYDR,2023-10-19 20:00:00-04:00,32.04999923706055,32.04999923706055,31.049999237060547,31.350000381469727,22480,31.350000381469727,0.0,0.0
HYDR,2023-10-22 20:00:00-04:00,30.600000381469727,31.25,30.200000762939453,30.799999237060547,5920,30.799999237060547,0.0,0.0
HYDR,2023-10-23 20:00:00-04:00,31.350000381469727,32.345001220703125,31.350000381469727,32.04999923706055,6840,32.04999923706055,0.0,0.0
HYDR,2023-10-24 20:00:00-04:00,31.399999618530273,32.0,30.84000015258789,31.100000381469727,6460,31.100000381469727,0.0,0.0
HYDR,2023-10-25 20:00:00-04:00,30.950000762939453,31.25,30.350000381469727,30.549999237060547,5160,30.549999237060547,0.0,0.0
HYDR,2023-10-26 20:00:00-04:00,30.700000762939453,30.700000762939453,29.549999237060547,29.799999237060547,7360,29.799999237060547,0.0,0.0
HYDR,2023-10-29 20:00:00-04:00,30.049999237060547,30.344999313354492,29.200000762939453,29.700000762939453,5380,29.700000762939453,0.0,0.0
HYDR,2023-10-30 20:00:00-04:00,29.700000762939453,30.350000381469727,29.549999237060547,30.299999237060547,7040,30.299999237060547,0.0,0.0
HYDR,2023-10-31 20:00:00-04:00,30.350000381469727,30.350000381469727,29.649999618530273,30.200000762939453,8020,30.200000762939453,0.0,0.0
HYDR,2023-11-01 20:00:00-04:00,31.0,32.25,31.0,32.25,8600,32.25,0.0,0.0
HYDR,2023-11-02 20:00:00-04:00,32.5,33.95000076293945,32.5,33.349998474121094,15420,33.349998474121094,0.0,0.0
HYDR,2023-11-05 19:00:00-05:00,33.54999923706055,33.54999923706055,32.025001525878906,32.45000076293945,4840,32.45000076293945,0.0,0.0
HYDR,2023-11-06 19:00:00-05:00,32.20000076293945,32.20000076293945,31.30500030517578,31.950000762939453,9400,31.950000762939453,0.0,0.0
HYDR,2023-11-07 19:00:00-05:00,31.850000381469727,31.850000381469727,31.149999618530273,31.25,5600,31.25,0.0,0.0
HYDR,2023-11-08 19:00:00-05:00,32.20000076293945,32.70000076293945,31.399999618530273,31.600000381469727,10220,31.600000381469727,0.0,0.0
HYDR,2023-11-09 19:00:00-05:00,29.450000762939453,29.899999618530273,28.475000381469727,29.200000762939453,50680,29.200000762939453,0.0,0.0
HYDR,2023-11-12 19:00:00-05:00,28.75,29.229999542236328,28.399999618530273,29.049999237060547,15000,29.049999237060547,0.0,0.0
HYDR,2023-11-13 19:00:00-05:00,29.5,32.25,29.0,32.099998474121094,46160,32.099998474121094,0.0,0.0
HYDR,2023-11-14 19:00:00-05:00,32.70000076293945,33.400001525878906,32.540000915527344,32.70000076293945,37360,32.70000076293945,0.0,0.0
HYDR,2023-11-15 19:00:00-05:00,32.20000076293945,32.38999938964844,31.600000381469727,32.04999923706055,9100,32.04999923706055,0.0,0.0
HYDR,2023-11-16 19:00:00-05:00,32.29999923706055,32.54999923706055,31.799999237060547,32.54999923706055,8200,32.54999923706055,0.0,0.0
HYDR,2023-11-19 19:00:00-05:00,32.95000076293945,33.0,32.5,32.849998474121094,20600,32.849998474121094,0.0,0.0
HYDR,2023-11-20 19:00:00-05:00,32.400001525878906,32.79999923706055,31.600000381469727,31.950000762939453,16700,31.950000762939453,0.0,0.0
HYDR,2023-11-21 19:00:00-05:00,31.950000762939453,32.0,31.5,31.700000762939453,6420,31.700000762939453,0.0,0.0
HYDR,2023-11-23 19:00:00-05:00,31.700000762939453,31.950000762939453,31.5,31.950000762939453,11600,31.950000762939453,0.0,0.0
HYDR,2023-11-26 19:00:00-05:00,32.20000076293945,32.20000076293945,31.75,31.950000762939453,9240,31.950000762939453,0.0,0.0
HYDR,2023-11-27 19:00:00-05:00,31.399999618530273,32.099998474121094,30.850000381469727,31.950000762939453,18240,31.950000762939453,0.0,0.0
HYDR,2023-11-28 19:00:00-05:00,32.54999923706055,33.04999923706055,32.20000076293945,32.70000076293945,21520,32.70000076293945,0.0,0.0
HYDR,2023-11-29 19:00:00-05:00,33.0,33.099998474121094,32.474998474121094,32.650001525878906,9560,32.650001525878906,0.0,0.0
HYDR,2023-11-30 19:00:00-05:00,32.25,33.70000076293945,31.649999618530273,33.45000076293945,6380,33.45000076293945,0.0,0.0
HYDR,2023-12-03 19:00:00-05:00,34.0,34.599998474121094,33.75,34.400001525878906,38260,34.400001525878906,0.0,0.0
HYDR,2023-12-04 19:00:00-05:00,34.349998474121094,34.349998474121094,33.29999923706055,33.5,27400,33.5,0.0,0.0
HYDR,2023-12-05 19:00:00-05:00,33.099998474121094,33.150001525878906,32.5,32.599998474121094,11580,32.599998474121094,0.0,0.0
HYDR,2023-12-06 19:00:00-05:00,32.400001525878906,32.849998474121094,32.0,32.45000076293945,7660,32.45000076293945,0.0,0.0
HYDR,2023-12-07 19:00:00-05:00,32.45000076293945,33.099998474121094,32.20000076293945,32.5,6040,32.5,0.0,0.0
HYDR,2023-12-10 19:00:00-05:00,32.5,32.5,31.850000381469727,32.25,12580,32.25,0.0,0.0
HYDR,2023-12-11 19:00:00-05:00,32.29999923706055,32.29999923706055,31.299999237060547,31.700000762939453,10860,31.700000762939453,0.0,0.0
HYDR,2023-12-12 19:00:00-05:00,31.649999618530273,32.849998474121094,30.649999618530273,32.75,22020,32.75,0.0,0.0
HYDR,2023-12-13 19:00:00-05:00,34.04999923706055,35.349998474121094,34.04999923706055,34.75,23480,34.75,0.0,0.0
HYDR,2023-12-14 19:00:00-05:00,35.20000076293945,35.20000076293945,34.0,34.150001525878906,12620,34.150001525878906,0.0,0.0
HYDR,2023-12-17 19:00:00-05:00,34.349998474121094,34.5,33.5,33.5,13940,33.5,0.0,0.0
HYDR,2023-12-18 19:00:00-05:00,33.5,33.9900016784668,33.400001525878906,33.95000076293945,14460,33.95000076293945,0.0,0.0
HYDR,2023-12-19 19:00:00-05:00,33.95000076293945,33.95000076293945,32.400001525878906,32.650001525878906,33600,32.650001525878906,0.0,0.0
HYDR,2023-12-20 19:00:00-05:00,33.20000076293945,33.79999923706055,33.04999923706055,33.75,8740,33.75,0.0,0.0
HYDR,2023-12-21 19:00:00-05:00,33.599998474121094,34.04999923706055,33.29999923706055,33.75,15740,33.75,0.0,0.0
HYDR,2023-12-25 19:00:00-05:00,34.25,34.900001525878906,34.04999923706055,34.79999923706055,28240,34.79999923706055,0.0,0.0
HYDR,2023-12-26 19:00:00-05:00,35.25,35.599998474121094,35.150001525878906,35.45000076293945,25900,35.45000076293945,0.0,0.0
HYDR,2023-12-27 19:00:00-05:00,35.45000076293945,35.45000076293945,34.849998474121094,35.25,13660,35.25,0.0,0.0
HYDR,2023-12-28 19:00:00-05:00,35.25,35.29999923706055,34.25,34.54999923706055,24320,34.54999923706055,0.0,0.0
HYDR,2024-01-01 19:00:00-05:00,34.150001525878906,34.849998474121094,33.75,34.25,20540,34.25,0.0,0.0
HYDR,2024-01-02 19:00:00-05:00,33.650001525878906,33.650001525878906,32.599998474121094,33.29999923706055,19540,33.29999923706055,0.0,0.0
HYDR,2024-01-03 19:00:00-05:00,33.04999923706055,33.29999923706055,32.724998474121094,33.04999923706055,11600,33.04999923706055,0.0,0.0
HYDR,2024-01-04 19:00:00-05:00,32.75,33.400001525878906,32.400001525878906,32.400001525878906,17320,32.400001525878906,0.0,0.0
HYDR,2024-01-07 19:00:00-05:00,32.349998474121094,32.849998474121094,31.799999237060547,32.599998474121094,11940,32.599998474121094,0.0,0.0
HYDR,2024-01-08 19:00:00-05:00,32.45000076293945,32.45000076293945,31.850000381469727,31.950000762939453,9260,31.950000762939453,0.0,0.0
HYDR,2024-01-09 19:00:00-05:00,32.45000076293945,32.45000076293945,31.5,31.899999618530273,9380,31.899999618530273,0.0,0.0
HYDR,2024-01-10 19:00:00-05:00,31.799999237060547,31.850000381469727,30.600000381469727,31.100000381469727,25060,31.100000381469727,0.0,0.0
HYDR,2024-01-11 19:00:00-05:00,30.950000762939453,31.200000762939453,30.350000381469727,30.450000762939453,18680,30.450000762939453,0.0,0.0
HYDR,2024-01-15 19:00:00-05:00,30.0,30.0,28.700000762939453,29.049999237060547,31780,29.049999237060547,0.0,0.0
HYDR,2024-01-16 19:00:00-05:00,28.5,28.5,27.440000534057617,27.700000762939453,24900,27.700000762939453,0.0,0.0
HYDR,2024-01-17 19:00:00-05:00,27.700000762939453,28.200000762939453,27.700000762939453,28.049999237060547,16660,28.049999237060547,0.0,0.0
HYDR,2024-01-18 19:00:00-05:00,28.049999237060547,28.200000762939453,27.350000381469727,28.100000381469727,28940,28.100000381469727,0.0,0.0
HYDR,2024-01-21 19:00:00-05:00,28.350000381469727,29.200000762939453,28.25,28.700000762939453,29600,28.700000762939453,0.0,0.0
HYDR,2024-01-22 19:00:00-05:00,29.600000381469727,30.100000381469727,29.200000762939453,30.0,20580,30.0,0.0,0.0
HYDR,2024-01-23 19:00:00-05:00,30.5,30.809999465942383,29.450000762939453,29.450000762939453,11340,29.450000762939453,0.0,0.0
HYDR,2024-01-24 19:00:00-05:00,29.549999237060547,29.850000381469727,29.0,29.350000381469727,15680,29.350000381469727,0.0,0.0
HYDR,2024-01-25 19:00:00-05:00,29.5,30.049999237060547,29.5,29.799999237060547,16880,29.799999237060547,0.0,0.0
HYDR,2024-01-28 19:00:00-05:00,29.299999237060547,30.0,28.75,30.0,12360,30.0,0.0,0.0
HYDR,2024-01-29 19:00:00-05:00,29.950000762939453,29.950000762939453,29.075000762939453,29.350000381469727,13580,29.350000381469727,0.0,0.0
HYDR,2024-01-30 19:00:00-05:00,30.049999237060547,31.25,30.0,30.200000762939453,18380,30.200000762939453,0.0,0.0
HYDR,2024-01-31 19:00:00-05:00,30.899999618530273,31.700000762939453,30.295000076293945,31.0,17840,31.0,0.0,0.0
HYDR,2024-02-01 19:00:00-05:00,31.149999618530273,31.149999618530273,30.350000381469727,30.75,9220,30.75,0.0,0.0
HYDR,2024-02-04 19:00:00-05:00,30.299999237060547,30.299999237060547,29.149999618530273,29.450000762939453,17000,29.450000762939453,0.0,0.0
HYDR,2024-02-05 19:00:00-05:00,29.200000762939453,29.700000762939453,28.850000381469727,29.600000381469727,11620,29.600000381469727,0.0,0.0
HYDR,2024-02-06 19:00:00-05:00,29.649999618530273,29.850000381469727,29.049999237060547,29.399999618530273,10540,29.399999618530273,0.0,0.0
HYDR,2024-02-07 19:00:00-05:00,29.350000381469727,29.5,28.975000381469727,29.450000762939453,20040,29.450000762939453,0.0,0.0
HYDR,2024-02-08 19:00:00-05:00,29.450000762939453,29.844999313354492,29.049999237060547,29.799999237060547,11760,29.799999237060547,0.0,0.0
HYDR,2024-02-11 19:00:00-05:00,29.899999618530273,31.0,29.899999618530273,30.850000381469727,25140,30.850000381469727,0.0,0.0
HYDR,2024-02-12 19:00:00-05:00,30.100000381469727,30.100000381469727,28.850000381469727,29.149999618530273,27740,29.149999618530273,0.0,0.0
HYDR,2024-02-13 19:00:00-05:00,29.350000381469727,29.75,29.149999618530273,29.450000762939453,12860,29.450000762939453,0.0,0.0
HYDR,2024-02-14 19:00:00-05:00,29.600000381469727,29.950000762939453,29.25,29.450000762939453,6260,29.450000762939453,0.0,0.0
HYDR,2024-02-15 19:00:00-05:00,28.549999237060547,29.049999237060547,28.25,28.950000762939453,19220,28.950000762939453,0.0,0.0
HYDR,2024-02-19 19:00:00-05:00,28.549999237060547,28.600000381469727,27.5,27.850000381469727,33720,27.850000381469727,0.0,0.0
HYDR,2024-02-20 19:00:00-05:00,27.850000381469727,27.850000381469727,27.25,27.649999618530273,24680,27.649999618530273,0.0,0.0
HYDR,2024-02-21 19:00:00-05:00,27.75,27.799999237060547,26.549999237060547,26.799999237060547,21940,26.799999237060547,0.0,0.0
HYDR,2024-02-22 19:00:00-05:00,26.799999237060547,26.799999237060547,26.049999237060547,26.299999237060547,23940,26.299999237060547,0.0,0.0
HYDR,2024-02-25 19:00:00-05:00,26.149999618530273,26.299999237060547,25.75,26.100000381469727,16360,26.100000381469727,0.0,0.0
HYDR,2024-02-26 19:00:00-05:00,26.450000762939453,27.5,26.25,27.450000762939453,19480,27.450000762939453,0.0,0.0
HYDR,2024-02-27 19:00:00-05:00,27.600000381469727,27.600000381469727,26.850000381469727,27.149999618530273,14180,27.149999618530273,0.0,0.0
HYDR,2024-02-28 19:00:00-05:00,27.549999237060547,28.094999313354492,27.149999618530273,27.350000381469727,14880,27.350000381469727,0.0,0.0
HYDR,2024-02-29 19:00:00-05:00,27.25,28.549999237060547,26.75,28.149999618530273,18080,28.149999618530273,0.0,0.0
HYDR,2024-03-03 19:00:00-05:00,28.149999618530273,28.149999618530273,27.5,27.950000762939453,20840,27.950000762939453,0.0,0.0
HYDR,2024-03-04 19:00:00-05:00,27.75,27.75,27.200000762939453,27.5,16960,27.5,0.0,0.0
HYDR,2024-03-05 19:00:00-05:00,27.950000762939453,28.450000762939453,27.600000381469727,28.200000762939453,17000,28.200000762939453,0.0,0.0
HYDR,2024-03-06 19:00:00-05:00,28.450000762939453,28.649999618530273,28.299999237060547,28.450000762939453,12640,28.450000762939453,0.0,0.0
HYDR,2024-03-07 19:00:00-05:00,28.75,29.350000381469727,28.600000381469727,28.799999237060547,16220,28.799999237060547,0.0,0.0
HYDR,2024-03-10 20:00:00-04:00,28.799999237060547,29.100000381469727,27.899999618530273,28.100000381469727,12460,28.100000381469727,0.0,0.0
HYDR,2024-03-11 20:00:00-04:00,28.100000381469727,28.100000381469727,27.25,27.600000381469727,11780,27.600000381469727,0.0,0.0
HYDR,2024-03-12 20:00:00-04:00,27.600000381469727,27.850000381469727,27.0,27.149999618530273,6860,27.149999618530273,0.0,0.0
HYDR,2024-03-13 20:00:00-04:00,27.299999237060547,27.44499969482422,26.5,26.649999618530273,18160,26.649999618530273,0.0,0.0
HYDR,2024-03-14 20:00:00-04:00,26.75,27.25,26.75,27.25,8080,27.25,0.0,0.0
HYDR,2024-03-17 20:00:00-04:00,27.600000381469727,27.600000381469727,27.049999237060547,27.25,8720,27.25,0.0,0.0
HYDR,2024-03-18 20:00:00-04:00,27.100000381469727,27.100000381469727,26.350000381469727,26.75,11160,26.75,0.0,0.0
HYDR,2024-03-19 20:00:00-04:00,26.649999618530273,27.600000381469727,26.399999618530273,27.5,11060,27.5,0.0,0.0
HYDR,2024-03-20 20:00:00-04:00,27.600000381469727,27.875,27.450000762939453,27.600000381469727,16540,27.600000381469727,0.0,0.0
HYDR,2024-03-21 20:00:00-04:00,27.5,27.649999618530273,27.049999237060547,27.299999237060547,7540,27.299999237060547,0.0,0.0
HYDR,2024-03-24 20:00:00-04:00,27.299999237060547,27.739999771118164,27.149999618530273,27.350000381469727,11520,27.350000381469727,0.0,0.0
HYDR,2024-03-25 20:00:00-04:00,27.600000381469727,27.799999237060547,27.399999618530273,27.549999237060547,7760,27.549999237060547,0.0,0.0
HYDR,2024-03-26 20:00:00-04:00,27.649999618530273,28.200000762939453,27.25,28.06999969482422,16200,28.06999969482422,0.0,0.0
HYDR,2024-03-27 20:00:00-04:00,28.100000381469727,28.25,27.75,28.200000762939453,6860,28.200000762939453,0.0,0.0
HYDR,2024-03-31 20:00:00-04:00,28.5,28.799999237060547,28.049999237060547,28.75,21440,28.75,0.0,0.0
HYDR,2024-04-01 20:00:00-04:00,28.600000381469727,28.600000381469727,27.799999237060547,27.950000762939453,10640,27.950000762939453,0.0,0.0
HYDR,2024-04-02 20:00:00-04:00,27.950000762939453,28.350000381469727,27.5,28.350000381469727,10400,28.350000381469727,0.0,0.0
HYDR,2024-04-03 20:00:00-04:00,28.799999237060547,29.25,28.045000076293945,28.600000381469727,15180,28.600000381469727,0.0,0.0
HYDR,2024-04-04 20:00:00-04:00,28.200000762939453,28.75,28.049999237060547,28.350000381469727,6280,28.350000381469727,0.0,0.0
HYDR,2024-04-07 20:00:00-04:00,28.899999618530273,29.049999237060547,28.600000381469727,28.899999618530273,12220,28.899999618530273,0.0,0.0
HYDR,2024-04-08 20:00:00-04:00,29.25,29.850000381469727,29.25,29.5,14020,29.5,0.0,0.0
HYDR,2024-04-09 20:00:00-04:00,28.25,28.450000762939453,27.850000381469727,28.075000762939453,20100,28.075000762939453,0.0,0.0
HYDR,2024-04-10 20:00:00-04:00,28.75,28.75,27.399999618530273,28.0,18760,28.0,0.0,0.0
HYDR,2024-04-11 20:00:00-04:00,27.700000762939453,27.875,27.049999237060547,27.25,8960,27.25,0.0,0.0
HYDR,2024-04-14 20:00:00-04:00,27.299999237060547,27.299999237060547,26.299999237060547,26.600000381469727,16020,26.600000381469727,0.0,0.0
HYDR,2024-04-15 20:00:00-04:00,26.149999618530273,26.25,25.719999313354492,25.950000762939453,14160,25.950000762939453,0.0,0.0
HYDR,2024-04-16 20:00:00-04:00,25.799999237060547,26.049999237060547,25.25,25.399999618530273,27300,25.399999618530273,0.0,0.0
HYDR,2024-04-17 20:00:00-04:00,25.75,26.049999237060547,25.399999618530273,25.649999618530273,9160,25.649999618530273,0.0,0.0
HYDR,2024-04-18 20:00:00-04:00,25.5,25.649999618530273,25.0,25.25,10140,25.25,0.0,0.0
HYDR,2024-04-21 20:00:00-04:00,25.399999618530273,25.5,24.649999618530273,24.899999618530273,20120,24.899999618530273,0.0,0.0
HYDR,2024-04-22 20:00:00-04:00,25.149999618530273,25.899999618530273,25.049999237060547,25.799999237060547,10180,25.799999237060547,0.0,0.0
HYDR,2024-04-23 20:00:00-04:00,25.700000762939453,25.700000762939453,24.799999237060547,25.0,8880,25.0,0.0,0.0
HYDR,2024-04-24 20:00:00-04:00,24.799999237060547,24.899999618530273,24.25,24.75,12060,24.75,0.0,0.0
HYDR,2024-04-25 20:00:00-04:00,25.0,25.75,24.850000381469727,25.700000762939453,14620,25.700000762939453,0.0,0.0
HYDR,2024-04-28 20:00:00-04:00,26.149999618530273,26.549999237060547,26.0,26.450000762939453,13480,26.450000762939453,0.0,0.0
HYDR,2024-04-29 20:00:00-04:00,26.299999237060547,26.450000762939453,25.899999618530273,26.100000381469727,8460,26.100000381469727,0.0,0.0
HYDR,2024-04-30 20:00:00-04:00,25.950000762939453,26.825000762939453,25.799999237060547,26.25,4540,26.25,0.0,0.0
HYDR,2024-05-01 20:00:00-04:00,26.5,26.799999237060547,26.0,26.799999237060547,8280,26.799999237060547,0.0,0.0
HYDR,2024-05-02 20:00:00-04:00,27.149999618530273,27.75,27.149999618530273,27.649999618530273,16340,27.649999618530273,0.0,0.0
HYDR,2024-05-05 20:00:00-04:00,27.700000762939453,28.149999618530273,27.649999618530273,27.799999237060547,10580,27.799999237060547,0.0,0.0
HYDR,2024-05-06 20:00:00-04:00,27.950000762939453,28.0,27.600000381469727,27.700000762939453,7260,27.700000762939453,0.0,0.0
HYDR,2024-05-07 20:00:00-04:00,27.350000381469727,27.5,27.010000228881836,27.450000762939453,9140,27.450000762939453,0.0,0.0
HYDR,2024-05-08 20:00:00-04:00,27.299999237060547,28.149999618530273,27.299999237060547,28.0,12180,28.0,0.0,0.0
HYDR,2024-05-09 20:00:00-04:00,28.350000381469727,28.549999237060547,27.350000381469727,27.450000762939453,12500,27.450000762939453,0.0,0.0
HYDR,2024-05-12 20:00:00-04:00,27.399999618530273,28.549999237060547,27.375,28.049999237060547,10060,28.049999237060547,0.0,0.0
HYDR,2024-05-13 20:00:00-04:00,29.5,30.899999618530273,29.5,29.950000762939453,31000,29.950000762939453,0.0,0.0
HYDR,2024-05-14 20:00:00-04:00,30.649999618530273,30.799999237060547,29.5,30.200000762939453,20560,30.200000762939453,0.0,0.0
HYDR,2024-05-15 20:00:00-04:00,30.049999237060547,30.200000762939453,29.549999237060547,29.799999237060547,15060,29.799999237060547,0.0,0.0
HYDR,2024-05-16 20:00:00-04:00,29.799999237060547,29.799999237060547,29.55500030517578,29.649999618530273,9760,29.649999618530273,0.0,0.0
HYDR,2024-05-19 20:00:00-04:00,29.600000381469727,29.75,29.350000381469727,29.700000762939453,11040,29.700000762939453,0.0,0.0
HYDR,2024-05-20 20:00:00-04:00,29.649999618530273,30.600000381469727,29.510000228881836,30.450000762939453,31540,30.450000762939453,0.0,0.0
HYDR,2024-05-21 20:00:00-04:00,30.850000381469727,32.75,30.850000381469727,32.349998474121094,53560,32.349998474121094,0.0,0.0
HYDR,2024-05-22 20:00:00-04:00,33.25,33.349998474121094,31.450000762939453,31.75,45880,31.75,0.0,0.0
HYDR,2024-05-23 20:00:00-04:00,31.850000381469727,32.70000076293945,31.600000381469727,32.70000076293945,48300,32.70000076293945,0.0,0.0
HYDR,2024-05-27 20:00:00-04:00,34.29999923706055,34.650001525878906,33.849998474121094,34.20000076293945,45700,34.20000076293945,0.0,0.0
HYDR,2024-05-28 20:00:00-04:00,33.20000076293945,33.20000076293945,32.5,32.5,24860,32.5,0.0,0.0
HYDR,2024-05-29 20:00:00-04:00,32.5,33.349998474121094,32.25,33.25,15960,33.25,0.0,0.0
HYDR,2024-05-30 20:00:00-04:00,33.70000076293945,34.17499923706055,33.005001068115234,33.400001525878906,31440,33.400001525878906,0.0,0.0
HYDR,2024-06-02 20:00:00-04:00,34.099998474121094,34.45000076293945,33.75,34.0,33000,34.0,0.0,0.0
HYDR,2024-06-03 20:00:00-04:00,33.5,33.5,32.29999923706055,32.650001525878906,40940,32.650001525878906,0.0,0.0
HYDR,2024-06-04 20:00:00-04:00,32.650001525878906,32.650001525878906,31.950000762939453,32.29999923706055,43120,32.29999923706055,0.0,0.0
HYDR,2024-06-05 20:00:00-04:00,32.150001525878906,32.29999923706055,31.600000381469727,31.950000762939453,24980,31.950000762939453,0.0,0.0
HYDR,2024-06-06 20:00:00-04:00,31.700000762939453,31.700000762939453,30.950000762939453,31.200000762939453,11260,31.200000762939453,0.0,0.0
HYDR,2024-06-09 20:00:00-04:00,30.950000762939453,31.899999618530273,30.649999618530273,31.700000762939453,18060,31.700000762939453,0.0,0.0
HYDR,2024-06-10 20:00:00-04:00,30.850000381469727,30.850000381469727,30.100000381469727,30.5,21280,30.5,0.0,0.0
HYDR,2024-06-11 20:00:00-04:00,31.299999237060547,31.940000534057617,30.600000381469727,30.950000762939453,12360,30.950000762939453,0.0,0.0
HYDR,2024-06-12 20:00:00-04:00,30.950000762939453,31.100000381469727,29.899999618530273,30.149999618530273,40740,30.149999618530273,0.0,0.0
HYDR,2024-06-13 20:00:00-04:00,29.600000381469727,29.600000381469727,28.549999237060547,28.899999618530273,24240,28.899999618530273,0.0,0.0
HYDR,2024-06-16 20:00:00-04:00,28.209999084472656,28.719999313354492,27.989999771118164,28.270000457763672,127900,28.270000457763672,0.0,0.2
HYDR,2024-06-17 20:00:00-04:00,28.270000457763672,28.829999923706055,28.270000457763672,28.468000411987305,23000,28.468000411987305,0.0,0.0
HYDR,2024-06-19 20:00:00-04:00,28.549999237060547,28.549999237060547,28.200000762939453,28.3799991607666,55300,28.3799991607666,0.0,0.0
HYDR,2024-06-20 20:00:00-04:00,28.010000228881836,28.010000228881836,27.010000228881836,27.010000228881836,84600,27.010000228881836,0.0,0.0
HYDR,2024-06-23 20:00:00-04:00,27.559999465942383,27.649999618530273,27.0,27.079999923706055,23100,27.079999923706055,0.0,0.0
HYDR,2024-06-24 20:00:00-04:00,27.15999984741211,27.299999237060547,26.670000076293945,26.899999618530273,15900,26.899999618530273,0.0,0.0
HYDR,2024-06-25 20:00:00-04:00,26.530000686645508,26.6299991607666,26.329999923706055,26.5,22800,26.5,0.0,0.0
HYDR,2024-06-26 20:00:00-04:00,26.489999771118164,26.6200008392334,26.260000228881836,26.549999237060547,18300,26.549999237060547,0.0,0.0
HYDR,2024-06-27 20:00:00-04:00,26.860000610351562,26.860000610351562,25.850000381469727,26.139999389648438,13900,26.139999389648438,0.0,0.0
HYDR,2024-06-30 20:00:00-04:00,26.559999465942383,26.559999465942383,25.799999237060547,25.850000381469727,57100,25.850000381469727,0.0,0.0
HYDR,2024-07-01 20:00:00-04:00,25.760000228881836,26.049999237060547,25.549999237060547,25.59000015258789,10700,25.59000015258789,0.0,0.0
HYDR,2024-07-02 20:00:00-04:00,25.780000686645508,27.0,25.780000686645508,27.0,12000,27.0,0.0,0.0
HYDR,2024-07-04 20:00:00-04:00,27.110000610351562,27.270000457763672,26.613000869750977,27.25,15000,27.25,0.0,0.0
HYDR,2024-07-07 20:00:00-04:00,27.520000457763672,27.799999237060547,27.34000015258789,27.40999984741211,16200,27.40999984741211,0.0,0.0
HYDR,2024-07-08 20:00:00-04:00,27.450000762939453,27.450000762939453,26.93000030517578,27.149999618530273,12000,27.149999618530273,0.0,0.0
HYDR,2024-07-09 20:00:00-04:00,27.360000610351562,27.65999984741211,27.010000228881836,27.65999984741211,16200,27.65999984741211,0.0,0.0
HYDR,2024-07-10 20:00:00-04:00,28.309999465942383,28.860000610351562,28.309999465942383,28.690000534057617,18700,28.690000534057617,0.0,0.0
HYDR,2024-07-11 20:00:00-04:00,29.31999969482422,30.25,29.208999633789062,30.0,25500,30.0,0.0,0.0
HYDR,2024-07-14 20:00:00-04:00,29.450000762939453,29.809999465942383,28.709999084472656,29.809999465942383,72000,29.809999465942383,0.0,0.0
HYDR,2024-07-15 20:00:00-04:00,29.84000015258789,30.420000076293945,29.43000030517578,30.280000686645508,27900,30.280000686645508,0.0,0.0
HYDR,2024-07-16 20:00:00-04:00,29.8799991607666,30.270000457763672,29.010000228881836,29.139999389648438,16800,29.139999389648438,0.0,0.0
HYDR,2024-07-17 20:00:00-04:00,29.049999237060547,29.1299991607666,28.09000015258789,28.100000381469727,23800,28.100000381469727,0.0,0.0
HYDR,2024-07-18 20:00:00-04:00,27.309999465942383,27.309999465942383,26.709999084472656,26.729999542236328,27200,26.729999542236328,0.0,0.0
HYDR,2024-07-21 20:00:00-04:00,27.260000228881836,27.344999313354492,26.709999084472656,26.940000534057617,17200,26.940000534057617,0.0,0.0
HYDR,2024-07-23 11:50:56-04:00,26.899999618530273,27.049999237060547,26.790000915527344,27.049999237060547,4416,27.049999237060547,0.0,0.0
