symbol,date,open,high,low,close,volume,adjclose,splits
GSUN,2022-06-21 20:00:00-04:00,190.0,197.99000549316406,134.10000610351562,163.0,50660,163.0,0.0
GSUN,2022-06-22 20:00:00-04:00,192.1999969482422,296.3999938964844,170.8000030517578,205.0,74030,205.0,0.0
GSUN,2022-06-23 20:00:00-04:00,209.8000030517578,230.0,187.0,198.0,16170,198.0,0.0
GSUN,2022-06-26 20:00:00-04:00,192.5,231.0,190.0,227.5,20720,227.5,0.0
GSUN,2022-06-27 20:00:00-04:00,233.0,245.6999969482422,214.86000061035156,234.89999389648438,22440,234.89999389648438,0.0
GSUN,2022-06-28 20:00:00-04:00,226.1999969482422,237.89999389648438,195.60000610351562,195.60000610351562,14850,195.60000610351562,0.0
GSUN,2022-06-29 20:00:00-04:00,181.0,199.5,161.60000610351562,164.0,13190,164.0,0.0
GSUN,2022-06-30 20:00:00-04:00,168.1999969482422,191.97000122070312,168.1999969482422,169.5,5470,169.5,0.0
GSUN,2022-07-04 20:00:00-04:00,163.39999389648438,178.9199981689453,162.52999877929688,165.0,7330,165.0,0.0
GSUN,2022-07-05 20:00:00-04:00,169.9499969482422,185.0,169.9499969482422,177.5,9320,177.5,0.0
GSUN,2022-07-06 20:00:00-04:00,180.0,190.8000030517578,177.0,185.0,9220,185.0,0.0
GSUN,2022-07-07 20:00:00-04:00,185.3000030517578,217.5,184.0,215.60000610351562,6710,215.60000610351562,0.0
GSUN,2022-07-10 20:00:00-04:00,217.0,239.60000610351562,201.39999389648438,224.1999969482422,9820,224.1999969482422,0.0
GSUN,2022-07-11 20:00:00-04:00,225.39999389648438,232.0,218.89999389648438,226.39999389648438,2910,226.39999389648438,0.0
GSUN,2022-07-12 20:00:00-04:00,220.1999969482422,230.0,220.1999969482422,227.3000030517578,2520,227.3000030517578,0.0
GSUN,2022-07-13 20:00:00-04:00,242.0,242.0,219.60000610351562,228.89999389648438,4560,228.89999389648438,0.0
GSUN,2022-07-14 20:00:00-04:00,242.0,258.70001220703125,232.74000549316406,253.60000610351562,5860,253.60000610351562,0.0
GSUN,2022-07-17 20:00:00-04:00,265.0,282.6400146484375,260.0,277.29998779296875,6080,277.29998779296875,0.0
GSUN,2022-07-18 20:00:00-04:00,274.8999938964844,282.70001220703125,261.1000061035156,276.8999938964844,7070,276.8999938964844,0.0
GSUN,2022-07-19 20:00:00-04:00,268.79998779296875,283.79998779296875,263.75,280.5,4900,280.5,0.0
GSUN,2022-07-20 20:00:00-04:00,279.0,305.8999938964844,258.739990234375,296.20001220703125,4920,296.20001220703125,0.0
GSUN,2022-07-21 20:00:00-04:00,300.1000061035156,310.0,251.1999969482422,281.5,5720,281.5,0.0
GSUN,2022-07-24 20:00:00-04:00,305.6000061035156,309.8999938964844,253.10000610351562,309.8999938964844,4880,309.8999938964844,0.0
GSUN,2022-07-25 20:00:00-04:00,308.1000061035156,308.1000061035156,269.0,305.5,4280,305.5,0.0
GSUN,2022-07-26 20:00:00-04:00,300.79998779296875,305.0,272.29998779296875,301.6000061035156,2330,301.6000061035156,0.0
GSUN,2022-07-27 20:00:00-04:00,300.20001220703125,320.0,293.8999938964844,305.0,2700,305.0,0.0
GSUN,2022-07-28 20:00:00-04:00,302.5,327.5,295.1000061035156,300.0,2000,300.0,0.0
GSUN,2022-07-31 20:00:00-04:00,318.70001220703125,357.5,312.6000061035156,340.0,3340,340.0,0.0
GSUN,2022-08-01 20:00:00-04:00,387.3999938964844,396.8999938964844,330.20001220703125,386.8999938964844,4360,386.8999938964844,0.0
GSUN,2022-08-02 20:00:00-04:00,397.3999938964844,729.9000244140625,388.29998779296875,489.3999938964844,14940,489.3999938964844,0.0
GSUN,2022-08-03 20:00:00-04:00,494.8999938964844,494.8999938964844,421.0,450.5,9520,450.5,0.0
GSUN,2022-08-04 20:00:00-04:00,441.0,480.0,386.0,437.8999938964844,7950,437.8999938964844,0.0
GSUN,2022-08-07 20:00:00-04:00,428.1000061035156,438.94000244140625,370.0,431.0,5410,431.0,0.0
GSUN,2022-08-08 20:00:00-04:00,420.1000061035156,432.0,357.8999938964844,431.29998779296875,4750,431.29998779296875,0.0
GSUN,2022-08-09 20:00:00-04:00,425.0,425.5,372.79998779296875,423.1000061035156,6750,423.1000061035156,0.0
GSUN,2022-08-10 20:00:00-04:00,439.8999938964844,439.8999938964844,386.3599853515625,434.0,5130,434.0,0.0
GSUN,2022-08-11 20:00:00-04:00,440.5,484.79998779296875,430.0,484.29998779296875,6000,484.29998779296875,0.0
GSUN,2022-08-14 20:00:00-04:00,465.0,519.4199829101562,455.0,506.5,6240,506.5,0.0
GSUN,2022-08-15 20:00:00-04:00,510.0,520.7999877929688,485.0,500.0,5140,500.0,0.0
GSUN,2022-08-16 20:00:00-04:00,621.7999877929688,622.9000244140625,491.20001220703125,529.0999755859375,6750,529.0999755859375,0.0
GSUN,2022-08-17 20:00:00-04:00,549.0999755859375,770.0,392.5,661.5,105020,661.5,0.0
GSUN,2022-08-18 20:00:00-04:00,769.7000122070312,950.0,422.0,508.5,31850,508.5,0.0
GSUN,2022-08-21 20:00:00-04:00,449.79998779296875,449.79998779296875,355.0,355.0,25060,355.0,0.0
GSUN,2022-08-22 20:00:00-04:00,355.0,355.0,202.6999969482422,219.89999389648438,27800,219.89999389648438,0.0
GSUN,2022-08-23 20:00:00-04:00,212.8000030517578,349.79998779296875,181.1999969482422,270.1000061035156,113210,270.1000061035156,0.0
GSUN,2022-08-24 20:00:00-04:00,280.0,431.0,247.5,373.29998779296875,194710,373.29998779296875,0.0
GSUN,2022-08-25 20:00:00-04:00,365.79998779296875,367.5799865722656,310.0,319.1000061035156,25960,319.1000061035156,0.0
GSUN,2022-08-28 20:00:00-04:00,318.0,356.3999938964844,307.5,310.0,34560,310.0,0.0
GSUN,2022-08-29 20:00:00-04:00,310.70001220703125,329.0,310.0,318.20001220703125,14680,318.20001220703125,0.0
GSUN,2022-08-30 20:00:00-04:00,323.0,345.0,311.9700012207031,334.1000061035156,28360,334.1000061035156,0.0
GSUN,2022-08-31 20:00:00-04:00,337.70001220703125,400.0,296.29998779296875,304.5,33020,304.5,0.0
GSUN,2022-09-01 20:00:00-04:00,310.1000061035156,320.0,310.0,317.5,8980,317.5,0.0
GSUN,2022-09-05 20:00:00-04:00,320.0,340.0,310.0,313.0,31760,313.0,0.0
GSUN,2022-09-06 20:00:00-04:00,315.0,330.0,296.5,300.1000061035156,36560,300.1000061035156,0.0
GSUN,2022-09-07 20:00:00-04:00,310.0,325.0,300.1000061035156,305.0,40750,305.0,0.0
GSUN,2022-09-08 20:00:00-04:00,300.5,330.0,300.5,319.8999938964844,40180,319.8999938964844,0.0
GSUN,2022-09-11 20:00:00-04:00,318.20001220703125,332.20001220703125,300.0,300.0,42770,300.0,0.0
GSUN,2022-09-12 20:00:00-04:00,303.29998779296875,315.0,300.1000061035156,301.70001220703125,41100,301.70001220703125,0.0
GSUN,2022-09-13 20:00:00-04:00,301.79998779296875,364.6000061035156,283.0,300.0,44640,300.0,0.0
GSUN,2022-09-14 20:00:00-04:00,302.0,311.1499938964844,280.0,301.70001220703125,42350,301.70001220703125,0.0
GSUN,2022-09-15 20:00:00-04:00,283.20001220703125,335.5,283.20001220703125,300.5,42710,300.5,0.0
GSUN,2022-09-18 20:00:00-04:00,295.0,302.0,278.3999938964844,288.0,41280,288.0,0.0
GSUN,2022-09-19 20:00:00-04:00,284.1000061035156,297.69000244140625,273.739990234375,280.1000061035156,40840,280.1000061035156,0.0
GSUN,2022-09-20 20:00:00-04:00,280.20001220703125,282.0,270.0,270.0,41050,270.0,0.0
GSUN,2022-09-21 20:00:00-04:00,270.1000061035156,294.8999938964844,270.0,275.3999938964844,40830,275.3999938964844,0.0
GSUN,2022-09-22 20:00:00-04:00,272.5,949.989990234375,251.6999969482422,528.9000244140625,137890,528.9000244140625,0.0
GSUN,2022-09-25 20:00:00-04:00,408.79998779296875,495.0,304.1000061035156,407.20001220703125,115360,407.20001220703125,0.0
GSUN,2022-09-26 20:00:00-04:00,373.70001220703125,390.6199951171875,332.8999938964844,335.79998779296875,19790,335.79998779296875,0.0
GSUN,2022-09-27 20:00:00-04:00,316.79998779296875,338.32000732421875,275.1000061035156,284.8999938964844,23950,284.8999938964844,0.0
GSUN,2022-09-28 20:00:00-04:00,276.3999938964844,433.20001220703125,262.0,324.0,46880,324.0,0.0
GSUN,2022-09-29 20:00:00-04:00,317.5,350.0,264.0,274.5,47030,274.5,0.0
GSUN,2022-10-02 20:00:00-04:00,277.5,295.0,250.60000610351562,254.60000610351562,40730,254.60000610351562,0.0
GSUN,2022-10-03 20:00:00-04:00,250.1999969482422,268.0,240.10000610351562,250.39999389648438,40720,250.39999389648438,0.0
GSUN,2022-10-04 20:00:00-04:00,250.0,253.0,225.1999969482422,234.60000610351562,40890,234.60000610351562,0.0
GSUN,2022-10-05 20:00:00-04:00,232.5,265.0,232.5,263.29998779296875,50760,263.29998779296875,0.0
GSUN,2022-10-06 20:00:00-04:00,259.5,261.5,233.0,234.0,41070,234.0,0.0
GSUN,2022-10-09 20:00:00-04:00,229.3000030517578,246.89999389648438,196.5,212.89999389648438,41540,212.89999389648438,0.0
GSUN,2022-10-10 20:00:00-04:00,212.39999389648438,239.89999389648438,201.0,228.1999969482422,40140,228.1999969482422,0.0
GSUN,2022-10-11 20:00:00-04:00,222.0,234.0,206.0,212.89999389648438,40450,212.89999389648438,0.0
GSUN,2022-10-12 20:00:00-04:00,209.10000610351562,215.0,197.36000061035156,206.1999969482422,45330,206.1999969482422,0.0
GSUN,2022-10-13 20:00:00-04:00,203.6999969482422,210.89999389648438,186.39999389648438,196.0,37410,196.0,0.0
GSUN,2022-10-16 20:00:00-04:00,203.1999969482422,203.1999969482422,187.6999969482422,190.89999389648438,42590,190.89999389648438,0.0
GSUN,2022-10-17 20:00:00-04:00,193.1999969482422,242.1999969482422,190.0500030517578,219.0,35690,219.0,0.0
GSUN,2022-10-18 20:00:00-04:00,218.89999389648438,239.0,210.0,219.39999389648438,39710,219.39999389648438,0.0
GSUN,2022-10-19 20:00:00-04:00,215.02000427246094,227.0,211.8000030517578,212.5,37140,212.5,0.0
GSUN,2022-10-20 20:00:00-04:00,218.89999389648438,221.25,206.89999389648438,217.39999389648438,42150,217.39999389648438,0.0
GSUN,2022-10-23 20:00:00-04:00,203.3000030517578,214.0,187.1999969482422,206.89999389648438,38840,206.89999389648438,0.0
GSUN,2022-10-24 20:00:00-04:00,194.89999389648438,244.0,194.89999389648438,230.10000610351562,41080,230.10000610351562,0.0
GSUN,2022-10-25 20:00:00-04:00,230.10000610351562,278.0,226.8000030517578,246.3000030517578,54890,246.3000030517578,0.0
GSUN,2022-10-26 20:00:00-04:00,248.6999969482422,270.0,245.35000610351562,263.3999938964844,48410,263.3999938964844,0.0
GSUN,2022-10-27 20:00:00-04:00,263.5,275.0,237.60000610351562,259.8999938964844,59430,259.8999938964844,0.0
GSUN,2022-10-30 20:00:00-04:00,255.0,255.0,195.89999389648438,211.60000610351562,36960,211.60000610351562,0.0
GSUN,2022-10-31 20:00:00-04:00,217.0,237.0,203.1999969482422,225.0,38330,225.0,0.0
GSUN,2022-11-01 20:00:00-04:00,217.3000030517578,229.52999877929688,190.0,192.0,38050,192.0,0.0
GSUN,2022-11-02 20:00:00-04:00,190.6999969482422,190.91000366210938,152.5,169.60000610351562,34860,169.60000610351562,0.0
GSUN,2022-11-03 20:00:00-04:00,175.10000610351562,193.64999389648438,167.0,178.0,17470,178.0,0.0
GSUN,2022-11-06 19:00:00-05:00,174.39999389648438,181.0,155.0,163.0,88020,163.0,0.0
GSUN,2022-11-07 19:00:00-05:00,165.0,173.1999969482422,85.79000091552734,123.19999694824219,125590,123.19999694824219,0.0
GSUN,2022-11-08 19:00:00-05:00,88.19999694824219,93.0,56.470001220703125,59.650001525878906,59990,59.650001525878906,0.0
GSUN,2022-11-09 19:00:00-05:00,66.5999984741211,67.6500015258789,49.400001525878906,57.900001525878906,23330,57.900001525878906,0.0
GSUN,2022-11-10 19:00:00-05:00,59.900001525878906,69.9000015258789,50.099998474121094,57.099998474121094,59220,57.099998474121094,0.0
GSUN,2022-11-13 19:00:00-05:00,63.900001525878906,66.0,55.099998474121094,61.0,132830,61.0,0.0
GSUN,2022-11-14 19:00:00-05:00,59.599998474121094,61.5,55.099998474121094,56.900001525878906,39220,56.900001525878906,0.0
GSUN,2022-11-15 19:00:00-05:00,55.599998474121094,55.599998474121094,40.70000076293945,43.0,46860,43.0,0.0
GSUN,2022-11-16 19:00:00-05:00,42.099998474121094,42.29999923706055,22.0,23.100000381469727,213730,23.100000381469727,0.0
GSUN,2022-11-17 19:00:00-05:00,26.399999618530273,32.0,23.5,25.5,315100,25.5,0.0
GSUN,2022-11-20 19:00:00-05:00,24.700000762939453,25.899999618530273,20.440000534057617,21.100000381469727,63890,21.100000381469727,0.0
GSUN,2022-11-21 19:00:00-05:00,20.5,22.5,19.100000381469727,20.299999237060547,158990,20.299999237060547,0.0
GSUN,2022-11-22 19:00:00-05:00,24.700000762939453,25.5,19.799999237060547,21.5,809150,21.5,0.0
GSUN,2022-11-24 19:00:00-05:00,21.5,21.5,20.0,20.600000381469727,38470,20.600000381469727,0.0
GSUN,2022-11-27 19:00:00-05:00,19.600000381469727,20.399999618530273,16.700000762939453,17.899999618530273,133760,17.899999618530273,0.0
GSUN,2022-11-28 19:00:00-05:00,17.200000762939453,17.899999618530273,16.200000762939453,16.600000381469727,73610,16.600000381469727,0.0
GSUN,2022-11-29 19:00:00-05:00,17.200000762939453,17.200000762939453,14.800000190734863,15.600000381469727,81610,15.600000381469727,0.0
GSUN,2022-11-30 19:00:00-05:00,15.699999809265137,16.100000381469727,14.399999618530273,14.5,140930,14.5,0.0
GSUN,2022-12-01 19:00:00-05:00,14.399999618530273,14.899999618530273,13.100000381469727,13.899999618530273,100330,13.899999618530273,0.0
GSUN,2022-12-04 19:00:00-05:00,14.100000381469727,15.0,12.899999618530273,13.600000381469727,78820,13.600000381469727,0.0
GSUN,2022-12-05 19:00:00-05:00,13.699999809265137,13.699999809265137,12.199999809265137,12.399999618530273,57860,12.399999618530273,0.0
GSUN,2022-12-06 19:00:00-05:00,12.300000190734863,13.5,11.300000190734863,13.199999809265137,54940,13.199999809265137,0.0
GSUN,2022-12-07 19:00:00-05:00,13.800000190734863,14.489999771118164,12.199999809265137,12.5,70240,12.5,0.0
GSUN,2022-12-08 19:00:00-05:00,12.399999618530273,13.600000381469727,12.0,13.300000190734863,38110,13.300000190734863,0.0
GSUN,2022-12-11 19:00:00-05:00,14.0,17.399999618530273,12.699999809265137,15.199999809265137,182260,15.199999809265137,0.0
GSUN,2022-12-12 19:00:00-05:00,15.600000381469727,15.899999618530273,12.100000381469727,13.0,130780,13.0,0.0
GSUN,2022-12-13 19:00:00-05:00,12.800000190734863,13.100000381469727,12.0,12.5,34240,12.5,0.0
GSUN,2022-12-14 19:00:00-05:00,12.300000190734863,12.609999656677246,10.100000381469727,11.199999809265137,52460,11.199999809265137,0.0
GSUN,2022-12-15 19:00:00-05:00,11.100000381469727,12.399999618530273,10.899999618530273,11.300000190734863,39220,11.300000190734863,0.0
GSUN,2022-12-18 19:00:00-05:00,11.600000381469727,12.300000190734863,9.399999618530273,10.199999809265137,179500,10.199999809265137,0.0
GSUN,2022-12-19 19:00:00-05:00,9.600000381469727,11.5,9.5,10.600000381469727,126590,10.600000381469727,0.0
GSUN,2022-12-20 19:00:00-05:00,10.0,11.100000381469727,10.0,10.600000381469727,40480,10.600000381469727,0.0
GSUN,2022-12-21 19:00:00-05:00,11.0,11.0,10.0,10.699999809265137,26770,10.699999809265137,0.0
GSUN,2022-12-22 19:00:00-05:00,10.5,11.09000015258789,10.100000381469727,10.300000190734863,43430,10.300000190734863,0.0
GSUN,2022-12-26 19:00:00-05:00,10.100000381469727,11.399999618530273,10.100000381469727,10.199999809265137,63750,10.199999809265137,0.0
GSUN,2022-12-27 19:00:00-05:00,10.0,10.600000381469727,9.449999809265137,10.199999809265137,37530,10.199999809265137,0.0
GSUN,2022-12-28 19:00:00-05:00,9.899999618530273,10.5,9.699999809265137,10.300000190734863,21320,10.300000190734863,0.0
GSUN,2022-12-29 19:00:00-05:00,10.199999809265137,11.100000381469727,10.100000381469727,11.0,31980,11.0,0.0
GSUN,2023-01-02 19:00:00-05:00,10.600000381469727,11.100000381469727,9.5,10.300000190734863,31040,10.300000190734863,0.0
GSUN,2023-01-03 19:00:00-05:00,10.5,11.0,10.130000114440918,10.699999809265137,18860,10.699999809265137,0.0
GSUN,2023-01-04 19:00:00-05:00,10.75,14.600000381469727,10.75,12.600000381469727,427230,12.600000381469727,0.0
GSUN,2023-01-05 19:00:00-05:00,14.300000190734863,24.399999618530273,12.699999809265137,22.399999618530273,1415830,22.399999618530273,0.0
GSUN,2023-01-08 19:00:00-05:00,20.600000381469727,23.0,16.700000762939453,19.5,484490,19.5,0.0
GSUN,2023-01-09 19:00:00-05:00,18.600000381469727,29.700000762939453,18.600000381469727,23.600000381469727,1611310,23.600000381469727,0.0
GSUN,2023-01-10 19:00:00-05:00,24.5,27.799999237060547,20.0,21.799999237060547,539870,21.799999237060547,0.0
GSUN,2023-01-11 19:00:00-05:00,20.700000762939453,22.0,19.0,19.799999237060547,199340,19.799999237060547,0.0
GSUN,2023-01-12 19:00:00-05:00,19.799999237060547,23.0,18.899999618530273,22.0,158840,22.0,0.0
GSUN,2023-01-16 19:00:00-05:00,21.0,22.0,19.799999237060547,20.200000762939453,71790,20.200000762939453,0.0
GSUN,2023-01-17 19:00:00-05:00,20.299999237060547,20.799999237060547,17.299999237060547,18.5,123270,18.5,0.0
GSUN,2023-01-18 19:00:00-05:00,18.5,19.299999237060547,17.5,18.5,51150,18.5,0.0
GSUN,2023-01-19 19:00:00-05:00,18.5,18.799999237060547,15.25,16.0,94470,16.0,0.0
GSUN,2023-01-22 19:00:00-05:00,16.600000381469727,16.899999618530273,15.5,16.100000381469727,42580,16.100000381469727,0.0
GSUN,2023-01-23 19:00:00-05:00,16.5,16.600000381469727,14.699999809265137,15.5,43190,15.5,0.0
GSUN,2023-01-24 19:00:00-05:00,15.800000190734863,15.819999694824219,14.5,14.899999618530273,33560,14.899999618530273,0.0
GSUN,2023-01-25 19:00:00-05:00,14.899999618530273,15.699999809265137,14.5,14.899999618530273,32860,14.899999618530273,0.0
GSUN,2023-01-26 19:00:00-05:00,14.0,15.399999618530273,13.800000190734863,14.800000190734863,27590,14.800000190734863,0.0
GSUN,2023-01-29 19:00:00-05:00,15.399999618530273,15.399999618530273,14.300000190734863,14.300000190734863,21430,14.300000190734863,0.0
GSUN,2023-01-30 19:00:00-05:00,14.0,15.399999618530273,14.0,15.199999809265137,37720,15.199999809265137,0.0
GSUN,2023-01-31 19:00:00-05:00,14.899999618530273,35.0,14.899999618530273,34.29999923706055,4816610,34.29999923706055,0.0
GSUN,2023-02-01 19:00:00-05:00,25.0,27.0,20.299999237060547,22.600000381469727,678090,22.600000381469727,0.0
GSUN,2023-02-02 19:00:00-05:00,21.299999237060547,23.899999618530273,20.0,20.5,225540,20.5,0.0
GSUN,2023-02-05 19:00:00-05:00,20.100000381469727,22.5,20.0,20.200000762939453,104670,20.200000762939453,0.0
GSUN,2023-02-06 19:00:00-05:00,21.0,33.79999923706055,20.600000381469727,24.200000762939453,3680980,24.200000762939453,0.0
GSUN,2023-02-07 19:00:00-05:00,22.799999237060547,26.600000381469727,22.0,23.799999237060547,279780,23.799999237060547,0.0
GSUN,2023-02-08 19:00:00-05:00,25.799999237060547,31.200000762939453,23.799999237060547,24.399999618530273,1917750,24.399999618530273,0.0
GSUN,2023-02-09 19:00:00-05:00,24.399999618530273,26.799999237060547,22.100000381469727,24.299999237060547,211600,24.299999237060547,0.0
GSUN,2023-02-12 19:00:00-05:00,24.899999618530273,28.100000381469727,23.200000762939453,26.5,226230,26.5,0.0
GSUN,2023-02-13 19:00:00-05:00,25.899999618530273,30.799999237060547,23.899999618530273,24.0,535700,24.0,0.0
GSUN,2023-02-14 19:00:00-05:00,24.5,26.200000762939453,22.799999237060547,23.299999237060547,135870,23.299999237060547,0.0
GSUN,2023-02-15 19:00:00-05:00,23.399999618530273,23.700000762939453,21.0,22.700000762939453,101780,22.700000762939453,0.0
GSUN,2023-02-16 19:00:00-05:00,22.700000762939453,26.5,22.100000381469727,25.0,127910,25.0,0.0
GSUN,2023-02-20 19:00:00-05:00,24.5,26.200000762939453,22.719999313354492,23.100000381469727,66370,23.100000381469727,0.0
GSUN,2023-02-21 19:00:00-05:00,23.100000381469727,23.399999618530273,22.0,22.799999237060547,69160,22.799999237060547,0.0
GSUN,2023-02-22 19:00:00-05:00,23.899999618530273,24.600000381469727,22.5,23.799999237060547,76630,23.799999237060547,0.0
GSUN,2023-02-23 19:00:00-05:00,22.5,23.399999618530273,21.200000762939453,21.799999237060547,50910,21.799999237060547,0.0
GSUN,2023-02-26 19:00:00-05:00,21.600000381469727,21.799999237060547,19.0,19.600000381469727,49660,19.600000381469727,0.0
GSUN,2023-02-27 19:00:00-05:00,19.5,19.5,17.899999618530273,19.399999618530273,53400,19.399999618530273,0.0
GSUN,2023-02-28 19:00:00-05:00,20.100000381469727,20.5,18.899999618530273,19.5,27380,19.5,0.0
GSUN,2023-03-01 19:00:00-05:00,19.600000381469727,22.299999237060547,18.43000030517578,21.899999618530273,73990,21.899999618530273,0.0
GSUN,2023-03-02 19:00:00-05:00,21.600000381469727,22.799999237060547,20.5,21.200000762939453,38850,21.200000762939453,0.0
GSUN,2023-03-05 19:00:00-05:00,21.299999237060547,22.100000381469727,20.600000381469727,22.0,29200,22.0,0.0
GSUN,2023-03-06 19:00:00-05:00,21.5,21.5,19.799999237060547,20.399999618530273,26370,20.399999618530273,0.0
GSUN,2023-03-07 19:00:00-05:00,19.799999237060547,20.299999237060547,19.200000762939453,20.100000381469727,14740,20.100000381469727,0.0
GSUN,2023-03-08 19:00:00-05:00,19.399999618530273,20.200000762939453,18.600000381469727,19.299999237060547,25450,19.299999237060547,0.0
GSUN,2023-03-09 19:00:00-05:00,19.200000762939453,19.899999618530273,17.600000381469727,18.100000381469727,17700,18.100000381469727,0.0
GSUN,2023-03-12 20:00:00-04:00,18.600000381469727,19.799999237060547,16.200000762939453,19.799999237060547,33040,19.799999237060547,0.0
GSUN,2023-03-13 20:00:00-04:00,19.0,20.399999618530273,17.600000381469727,17.899999618530273,22660,17.899999618530273,0.0
GSUN,2023-03-14 20:00:00-04:00,18.0,18.0,17.0,17.399999618530273,11680,17.399999618530273,0.0
GSUN,2023-03-15 20:00:00-04:00,17.299999237060547,17.799999237060547,16.700000762939453,17.700000762939453,8250,17.700000762939453,0.0
GSUN,2023-03-16 20:00:00-04:00,16.799999237060547,17.6200008392334,16.100000381469727,16.299999237060547,19280,16.299999237060547,0.0
GSUN,2023-03-19 20:00:00-04:00,17.0,17.0,13.300000190734863,14.300000190734863,55450,14.300000190734863,0.0
GSUN,2023-03-20 20:00:00-04:00,14.100000381469727,15.300000190734863,13.779999732971191,14.5,18890,14.5,0.0
GSUN,2023-03-21 20:00:00-04:00,14.800000190734863,15.5,13.800000190734863,13.800000190734863,10780,13.800000190734863,0.0
GSUN,2023-03-22 20:00:00-04:00,15.199999809265137,15.199999809265137,14.0,14.699999809265137,9390,14.699999809265137,0.0
GSUN,2023-03-23 20:00:00-04:00,14.5,15.100000381469727,13.819999694824219,14.600000381469727,7850,14.600000381469727,0.0
GSUN,2023-03-26 20:00:00-04:00,15.0,16.299999237060547,14.699999809265137,15.899999618530273,17790,15.899999618530273,0.0
GSUN,2023-03-27 20:00:00-04:00,15.899999618530273,16.700000762939453,15.899999618530273,16.700000762939453,9320,16.700000762939453,0.0
GSUN,2023-03-28 20:00:00-04:00,17.0,17.010000228881836,16.0,16.399999618530273,12770,16.399999618530273,0.0
GSUN,2023-03-29 20:00:00-04:00,16.399999618530273,16.399999618530273,15.300000190734863,15.5,8920,15.5,0.0
GSUN,2023-03-30 20:00:00-04:00,15.600000381469727,15.699999809265137,14.699999809265137,15.0,8660,15.0,0.0
GSUN,2023-04-02 20:00:00-04:00,14.300000190734863,15.699999809265137,14.199999809265137,15.699999809265137,27570,15.699999809265137,0.0
GSUN,2023-04-03 20:00:00-04:00,16.139999389648438,16.219999313354492,14.800000190734863,15.800000190734863,10010,15.800000190734863,0.0
GSUN,2023-04-04 20:00:00-04:00,15.300000190734863,16.5,15.270000457763672,16.0,9140,16.0,0.0
GSUN,2023-04-05 20:00:00-04:00,15.600000381469727,15.800000190734863,15.0,15.0,9270,15.0,0.0
GSUN,2023-04-09 20:00:00-04:00,14.800000190734863,15.5,14.0,14.100000381469727,8240,14.100000381469727,0.0
GSUN,2023-04-10 20:00:00-04:00,14.899999618530273,16.0,14.100000381469727,14.300000190734863,19200,14.300000190734863,0.0
GSUN,2023-04-11 20:00:00-04:00,14.300000190734863,15.0,13.800000190734863,13.800000190734863,8580,13.800000190734863,0.0
GSUN,2023-04-12 20:00:00-04:00,13.800000190734863,14.4399995803833,13.100000381469727,13.300000190734863,12230,13.300000190734863,0.0
GSUN,2023-04-13 20:00:00-04:00,13.899999618530273,14.0,12.600000381469727,12.800000190734863,13010,12.800000190734863,0.0
GSUN,2023-04-16 20:00:00-04:00,13.100000381469727,13.100000381469727,12.199999809265137,12.300000190734863,18350,12.300000190734863,0.0
GSUN,2023-04-17 20:00:00-04:00,12.0,13.0,12.0,12.399999618530273,13990,12.399999618530273,0.0
GSUN,2023-04-18 20:00:00-04:00,13.0,13.0,12.399999618530273,12.550000190734863,18690,12.550000190734863,0.0
GSUN,2023-04-19 20:00:00-04:00,11.899999618530273,12.199999809265137,11.0,11.699999809265137,14780,11.699999809265137,0.0
GSUN,2023-04-20 20:00:00-04:00,11.199999809265137,13.199999809265137,11.199999809265137,12.699999809265137,39530,12.699999809265137,0.0
GSUN,2023-04-23 20:00:00-04:00,12.699999809265137,12.699999809265137,11.399999618530273,11.899999618530273,12680,11.899999618530273,0.0
GSUN,2023-04-24 20:00:00-04:00,12.100000381469727,12.100000381469727,11.100000381469727,11.489999771118164,8900,11.489999771118164,0.0
GSUN,2023-04-25 20:00:00-04:00,11.399999618530273,11.4399995803833,10.300000190734863,10.850000381469727,18990,10.850000381469727,0.0
GSUN,2023-04-26 20:00:00-04:00,11.0,11.0,10.119999885559082,10.329999923706055,86920,10.329999923706055,0.0
GSUN,2023-04-27 20:00:00-04:00,16.0,19.700000762939453,11.800000190734863,13.5,2424080,13.5,0.0
GSUN,2023-04-30 20:00:00-04:00,13.399999618530273,15.699999809265137,11.800000190734863,12.699999809265137,313320,12.699999809265137,0.0
GSUN,2023-05-01 20:00:00-04:00,12.699999809265137,15.5,12.5,13.800000190734863,215100,13.800000190734863,0.0
GSUN,2023-05-02 20:00:00-04:00,13.0,13.5,12.5,13.0,71200,13.0,0.0
GSUN,2023-05-03 20:00:00-04:00,13.800000190734863,13.800000190734863,12.399999618530273,12.899999618530273,55050,12.899999618530273,0.0
GSUN,2023-05-04 20:00:00-04:00,12.600000381469727,13.199999809265137,12.199999809265137,12.800000190734863,27370,12.800000190734863,0.0
GSUN,2023-05-07 20:00:00-04:00,12.399999618530273,13.0,12.0,12.600000381469727,27760,12.600000381469727,0.0
GSUN,2023-05-08 20:00:00-04:00,12.5,12.699999809265137,12.0,12.5,19680,12.5,0.0
GSUN,2023-05-09 20:00:00-04:00,12.199999809265137,12.5,11.800000190734863,12.5,21960,12.5,0.0
GSUN,2023-05-10 20:00:00-04:00,12.199999809265137,12.319999694824219,11.100000381469727,11.600000381469727,24990,11.600000381469727,0.0
GSUN,2023-05-11 20:00:00-04:00,11.0,11.600000381469727,10.600000381469727,10.800000190734863,22510,10.800000190734863,0.0
GSUN,2023-05-14 20:00:00-04:00,10.699999809265137,11.399999618530273,10.699999809265137,11.300000190734863,11950,11.300000190734863,0.0
GSUN,2023-05-15 20:00:00-04:00,11.0,11.199999809265137,10.5,11.0,18130,11.0,0.0
GSUN,2023-05-16 20:00:00-04:00,11.0,11.300000190734863,10.5,10.899999618530273,9580,10.899999618530273,0.0
GSUN,2023-05-17 20:00:00-04:00,10.800000190734863,11.0,10.600000381469727,10.800000190734863,7700,10.800000190734863,0.0
GSUN,2023-05-18 20:00:00-04:00,10.600000381469727,11.100000381469727,10.399999618530273,10.399999618530273,16490,10.399999618530273,0.0
GSUN,2023-05-21 20:00:00-04:00,10.600000381469727,10.800000190734863,10.300000190734863,10.399999618530273,27020,10.399999618530273,0.0
GSUN,2023-05-22 20:00:00-04:00,10.899999618530273,12.100000381469727,10.800000190734863,10.899999618530273,42100,10.899999618530273,0.0
GSUN,2023-05-23 20:00:00-04:00,10.800000190734863,11.800000190734863,10.600000381469727,11.399999618530273,25090,11.399999618530273,0.0
GSUN,2023-05-24 20:00:00-04:00,11.100000381469727,11.399999618530273,10.800000190734863,10.800000190734863,13080,10.800000190734863,0.0
GSUN,2023-05-25 20:00:00-04:00,10.600000381469727,11.300000190734863,10.600000381469727,10.8100004196167,12030,10.8100004196167,0.0
GSUN,2023-05-29 20:00:00-04:00,10.800000190734863,11.180000305175781,10.800000190734863,10.979999542236328,6760,10.979999542236328,0.0
GSUN,2023-05-30 20:00:00-04:00,11.0,11.050000190734863,10.800000190734863,10.850000381469727,6520,10.850000381469727,0.0
GSUN,2023-05-31 20:00:00-04:00,10.989999771118164,11.800000190734863,10.899999618530273,11.680000305175781,20410,11.680000305175781,0.0
GSUN,2023-06-01 20:00:00-04:00,11.5,12.399999618530273,11.5,12.100000381469727,42490,12.100000381469727,0.0
GSUN,2023-06-04 20:00:00-04:00,11.800000190734863,12.199999809265137,11.300000190734863,11.800000190734863,12980,11.800000190734863,0.0
GSUN,2023-06-05 20:00:00-04:00,11.800000190734863,11.800000190734863,11.300000190734863,11.600000381469727,5610,11.600000381469727,0.0
GSUN,2023-06-06 20:00:00-04:00,11.600000381469727,11.699999809265137,10.800000190734863,11.25,15200,11.25,0.0
GSUN,2023-06-07 20:00:00-04:00,11.199999809265137,11.25,10.899999618530273,11.0,8320,11.0,0.0
GSUN,2023-06-08 20:00:00-04:00,11.0,11.800000190734863,11.0,11.399999618530273,15420,11.399999618530273,0.0
GSUN,2023-06-11 20:00:00-04:00,11.199999809265137,11.600000381469727,11.100000381469727,11.300000190734863,14110,11.300000190734863,0.0
GSUN,2023-06-12 20:00:00-04:00,11.199999809265137,12.5,11.199999809265137,12.399999618530273,24690,12.399999618530273,0.0
GSUN,2023-06-13 20:00:00-04:00,12.399999618530273,12.399999618530273,11.0,11.380000114440918,18180,11.380000114440918,0.0
GSUN,2023-06-14 20:00:00-04:00,11.399999618530273,12.0,11.199999809265137,12.0,15350,12.0,0.0
GSUN,2023-06-15 20:00:00-04:00,12.0,12.5,11.5,12.5,22740,12.5,0.0
GSUN,2023-06-19 20:00:00-04:00,11.800000190734863,12.199999809265137,11.199999809265137,11.199999809265137,11220,11.199999809265137,0.0
GSUN,2023-06-20 20:00:00-04:00,11.699999809265137,11.699999809265137,11.199999809265137,11.600000381469727,6890,11.600000381469727,0.0
GSUN,2023-06-21 20:00:00-04:00,11.600000381469727,11.600000381469727,11.199999809265137,11.300000190734863,5150,11.300000190734863,0.0
GSUN,2023-06-22 20:00:00-04:00,11.0,11.300000190734863,11.0,11.100000381469727,8430,11.100000381469727,0.0
GSUN,2023-06-25 20:00:00-04:00,11.100000381469727,11.399999618530273,10.600000381469727,10.899999618530273,5860,10.899999618530273,0.0
GSUN,2023-06-26 20:00:00-04:00,11.050000190734863,11.100000381469727,10.699999809265137,10.90999984741211,4840,10.90999984741211,0.0
GSUN,2023-06-27 20:00:00-04:00,10.800000190734863,11.100000381469727,10.699999809265137,11.050000190734863,4940,11.050000190734863,0.0
GSUN,2023-06-28 20:00:00-04:00,11.100000381469727,11.399999618530273,10.699999809265137,11.399999618530273,11710,11.399999618530273,0.0
GSUN,2023-06-29 20:00:00-04:00,10.0,11.0,9.880000114440918,10.5,51270,10.5,0.0
GSUN,2023-07-02 20:00:00-04:00,10.300000190734863,10.899999618530273,10.300000190734863,10.699999809265137,6830,10.699999809265137,0.0
GSUN,2023-07-04 20:00:00-04:00,10.899999618530273,10.899999618530273,10.350000381469727,10.5,7540,10.5,0.0
GSUN,2023-07-05 20:00:00-04:00,10.5,10.5,9.989999771118164,10.09000015258789,16970,10.09000015258789,0.0
GSUN,2023-07-06 20:00:00-04:00,10.5,10.5,9.600000381469727,9.75,40470,9.75,0.0
GSUN,2023-07-09 20:00:00-04:00,9.75,10.199999809265137,9.600000381469727,9.800000190734863,11650,9.800000190734863,0.0
GSUN,2023-07-10 20:00:00-04:00,9.899999618530273,10.0,9.600000381469727,9.699999809265137,11770,9.699999809265137,0.0
GSUN,2023-07-11 20:00:00-04:00,9.600000381469727,10.449999809265137,9.600000381469727,10.0,15700,10.0,0.0
GSUN,2023-07-12 20:00:00-04:00,10.0,10.600000381469727,10.0,10.300000190734863,11770,10.300000190734863,0.0
GSUN,2023-07-13 20:00:00-04:00,10.399999618530273,10.399999618530273,9.550000190734863,9.609999656677246,12760,9.609999656677246,0.0
GSUN,2023-07-16 20:00:00-04:00,9.600000381469727,9.899999618530273,9.600000381469727,9.699999809265137,4530,9.699999809265137,0.0
GSUN,2023-07-17 20:00:00-04:00,9.630000114440918,9.850000381469727,9.199999809265137,9.329999923706055,13020,9.329999923706055,0.0
GSUN,2023-07-18 20:00:00-04:00,9.399999618530273,9.789999961853027,9.199999809265137,9.25,16370,9.25,0.0
GSUN,2023-07-19 20:00:00-04:00,9.699999809265137,9.699999809265137,9.0,9.0,8640,9.0,0.0
GSUN,2023-07-20 20:00:00-04:00,9.170000076293945,9.170000076293945,8.0,8.600000381469727,17610,8.600000381469727,0.0
GSUN,2023-07-23 20:00:00-04:00,8.829999923706055,8.899999618530273,8.210000038146973,8.899999618530273,7360,8.899999618530273,0.0
GSUN,2023-07-24 20:00:00-04:00,8.710000038146973,8.899999618530273,8.579999923706055,8.899999618530273,5920,8.899999618530273,0.0
GSUN,2023-07-25 20:00:00-04:00,8.699999809265137,8.899999618530273,8.5,8.699999809265137,4350,8.699999809265137,0.0
GSUN,2023-07-26 20:00:00-04:00,8.899999618530273,8.899999618530273,8.5,8.600000381469727,6930,8.600000381469727,0.0
GSUN,2023-07-27 20:00:00-04:00,8.529999732971191,8.800000190734863,8.329999923706055,8.5600004196167,11160,8.5600004196167,0.0
GSUN,2023-07-30 20:00:00-04:00,8.449999809265137,8.460000038146973,8.100000381469727,8.270000457763672,7010,8.270000457763672,0.0
GSUN,2023-07-31 20:00:00-04:00,8.319999694824219,8.359999656677246,7.739999771118164,8.350000381469727,18110,8.350000381469727,0.0
GSUN,2023-08-01 20:00:00-04:00,8.140000343322754,8.300000190734863,8.0,8.149999618530273,11960,8.149999618530273,0.0
GSUN,2023-08-02 20:00:00-04:00,8.029999732971191,8.180000305175781,7.800000190734863,8.100000381469727,7440,8.100000381469727,0.0
GSUN,2023-08-03 20:00:00-04:00,7.869999885559082,8.260000228881836,7.800000190734863,7.800000190734863,4840,7.800000190734863,0.0
GSUN,2023-08-06 20:00:00-04:00,7.75,7.989999771118164,7.75,7.960000038146973,2710,7.960000038146973,0.0
GSUN,2023-08-07 20:00:00-04:00,7.880000114440918,8.0,7.75,7.900000095367432,2880,7.900000095367432,0.0
GSUN,2023-08-08 20:00:00-04:00,8.0,10.600000381469727,7.989999771118164,10.600000381469727,51950,10.600000381469727,0.0
GSUN,2023-08-09 20:00:00-04:00,9.649999618530273,9.899999618530273,8.899999618530273,8.899999618530273,22610,8.899999618530273,0.0
GSUN,2023-08-10 20:00:00-04:00,9.100000381469727,9.5,8.600000381469727,9.149999618530273,11880,9.149999618530273,0.0
GSUN,2023-08-13 20:00:00-04:00,9.75,9.75,8.930000305175781,9.0,5870,9.0,0.0
GSUN,2023-08-14 20:00:00-04:00,9.0,9.300000190734863,8.600000381469727,8.699999809265137,4630,8.699999809265137,0.0
GSUN,2023-08-15 20:00:00-04:00,8.600000381469727,8.800000190734863,8.289999961853027,8.5,8130,8.5,0.0
GSUN,2023-08-16 20:00:00-04:00,8.899999618530273,9.0,8.199999809265137,8.59000015258789,6020,8.59000015258789,0.0
GSUN,2023-08-17 20:00:00-04:00,8.449999809265137,8.699999809265137,8.430000305175781,8.430000305175781,2340,8.430000305175781,0.0
GSUN,2023-08-20 20:00:00-04:00,8.199999809265137,8.770000457763672,8.199999809265137,8.359999656677246,5320,8.359999656677246,0.0
GSUN,2023-08-21 20:00:00-04:00,8.399999618530273,8.699999809265137,8.199999809265137,8.199999809265137,10710,8.199999809265137,0.0
GSUN,2023-08-22 20:00:00-04:00,8.199999809265137,8.539999961853027,8.199999809265137,8.199999809265137,3430,8.199999809265137,0.0
GSUN,2023-08-23 20:00:00-04:00,8.270000457763672,8.479999542236328,8.029999732971191,8.100000381469727,5620,8.100000381469727,0.0
GSUN,2023-08-24 20:00:00-04:00,8.010000228881836,8.819999694824219,8.0,8.789999961853027,6610,8.789999961853027,0.0
GSUN,2023-08-27 20:00:00-04:00,9.09000015258789,9.1899995803833,8.600000381469727,9.100000381469727,7220,9.100000381469727,0.0
GSUN,2023-08-28 20:00:00-04:00,9.199999809265137,9.399999618530273,8.699999809265137,9.199999809265137,6800,9.199999809265137,0.0
GSUN,2023-08-29 20:00:00-04:00,9.149999618530273,9.149999618530273,8.5600004196167,9.0,1560,9.0,0.0
GSUN,2023-08-30 20:00:00-04:00,8.710000038146973,9.0,8.609999656677246,8.609999656677246,1570,8.609999656677246,0.0
GSUN,2023-08-31 20:00:00-04:00,8.5600004196167,8.90999984741211,8.199999809265137,8.239999771118164,2900,8.239999771118164,0.0
GSUN,2023-09-04 20:00:00-04:00,8.199999809265137,9.0,8.140000343322754,8.5,3830,8.5,0.0
GSUN,2023-09-05 20:00:00-04:00,8.510000228881836,8.800000190734863,8.270000457763672,8.270000457763672,2930,8.270000457763672,0.0
GSUN,2023-09-06 20:00:00-04:00,8.300000190734863,9.079999923706055,8.130000114440918,8.989999771118164,10390,8.989999771118164,0.0
GSUN,2023-09-07 20:00:00-04:00,8.75,9.0,8.350000381469727,8.899999618530273,1210,8.899999618530273,0.0
GSUN,2023-09-10 20:00:00-04:00,8.899999618530273,8.899999618530273,8.550000190734863,8.899999618530273,840,8.899999618530273,0.0
GSUN,2023-09-11 20:00:00-04:00,8.630000114440918,8.899999618530273,8.399999618530273,8.5,7320,8.5,0.0
GSUN,2023-09-12 20:00:00-04:00,8.25,8.65999984741211,7.800000190734863,8.010000228881836,9410,8.010000228881836,0.0
GSUN,2023-09-13 20:00:00-04:00,8.020000457763672,8.289999961853027,7.889999866485596,8.199999809265137,1690,8.199999809265137,0.0
GSUN,2023-09-14 20:00:00-04:00,8.300000190734863,8.300000190734863,7.900000095367432,8.289999961853027,2680,8.289999961853027,0.0
GSUN,2023-09-17 20:00:00-04:00,7.820000171661377,8.220000267028809,7.800000190734863,7.900000095367432,2430,7.900000095367432,0.0
GSUN,2023-09-18 20:00:00-04:00,7.800000190734863,8.0,7.800000190734863,7.900000095367432,2540,7.900000095367432,0.0
GSUN,2023-09-19 20:00:00-04:00,8.0,8.25,7.860000133514404,8.010000228881836,7500,8.010000228881836,0.0
GSUN,2023-09-20 20:00:00-04:00,7.949999809265137,8.300000190734863,7.800000190734863,8.0,6930,8.0,0.0
GSUN,2023-09-21 20:00:00-04:00,8.149999618530273,8.300000190734863,8.0,8.0,2000,8.0,0.0
GSUN,2023-09-24 20:00:00-04:00,7.800000190734863,8.300000190734863,7.800000190734863,8.300000190734863,1960,8.300000190734863,0.0
GSUN,2023-09-25 20:00:00-04:00,8.399999618530273,8.399999618530273,8.109999656677246,8.109999656677246,2320,8.109999656677246,0.0
GSUN,2023-09-26 20:00:00-04:00,8.0,8.0,7.5,7.519999980926514,8510,7.519999980926514,0.0
GSUN,2023-09-27 20:00:00-04:00,7.5,7.699999809265137,7.400000095367432,7.400000095367432,4470,7.400000095367432,0.0
GSUN,2023-09-28 20:00:00-04:00,7.400000095367432,7.960000038146973,7.400000095367432,7.960000038146973,3120,7.960000038146973,0.0
GSUN,2023-10-01 20:00:00-04:00,7.900000095367432,8.0,7.5,7.78000020980835,4000,7.78000020980835,0.0
GSUN,2023-10-02 20:00:00-04:00,8.0,8.0,7.110000133514404,7.539999961853027,5120,7.539999961853027,0.0
GSUN,2023-10-03 20:00:00-04:00,7.300000190734863,7.480000019073486,7.260000228881836,7.400000095367432,3100,7.400000095367432,0.0
GSUN,2023-10-04 20:00:00-04:00,5.5,7.400000095367432,5.5,7.0,15420,7.0,0.0
GSUN,2023-10-05 20:00:00-04:00,7.199999809265137,7.550000190734863,6.519999980926514,7.5,5920,7.5,0.0
GSUN,2023-10-08 20:00:00-04:00,7.199999809265137,7.5,7.199999809265137,7.210000038146973,1920,7.210000038146973,0.0
GSUN,2023-10-09 20:00:00-04:00,7.210000038146973,7.510000228881836,6.96999979019165,7.5,3690,7.5,0.0
GSUN,2023-10-10 20:00:00-04:00,7.400000095367432,7.71999979019165,7.110000133514404,7.5,3990,7.5,0.0
GSUN,2023-10-11 20:00:00-04:00,7.25,8.260000228881836,7.25,7.900000095367432,6190,7.900000095367432,0.0
GSUN,2023-10-12 20:00:00-04:00,7.929999828338623,8.25,7.099999904632568,7.309999942779541,8330,7.309999942779541,0.0
GSUN,2023-10-15 20:00:00-04:00,7.670000076293945,7.670000076293945,6.25,6.769999980926514,7310,6.769999980926514,0.0
GSUN,2023-10-16 20:00:00-04:00,6.820000171661377,7.269999980926514,5.849999904632568,6.449999809265137,4620,6.449999809265137,0.0
GSUN,2023-10-17 20:00:00-04:00,6.5,6.5,5.869999885559082,5.869999885559082,8940,5.869999885559082,0.0
GSUN,2023-10-18 20:00:00-04:00,5.869999885559082,5.869999885559082,5.300000190734863,5.5,8060,5.5,0.0
GSUN,2023-10-19 20:00:00-04:00,5.199999809265137,5.699999809265137,5.199999809265137,5.21999979019165,91830,5.21999979019165,0.0
GSUN,2023-10-22 20:00:00-04:00,4.840000152587891,4.920000076293945,4.309999942779541,4.699999809265137,26190,4.699999809265137,0.0
GSUN,2023-10-23 20:00:00-04:00,4.75,5.300000190734863,4.730000019073486,4.730000019073486,10890,4.730000019073486,0.0
GSUN,2023-10-24 20:00:00-04:00,4.599999904632568,5.150000095367432,4.309999942779541,5.03000020980835,17840,5.03000020980835,0.0
GSUN,2023-10-25 20:00:00-04:00,4.659999847412109,4.889999866485596,4.400000095367432,4.639999866485596,3400,4.639999866485596,0.0
GSUN,2023-10-26 20:00:00-04:00,4.800000190734863,5.059999942779541,4.639999866485596,4.690000057220459,3650,4.690000057220459,0.0
GSUN,2023-10-29 20:00:00-04:00,4.699999809265137,6.0,4.699999809265137,5.800000190734863,20090,5.800000190734863,0.0
GSUN,2023-10-30 20:00:00-04:00,5.5,5.800000190734863,5.340000152587891,5.650000095367432,7370,5.650000095367432,0.0
GSUN,2023-10-31 20:00:00-04:00,5.519999980926514,6.400000095367432,5.210000038146973,5.960000038146973,7470,5.960000038146973,0.0
GSUN,2023-11-01 20:00:00-04:00,5.949999809265137,6.039999961853027,5.699999809265137,6.0,1910,6.0,0.0
GSUN,2023-11-02 20:00:00-04:00,6.199999809265137,6.619999885559082,5.900000095367432,6.5,4060,6.5,0.0
GSUN,2023-11-05 19:00:00-05:00,6.5,6.800000190734863,5.599999904632568,6.079999923706055,5570,6.079999923706055,0.0
GSUN,2023-11-06 19:00:00-05:00,5.800000190734863,5.960000038146973,5.0,5.0,5340,5.0,0.0
GSUN,2023-11-07 19:00:00-05:00,5.25,5.789999961853027,4.900000095367432,5.0,9730,5.0,0.0
GSUN,2023-11-08 19:00:00-05:00,5.190000057220459,5.5,5.099999904632568,5.320000171661377,3200,5.320000171661377,0.0
GSUN,2023-11-09 19:00:00-05:00,5.400000095367432,5.400000095367432,5.099999904632568,5.099999904632568,1590,5.099999904632568,0.0
GSUN,2023-11-12 19:00:00-05:00,5.210000038146973,5.5,5.0,5.0,3800,5.0,0.0
GSUN,2023-11-13 19:00:00-05:00,5.0,5.0,4.699999809265137,4.800000190734863,4370,4.800000190734863,0.0
GSUN,2023-11-14 19:00:00-05:00,5.0,5.199999809265137,4.949999809265137,4.949999809265137,3270,4.949999809265137,0.0
GSUN,2023-11-15 19:00:00-05:00,5.099999904632568,5.199999809265137,4.900000095367432,4.929999828338623,5030,4.929999828338623,0.0
GSUN,2023-11-16 19:00:00-05:00,5.150000095367432,5.300000190734863,4.900000095367432,4.900000095367432,2220,4.900000095367432,0.0
GSUN,2023-11-19 19:00:00-05:00,5.289999961853027,5.579999923706055,4.909999847412109,4.909999847412109,5090,4.909999847412109,0.0
GSUN,2023-11-20 19:00:00-05:00,4.800000190734863,5.190000057220459,4.800000190734863,4.920000076293945,3130,4.920000076293945,0.0
GSUN,2023-11-21 19:00:00-05:00,4.900000095367432,5.300000190734863,4.849999904632568,4.860000133514404,4110,4.860000133514404,0.0
GSUN,2023-11-23 19:00:00-05:00,5.0,5.25,5.0,5.199999809265137,1250,5.199999809265137,0.0
GSUN,2023-11-26 19:00:00-05:00,5.199999809265137,5.300000190734863,5.0,5.199999809265137,290,5.199999809265137,0.0
GSUN,2023-11-27 19:00:00-05:00,5.199999809265137,5.5,4.5,5.489999771118164,5380,5.489999771118164,0.0
GSUN,2023-11-28 19:00:00-05:00,5.199999809265137,5.599999904632568,5.199999809265137,5.210000038146973,2810,5.210000038146973,0.0
GSUN,2023-11-29 19:00:00-05:00,5.5,5.599999904632568,5.28000020980835,5.599999904632568,1630,5.599999904632568,0.0
GSUN,2023-11-30 19:00:00-05:00,5.559999942779541,5.599999904632568,5.510000228881836,5.550000190734863,940,5.550000190734863,0.0
GSUN,2023-12-03 19:00:00-05:00,5.519999980926514,5.75,5.519999980926514,5.739999771118164,1100,5.739999771118164,0.0
GSUN,2023-12-04 19:00:00-05:00,5.5,5.610000133514404,5.449999809265137,5.510000228881836,840,5.510000228881836,0.0
GSUN,2023-12-05 19:00:00-05:00,5.46999979019165,6.0,5.46999979019165,5.800000190734863,3980,5.800000190734863,0.0
GSUN,2023-12-06 19:00:00-05:00,5.800000190734863,6.0,5.75,5.800000190734863,1670,5.800000190734863,0.0
GSUN,2023-12-07 19:00:00-05:00,5.630000114440918,5.800000190734863,5.0,5.210000038146973,4770,5.210000038146973,0.0
GSUN,2023-12-10 19:00:00-05:00,5.699999809265137,5.800000190734863,5.5,5.769999980926514,1790,5.769999980926514,0.0
GSUN,2023-12-11 19:00:00-05:00,5.809999942779541,5.809999942779541,5.5,5.5,680,5.5,0.0
GSUN,2023-12-12 19:00:00-05:00,5.650000095367432,5.800000190734863,5.639999866485596,5.800000190734863,1210,5.800000190734863,0.0
GSUN,2023-12-13 19:00:00-05:00,5.800000190734863,5.800000190734863,5.650000095367432,5.769999980926514,1680,5.769999980926514,0.0
GSUN,2023-12-14 19:00:00-05:00,5.510000228881836,5.800000190734863,5.300000190734863,5.800000190734863,2940,5.800000190734863,0.0
GSUN,2023-12-17 19:00:00-05:00,5.800000190734863,5.960000038146973,5.199999809265137,5.5,2790,5.5,0.0
GSUN,2023-12-18 19:00:00-05:00,5.599999904632568,7.400000095367432,5.599999904632568,6.829999923706055,25520,6.829999923706055,0.0
GSUN,2023-12-19 19:00:00-05:00,6.949999809265137,7.199999809265137,6.699999809265137,6.730000019073486,4230,6.730000019073486,0.0
GSUN,2023-12-20 19:00:00-05:00,6.730000019073486,6.78000020980835,6.210000038146973,6.78000020980835,1540,6.78000020980835,0.0
GSUN,2023-12-21 19:00:00-05:00,6.300000190734863,6.75,6.300000190734863,6.300000190734863,2660,6.300000190734863,0.0
GSUN,2023-12-25 19:00:00-05:00,6.210000038146973,6.300000190734863,6.0,6.300000190734863,2350,6.300000190734863,0.0
GSUN,2023-12-26 19:00:00-05:00,6.010000228881836,6.289999961853027,5.900000095367432,6.289999961853027,1790,6.289999961853027,0.0
GSUN,2023-12-27 19:00:00-05:00,5.900000095367432,6.260000228881836,5.800000190734863,6.0,3650,6.0,0.0
GSUN,2023-12-28 19:00:00-05:00,6.099999904632568,6.25,5.900000095367432,5.909999847412109,2720,5.909999847412109,0.0
GSUN,2024-01-01 19:00:00-05:00,5.800000190734863,6.28000020980835,5.710000038146973,6.28000020980835,540,6.28000020980835,0.0
GSUN,2024-01-02 19:00:00-05:00,6.489999771118164,6.800000190734863,6.03000020980835,6.099999904632568,2250,6.099999904632568,0.0
GSUN,2024-01-03 19:00:00-05:00,6.400000095367432,6.800000190734863,6.21999979019165,6.599999904632568,1490,6.599999904632568,0.0
GSUN,2024-01-04 19:00:00-05:00,6.5,6.789999961853027,6.400000095367432,6.400000095367432,360,6.400000095367432,0.0
GSUN,2024-01-07 19:00:00-05:00,6.699999809265137,6.699999809265137,5.900000095367432,5.900000095367432,2490,5.900000095367432,0.0
GSUN,2024-01-08 19:00:00-05:00,5.949999809265137,5.949999809265137,5.800000190734863,5.900000095367432,480,5.900000095367432,0.0
GSUN,2024-01-09 19:00:00-05:00,5.699999809265137,6.199999809265137,5.699999809265137,6.0,910,6.0,0.0
GSUN,2024-01-10 19:00:00-05:00,6.119999885559082,6.119999885559082,5.800000190734863,6.010000228881836,1040,6.010000228881836,0.0
GSUN,2024-01-11 19:00:00-05:00,6.010000228881836,6.099999904632568,5.849999904632568,6.0,1290,6.0,0.0
GSUN,2024-01-15 19:00:00-05:00,5.900000095367432,5.989999771118164,5.800000190734863,5.809999942779541,760,5.809999942779541,0.0
GSUN,2024-01-16 19:00:00-05:00,5.800000190734863,5.800000190734863,5.510000228881836,5.599999904632568,1970,5.599999904632568,0.0
GSUN,2024-01-17 19:00:00-05:00,6.0,6.0,5.690000057220459,5.699999809265137,1880,5.699999809265137,0.0
GSUN,2024-01-18 19:00:00-05:00,5.699999809265137,6.0,5.699999809265137,5.699999809265137,2500,5.699999809265137,0.0
GSUN,2024-01-21 19:00:00-05:00,5.809999942779541,6.199999809265137,5.809999942779541,5.929999828338623,4580,5.929999828338623,0.0
GSUN,2024-01-22 19:00:00-05:00,5.760000228881836,6.300000190734863,5.760000228881836,5.900000095367432,3880,5.900000095367432,0.0
GSUN,2024-01-23 19:00:00-05:00,6.110000133514404,8.5,6.050000190734863,7.539999961853027,71550,7.539999961853027,0.0
GSUN,2024-01-24 19:00:00-05:00,8.079999923706055,8.609999656677246,7.389999866485596,7.550000190734863,14990,7.550000190734863,0.0
GSUN,2024-01-25 19:00:00-05:00,7.5,7.75,6.690000057220459,6.880000114440918,7780,6.880000114440918,0.0
GSUN,2024-01-28 19:00:00-05:00,6.880000114440918,7.0,6.599999904632568,6.78000020980835,3970,6.78000020980835,0.0
GSUN,2024-01-29 19:00:00-05:00,7.0,8.0,6.599999904632568,7.019999980926514,8420,7.019999980926514,0.0
GSUN,2024-01-30 19:00:00-05:00,7.400000095367432,7.900000095367432,7.320000171661377,7.489999771118164,6720,7.489999771118164,0.0
GSUN,2024-01-31 19:00:00-05:00,7.599999904632568,8.100000381469727,7.599999904632568,7.900000095367432,9090,7.900000095367432,0.0
GSUN,2024-02-01 19:00:00-05:00,7.900000095367432,11.199999809265137,7.610000133514404,9.739999771118164,95520,9.739999771118164,0.0
GSUN,2024-02-04 19:00:00-05:00,10.300000190734863,10.300000190734863,8.460000038146973,10.199999809265137,25410,10.199999809265137,0.0
GSUN,2024-02-05 19:00:00-05:00,9.789999961853027,10.199999809265137,9.399999618530273,10.100000381469727,21080,10.100000381469727,0.0
GSUN,2024-02-06 19:00:00-05:00,9.899999618530273,10.199999809265137,9.390000343322754,10.100000381469727,27270,10.100000381469727,0.0
GSUN,2024-02-07 19:00:00-05:00,10.0,10.5,9.800000190734863,10.300000190734863,24470,10.300000190734863,0.0
GSUN,2024-02-08 19:00:00-05:00,9.300000190734863,10.5,9.300000190734863,10.199999809265137,153880,10.199999809265137,0.0
GSUN,2024-02-11 19:00:00-05:00,9.800000190734863,10.199999809265137,9.670000076293945,10.199999809265137,30080,10.199999809265137,0.0
GSUN,2024-02-12 19:00:00-05:00,9.699999809265137,10.399999618530273,9.699999809265137,10.199999809265137,13270,10.199999809265137,0.0
GSUN,2024-02-13 19:00:00-05:00,10.100000381469727,10.199999809265137,9.75,10.0,17960,10.0,0.0
GSUN,2024-02-14 19:00:00-05:00,10.0,10.100000381469727,9.199999809265137,10.0,37700,10.0,0.0
GSUN,2024-02-15 19:00:00-05:00,9.75,10.199999809265137,9.34000015258789,10.100000381469727,18650,10.100000381469727,0.0
GSUN,2024-02-19 19:00:00-05:00,10.100000381469727,10.100000381469727,8.100000381469727,8.5,19860,8.5,0.0
GSUN,2024-02-20 19:00:00-05:00,8.100000381469727,8.510000228881836,7.420000076293945,7.510000228881836,2370,7.510000228881836,0.0
GSUN,2024-02-21 19:00:00-05:00,7.489999771118164,7.5,6.800000190734863,7.0,6110,7.0,0.0
GSUN,2024-02-22 19:00:00-05:00,6.800000190734863,6.96999979019165,6.300000190734863,6.960000038146973,13790,6.960000038146973,0.0
GSUN,2024-02-25 19:00:00-05:00,6.75,7.190000057220459,6.559999942779541,7.190000057220459,2830,7.190000057220459,0.0
GSUN,2024-02-26 19:00:00-05:00,6.800000190734863,7.710000038146973,6.800000190734863,7.400000095367432,2370,7.400000095367432,0.0
GSUN,2024-02-27 19:00:00-05:00,6.900000095367432,7.199999809265137,6.53000020980835,6.800000190734863,6940,6.800000190734863,0.0
GSUN,2024-02-28 19:00:00-05:00,6.659999847412109,7.5,6.659999847412109,6.800000190734863,1060,6.800000190734863,0.0
GSUN,2024-02-29 19:00:00-05:00,7.010000228881836,7.199999809265137,6.510000228881836,7.0,2550,7.0,0.0
GSUN,2024-03-03 19:00:00-05:00,6.829999923706055,7.199999809265137,6.5,7.0,4350,7.0,0.0
GSUN,2024-03-04 19:00:00-05:00,6.769999980926514,7.599999904632568,6.539999961853027,7.300000190734863,6480,7.300000190734863,0.0
GSUN,2024-03-05 19:00:00-05:00,7.210000038146973,7.210000038146973,6.599999904632568,6.980000019073486,5420,6.980000019073486,0.0
GSUN,2024-03-06 19:00:00-05:00,6.900000095367432,7.090000152587891,6.599999904632568,7.0,7530,7.0,0.0
GSUN,2024-03-07 19:00:00-05:00,6.800000190734863,7.070000171661377,6.659999847412109,6.710000038146973,680,6.710000038146973,0.0
GSUN,2024-03-10 20:00:00-04:00,6.800000190734863,6.989999771118164,6.5,6.5,1570,6.5,0.0
GSUN,2024-03-11 20:00:00-04:00,6.619999885559082,6.619999885559082,5.03000020980835,5.5,39560,5.5,0.0
GSUN,2024-03-12 20:00:00-04:00,5.559999942779541,5.800000190734863,5.199999809265137,5.230000019073486,2250,5.230000019073486,0.0
GSUN,2024-03-13 20:00:00-04:00,5.210000038146973,5.699999809265137,5.210000038146973,5.329999923706055,1920,5.329999923706055,0.0
GSUN,2024-03-14 20:00:00-04:00,5.179999828338623,5.989999771118164,5.179999828338623,5.989999771118164,1430,5.989999771118164,0.0
GSUN,2024-03-17 20:00:00-04:00,6.059999942779541,6.599999904632568,5.900000095367432,6.099999904632568,5860,6.099999904632568,0.0
GSUN,2024-03-18 20:00:00-04:00,6.300000190734863,6.300000190734863,5.699999809265137,5.889999866485596,2630,5.889999866485596,0.0
GSUN,2024-03-19 20:00:00-04:00,6.300000190734863,6.300000190734863,5.599999904632568,5.880000114440918,820,5.880000114440918,0.0
GSUN,2024-03-20 20:00:00-04:00,6.170000076293945,6.170000076293945,5.5,5.5,960,5.5,0.0
GSUN,2024-03-21 20:00:00-04:00,5.28000020980835,6.0,5.28000020980835,5.360000133514404,3800,5.360000133514404,0.0
GSUN,2024-03-24 20:00:00-04:00,5.550000190734863,5.800000190734863,5.380000114440918,5.380000114440918,1010,5.380000114440918,0.0
GSUN,2024-03-25 20:00:00-04:00,5.0,6.0,5.0,5.010000228881836,7120,5.010000228881836,0.0
GSUN,2024-03-26 20:00:00-04:00,5.199999809265137,5.400000095367432,5.039999961853027,5.199999809265137,1970,5.199999809265137,0.0
GSUN,2024-03-27 20:00:00-04:00,5.21999979019165,5.460000038146973,4.71999979019165,4.809999942779541,3060,4.809999942779541,0.0
GSUN,2024-03-31 20:00:00-04:00,5.269999980926514,5.269999980926514,4.510000228881836,4.599999904632568,5350,4.599999904632568,0.0
GSUN,2024-04-01 20:00:00-04:00,4.699999809265137,5.0,4.400000095367432,4.400000095367432,3280,4.400000095367432,0.0
GSUN,2024-04-02 20:00:00-04:00,4.599999904632568,5.0,4.210000038146973,4.409999847412109,6430,4.409999847412109,0.0
GSUN,2024-04-03 20:00:00-04:00,4.699999809265137,4.900000095367432,4.300000190734863,4.800000190734863,5470,4.800000190734863,0.0
GSUN,2024-04-04 20:00:00-04:00,4.800000190734863,4.800000190734863,4.5,4.599999904632568,2320,4.599999904632568,0.0
GSUN,2024-04-07 20:00:00-04:00,4.599999904632568,4.650000095367432,3.990000009536743,4.190000057220459,17390,4.190000057220459,0.0
GSUN,2024-04-08 20:00:00-04:00,4.199999809265137,4.429999828338623,3.0999999046325684,3.9700000286102295,18550,3.9700000286102295,0.0
GSUN,2024-04-09 20:00:00-04:00,3.7699999809265137,4.0,3.5299999713897705,3.7100000381469727,4660,3.7100000381469727,0.0
GSUN,2024-04-10 20:00:00-04:00,3.799999952316284,4.099999904632568,3.759999990463257,3.940000057220459,4090,3.940000057220459,0.0
GSUN,2024-04-11 20:00:00-04:00,4.090000152587891,4.099999904632568,3.759999990463257,3.940000057220459,1950,3.940000057220459,0.0
GSUN,2024-04-14 20:00:00-04:00,4.199999809265137,4.199999809265137,3.6700000762939453,4.059999942779541,8970,4.059999942779541,0.0
GSUN,2024-04-15 20:00:00-04:00,4.199999809265137,5.199999809265137,4.090000152587891,5.199999809265137,21320,5.199999809265137,0.0
GSUN,2024-04-16 20:00:00-04:00,5.150000095367432,5.199999809265137,4.320000171661377,4.829999923706055,16000,4.829999923706055,0.0
GSUN,2024-04-17 20:00:00-04:00,5.190000057220459,5.46999979019165,4.75,4.900000095367432,16780,4.900000095367432,0.0
GSUN,2024-04-18 20:00:00-04:00,3.859999895095825,4.489999771118164,3.259999990463257,3.7300000190734863,65000,3.7300000190734863,0.1
GSUN,2024-04-21 20:00:00-04:00,3.609999895095825,3.6700000762939453,3.1500000953674316,3.180000066757202,33800,3.180000066757202,0.0
GSUN,2024-04-22 20:00:00-04:00,3.109999895095825,3.3299999237060547,3.0999999046325684,3.2300000190734863,28800,3.2300000190734863,0.0
GSUN,2024-04-23 20:00:00-04:00,3.1700000762939453,3.200000047683716,2.9700000286102295,2.9700000286102295,28900,2.9700000286102295,0.0
GSUN,2024-04-24 20:00:00-04:00,2.9700000286102295,3.049999952316284,2.6600000858306885,2.9000000953674316,22100,2.9000000953674316,0.0
GSUN,2024-04-25 20:00:00-04:00,2.880000114440918,3.0360000133514404,2.859999895095825,2.9100000858306885,9900,2.9100000858306885,0.0
GSUN,2024-04-28 20:00:00-04:00,2.7200000286102295,3.002000093460083,2.609999895095825,2.609999895095825,18900,2.609999895095825,0.0
GSUN,2024-04-29 20:00:00-04:00,2.5399999618530273,2.7799999713897705,2.2100000381469727,2.5199999809265137,48600,2.5199999809265137,0.0
GSUN,2024-04-30 20:00:00-04:00,2.450000047683716,2.565000057220459,2.2799999713897705,2.4200000762939453,37100,2.4200000762939453,0.0
GSUN,2024-05-01 20:00:00-04:00,2.4000000953674316,2.73799991607666,2.3499999046325684,2.5339999198913574,46900,2.5339999198913574,0.0
GSUN,2024-05-02 20:00:00-04:00,2.6500000953674316,3.2799999713897705,2.5290000438690186,2.930000066757202,186400,2.930000066757202,0.0
GSUN,2024-05-05 20:00:00-04:00,2.9000000953674316,3.1059999465942383,2.799999952316284,2.9000000953674316,19400,2.9000000953674316,0.0
GSUN,2024-05-06 20:00:00-04:00,3.119999885559082,7.25,3.0299999713897705,5.019999980926514,44360200,5.019999980926514,0.0
GSUN,2024-05-07 20:00:00-04:00,4.880000114440918,4.940000057220459,4.380000114440918,4.639999866485596,853700,4.639999866485596,0.0
GSUN,2024-05-08 20:00:00-04:00,4.690000057220459,5.480000019073486,4.690000057220459,4.809999942779541,615600,4.809999942779541,0.0
GSUN,2024-05-09 20:00:00-04:00,4.949999809265137,5.050000190734863,4.090000152587891,4.329999923706055,220700,4.329999923706055,0.0
GSUN,2024-05-12 20:00:00-04:00,4.150000095367432,4.5,3.859999895095825,4.139999866485596,135000,4.139999866485596,0.0
GSUN,2024-05-13 20:00:00-04:00,3.7300000190734863,4.460999965667725,3.7300000190734863,4.25,52900,4.25,0.0
GSUN,2024-05-14 20:00:00-04:00,4.110000133514404,4.619999885559082,4.110000133514404,4.510000228881836,74900,4.510000228881836,0.0
GSUN,2024-05-15 20:00:00-04:00,4.460000038146973,4.699999809265137,4.163000106811523,4.579999923706055,40800,4.579999923706055,0.0
GSUN,2024-05-16 20:00:00-04:00,4.800000190734863,5.169000148773193,4.61899995803833,5.03000020980835,44700,5.03000020980835,0.0
GSUN,2024-05-19 20:00:00-04:00,4.869999885559082,6.139999866485596,4.84499979019165,5.585000038146973,120300,5.585000038146973,0.0
GSUN,2024-05-20 20:00:00-04:00,5.5,6.079999923706055,5.5,5.889999866485596,56700,5.889999866485596,0.0
GSUN,2024-05-21 20:00:00-04:00,6.010000228881836,6.519999980926514,5.78000020980835,6.409999847412109,149900,6.409999847412109,0.0
GSUN,2024-05-22 20:00:00-04:00,6.190000057220459,6.409999847412109,5.789999961853027,5.789999961853027,43500,5.789999961853027,0.0
GSUN,2024-05-23 20:00:00-04:00,5.739999771118164,6.300000190734863,5.739999771118164,6.010000228881836,38100,6.010000228881836,0.0
GSUN,2024-05-27 20:00:00-04:00,6.289999961853027,6.289999961853027,5.440000057220459,5.71999979019165,35600,5.71999979019165,0.0
GSUN,2024-05-28 20:00:00-04:00,5.559999942779541,6.139999866485596,5.440000057220459,5.980000019073486,40600,5.980000019073486,0.0
GSUN,2024-05-29 20:00:00-04:00,5.675000190734863,5.860000133514404,5.550000190734863,5.769999980926514,3300,5.769999980926514,0.0
GSUN,2024-05-30 20:00:00-04:00,5.940000057220459,7.130000114440918,5.613999843597412,6.820000171661377,65100,6.820000171661377,0.0
GSUN,2024-06-02 20:00:00-04:00,6.71999979019165,7.353000164031982,6.599999904632568,7.110000133514404,57700,7.110000133514404,0.0
GSUN,2024-06-03 20:00:00-04:00,7.050000190734863,8.5,7.019999980926514,8.109999656677246,111100,8.109999656677246,0.0
GSUN,2024-06-04 20:00:00-04:00,8.029999732971191,8.5,7.760000228881836,8.489999771118164,51800,8.489999771118164,0.0
GSUN,2024-06-05 20:00:00-04:00,8.489999771118164,9.699999809265137,8.28499984741211,9.699999809265137,104600,9.699999809265137,0.0
GSUN,2024-06-06 20:00:00-04:00,9.890000343322754,9.930000305175781,7.849999904632568,8.041000366210938,67800,8.041000366210938,0.0
GSUN,2024-06-09 20:00:00-04:00,7.789999961853027,8.350000381469727,7.789999961853027,7.800000190734863,22500,7.800000190734863,0.0
GSUN,2024-06-10 20:00:00-04:00,7.699999809265137,7.800000190734863,6.679999828338623,6.699999809265137,89500,6.699999809265137,0.0
GSUN,2024-06-11 20:00:00-04:00,6.739999771118164,7.567999839782715,6.739999771118164,7.130000114440918,22400,7.130000114440918,0.0
GSUN,2024-06-12 20:00:00-04:00,7.070000171661377,7.579999923706055,7.070000171661377,7.489999771118164,6200,7.489999771118164,0.0
GSUN,2024-06-13 20:00:00-04:00,7.309999942779541,7.440000057220459,6.329999923706055,6.400000095367432,53200,6.400000095367432,0.0
GSUN,2024-06-16 20:00:00-04:00,6.329999923706055,6.585999965667725,6.329999923706055,6.369999885559082,4200,6.369999885559082,0.0
GSUN,2024-06-17 20:00:00-04:00,6.199999809265137,6.510000228881836,6.019999980926514,6.045000076293945,45400,6.045000076293945,0.0
GSUN,2024-06-19 20:00:00-04:00,5.869999885559082,6.619999885559082,5.869999885559082,6.059999942779541,37500,6.059999942779541,0.0
GSUN,2024-06-20 20:00:00-04:00,6.050000190734863,6.679999828338623,6.050000190734863,6.679999828338623,14300,6.679999828338623,0.0
GSUN,2024-06-23 20:00:00-04:00,6.480000019073486,6.480000019073486,6.010000228881836,6.099999904632568,21400,6.099999904632568,0.0
GSUN,2024-06-24 20:00:00-04:00,5.96999979019165,6.25,5.96999979019165,6.156000137329102,9500,6.156000137329102,0.0
GSUN,2024-06-25 20:00:00-04:00,6.159999847412109,6.599999904632568,5.889999866485596,6.494999885559082,3800,6.494999885559082,0.0
GSUN,2024-06-26 20:00:00-04:00,6.619999885559082,6.690000057220459,6.234000205993652,6.460000038146973,10200,6.460000038146973,0.0
GSUN,2024-06-27 20:00:00-04:00,6.579999923706055,6.670000076293945,6.21999979019165,6.21999979019165,7100,6.21999979019165,0.0
GSUN,2024-06-30 20:00:00-04:00,6.210000038146973,6.300000190734863,6.150000095367432,6.150000095367432,4300,6.150000095367432,0.0
GSUN,2024-07-01 20:00:00-04:00,6.317999839782715,7.239999771118164,6.163000106811523,7.159999847412109,14300,7.159999847412109,0.0
GSUN,2024-07-02 20:00:00-04:00,7.289999961853027,7.289999961853027,6.900000095367432,6.900000095367432,6600,6.900000095367432,0.0
GSUN,2024-07-04 20:00:00-04:00,6.945000171661377,7.144999980926514,6.889999866485596,7.139999866485596,7500,7.139999866485596,0.0
GSUN,2024-07-07 20:00:00-04:00,6.5,7.599999904632568,6.5,7.590000152587891,34700,7.590000152587891,0.0
GSUN,2024-07-08 20:00:00-04:00,7.570000171661377,7.980000019073486,7.099999904632568,7.504000186920166,27600,7.504000186920166,0.0
GSUN,2024-07-09 20:00:00-04:00,7.099999904632568,7.385000228881836,7.099999904632568,7.349999904632568,6700,7.349999904632568,0.0
GSUN,2024-07-10 20:00:00-04:00,7.5,7.559999942779541,7.28000020980835,7.340000152587891,12900,7.340000152587891,0.0
GSUN,2024-07-11 20:00:00-04:00,7.25,7.449999809265137,7.070000171661377,7.260000228881836,8300,7.260000228881836,0.0
GSUN,2024-07-14 20:00:00-04:00,7.179999828338623,7.590000152587891,7.179999828338623,7.429999828338623,7400,7.429999828338623,0.0
GSUN,2024-07-15 20:00:00-04:00,7.420000076293945,7.949999809265137,6.46999979019165,6.739999771118164,61700,6.739999771118164,0.0
GSUN,2024-07-16 20:00:00-04:00,7.019999980926514,7.797999858856201,6.400000095367432,6.849999904632568,14800,6.849999904632568,0.0
GSUN,2024-07-17 20:00:00-04:00,6.625,6.889999866485596,6.559999942779541,6.826000213623047,10600,6.826000213623047,0.0
GSUN,2024-07-18 20:00:00-04:00,6.820000171661377,7.800000190734863,6.610000133514404,6.71999979019165,27500,6.71999979019165,0.0
GSUN,2024-07-21 20:00:00-04:00,6.675000190734863,7.699999809265137,4.760000228881836,5.130000114440918,158300,5.130000114440918,0.0
GSUN,2024-07-23 11:21:44-04:00,4.75,5.199999809265137,4.75,5.199999809265137,8165,5.199999809265137,0.0
