symbol,date,open,high,low,close,volume,adjclose
LION,2022-02-28 19:00:00-05:00,9.699999809265137,9.699999809265137,9.699999809265137,9.699999809265137,2100,9.699999809265137
LION,2022-03-01 19:00:00-05:00,9.699999809265137,9.699999809265137,9.449999809265137,9.640000343322754,1094000,9.640000343322754
LION,2022-03-02 19:00:00-05:00,9.630000114440918,9.670000076293945,9.630000114440918,9.670000076293945,14800,9.670000076293945
LION,2022-03-03 19:00:00-05:00,9.670000076293945,9.670000076293945,9.670000076293945,9.670000076293945,0,9.670000076293945
LION,2022-03-06 19:00:00-05:00,9.619999885559082,9.640000343322754,9.5600004196167,9.619999885559082,627800,9.619999885559082
LION,2022-03-07 19:00:00-05:00,9.619999885559082,9.630000114440918,9.600000381469727,9.630000114440918,6500,9.630000114440918
LION,2022-03-08 19:00:00-05:00,9.609999656677246,9.630000114440918,9.59000015258789,9.630000114440918,617800,9.630000114440918
LION,2022-03-09 19:00:00-05:00,9.59000015258789,9.630000114440918,9.59000015258789,9.619999885559082,3000,9.619999885559082
LION,2022-03-10 19:00:00-05:00,9.609999656677246,9.65999984741211,9.609999656677246,9.649999618530273,84000,9.649999618530273
LION,2022-03-13 20:00:00-04:00,9.649999618530273,9.649999618530273,9.609999656677246,9.609999656677246,36100,9.609999656677246
LION,2022-03-14 20:00:00-04:00,9.609999656677246,9.630000114440918,9.609999656677246,9.630000114440918,48900,9.630000114440918
LION,2022-03-15 20:00:00-04:00,9.649999618530273,9.649999618530273,9.649999618530273,9.649999618530273,3300,9.649999618530273
LION,2022-03-16 20:00:00-04:00,9.649999618530273,9.649999618530273,9.649999618530273,9.649999618530273,0,9.649999618530273
LION,2022-03-17 20:00:00-04:00,9.649999618530273,9.880000114440918,9.609999656677246,9.850000381469727,53900,9.850000381469727
LION,2022-03-20 20:00:00-04:00,9.850000381469727,9.850000381469727,9.850000381469727,9.850000381469727,0,9.850000381469727
LION,2022-03-21 20:00:00-04:00,9.8100004196167,9.8100004196167,9.8100004196167,9.8100004196167,100,9.8100004196167
LION,2022-03-22 20:00:00-04:00,9.710000038146973,9.710000038146973,9.710000038146973,9.710000038146973,5100,9.710000038146973
LION,2022-03-23 20:00:00-04:00,9.739999771118164,9.760000228881836,9.694999694824219,9.699999809265137,1008600,9.699999809265137
LION,2022-03-24 20:00:00-04:00,9.710000038146973,9.739999771118164,9.699999809265137,9.739999771118164,517200,9.739999771118164
LION,2022-03-27 20:00:00-04:00,9.739999771118164,9.739999771118164,9.739999771118164,9.739999771118164,0,9.739999771118164
LION,2022-03-28 20:00:00-04:00,9.720000267028809,9.739999771118164,9.694999694824219,9.710000038146973,33200,9.710000038146973
LION,2022-03-29 20:00:00-04:00,9.680999755859375,9.708000183105469,9.65999984741211,9.65999984741211,2600,9.65999984741211
LION,2022-03-30 20:00:00-04:00,9.729999542236328,9.8100004196167,9.696999549865723,9.729999542236328,18900,9.729999542236328
LION,2022-03-31 20:00:00-04:00,9.729999542236328,9.770000457763672,9.680000305175781,9.770000457763672,12200,9.770000457763672
LION,2022-04-03 20:00:00-04:00,9.734999656677246,9.75,9.6899995803833,9.75,163400,9.75
LION,2022-04-04 20:00:00-04:00,9.75,9.75,9.6899995803833,9.75,2400,9.75
LION,2022-04-05 20:00:00-04:00,9.729000091552734,9.75,9.720000267028809,9.75,5500,9.75
LION,2022-04-06 20:00:00-04:00,9.84000015258789,9.84000015258789,9.720000267028809,9.75,4500,9.75
LION,2022-04-07 20:00:00-04:00,9.699999809265137,9.720000267028809,9.699999809265137,9.699999809265137,18700,9.699999809265137
LION,2022-04-10 20:00:00-04:00,9.699999809265137,9.699999809265137,9.699999809265137,9.699999809265137,400,9.699999809265137
LION,2022-04-11 20:00:00-04:00,9.710000038146973,9.75,9.710000038146973,9.739999771118164,335100,9.739999771118164
LION,2022-04-12 20:00:00-04:00,9.699999809265137,9.739999771118164,9.699999809265137,9.739999771118164,200,9.739999771118164
LION,2022-04-13 20:00:00-04:00,9.739999771118164,9.760000228881836,9.739999771118164,9.760000228881836,52500,9.760000228881836
LION,2022-04-17 20:00:00-04:00,9.770000457763672,9.770000457763672,9.710000038146973,9.75,20000,9.75
LION,2022-04-18 20:00:00-04:00,9.729999542236328,9.739999771118164,9.729999542236328,9.729999542236328,10600,9.729999542236328
LION,2022-04-19 20:00:00-04:00,9.725000381469727,9.725000381469727,9.710000038146973,9.710000038146973,1000,9.710000038146973
LION,2022-04-20 20:00:00-04:00,9.729999542236328,9.75,9.711000442504883,9.75,1500,9.75
LION,2022-04-21 20:00:00-04:00,9.75,9.75,9.75,9.75,200,9.75
LION,2022-04-24 20:00:00-04:00,9.75,9.75,9.75,9.75,0,9.75
LION,2022-04-25 20:00:00-04:00,9.75,9.75,9.75,9.75,0,9.75
LION,2022-04-26 20:00:00-04:00,9.75,9.75,9.739999771118164,9.739999771118164,800,9.739999771118164
LION,2022-04-27 20:00:00-04:00,9.75,9.760000228881836,9.75,9.75,1200,9.75
LION,2022-04-28 20:00:00-04:00,9.75,9.8100004196167,9.75,9.8100004196167,6800,9.8100004196167
LION,2022-05-01 20:00:00-04:00,9.760000228881836,9.779999732971191,9.75,9.75,63500,9.75
LION,2022-05-02 20:00:00-04:00,9.789999961853027,9.789999961853027,9.710000038146973,9.720000267028809,148900,9.720000267028809
LION,2022-05-03 20:00:00-04:00,9.760000228881836,9.760000228881836,9.760000228881836,9.760000228881836,400,9.760000228881836
LION,2022-05-04 20:00:00-04:00,9.710000038146973,9.729999542236328,9.710000038146973,9.729999542236328,1100,9.729999542236328
LION,2022-05-05 20:00:00-04:00,9.729000091552734,9.729000091552734,9.720000267028809,9.720000267028809,53400,9.720000267028809
LION,2022-05-08 20:00:00-04:00,9.720000267028809,9.720000267028809,9.680000305175781,9.680000305175781,25900,9.680000305175781
LION,2022-05-09 20:00:00-04:00,9.65999984741211,9.699999809265137,9.649999618530273,9.670000076293945,675100,9.670000076293945
LION,2022-05-10 20:00:00-04:00,9.670000076293945,9.6850004196167,9.65999984741211,9.65999984741211,9900,9.65999984741211
LION,2022-05-11 20:00:00-04:00,9.65999984741211,9.664999961853027,9.630000114440918,9.630000114440918,266700,9.630000114440918
LION,2022-05-12 20:00:00-04:00,9.640999794006348,9.649999618530273,9.640000343322754,9.640000343322754,3100,9.640000343322754
LION,2022-05-15 20:00:00-04:00,9.65999984741211,9.65999984741211,9.65999984741211,9.65999984741211,200,9.65999984741211
LION,2022-05-16 20:00:00-04:00,9.635000228881836,9.635000228881836,9.635000228881836,9.635000228881836,100,9.635000228881836
LION,2022-05-17 20:00:00-04:00,9.640000343322754,9.640000343322754,9.640000343322754,9.640000343322754,55200,9.640000343322754
LION,2022-05-18 20:00:00-04:00,9.631999969482422,9.631999969482422,9.631999969482422,9.631999969482422,100,9.631999969482422
LION,2022-05-19 20:00:00-04:00,9.631999969482422,9.631999969482422,9.631999969482422,9.631999969482422,0,9.631999969482422
LION,2022-05-22 20:00:00-04:00,9.649999618530273,9.649999618530273,9.640000343322754,9.640000343322754,3800,9.640000343322754
LION,2022-05-23 20:00:00-04:00,9.640000343322754,9.640000343322754,9.640000343322754,9.640000343322754,0,9.640000343322754
LION,2022-05-24 20:00:00-04:00,9.640000343322754,9.649999618530273,9.640000343322754,9.649999618530273,3000,9.649999618530273
LION,2022-05-25 20:00:00-04:00,9.630000114440918,9.649999618530273,9.630000114440918,9.649999618530273,4800,9.649999618530273
LION,2022-05-26 20:00:00-04:00,9.649999618530273,9.649999618530273,9.649999618530273,9.649999618530273,0,9.649999618530273
LION,2022-05-30 20:00:00-04:00,9.649999618530273,9.649999618530273,9.600000381469727,9.619999885559082,236600,9.619999885559082
LION,2022-05-31 20:00:00-04:00,9.649999618530273,9.649999618530273,9.609999656677246,9.609999656677246,54600,9.609999656677246
LION,2022-06-01 20:00:00-04:00,9.630000114440918,9.649999618530273,9.630000114440918,9.649999618530273,131100,9.649999618530273
LION,2022-06-02 20:00:00-04:00,9.649999618530273,9.670000076293945,9.619999885559082,9.619999885559082,247900,9.619999885559082
LION,2022-06-05 20:00:00-04:00,9.635000228881836,9.65999984741211,9.635000228881836,9.640000343322754,142900,9.640000343322754
LION,2022-06-06 20:00:00-04:00,9.640000343322754,9.640000343322754,9.640000343322754,9.640000343322754,0,9.640000343322754
LION,2022-06-07 20:00:00-04:00,9.640000343322754,9.65999984741211,9.630000114440918,9.65999984741211,377000,9.65999984741211
LION,2022-06-08 20:00:00-04:00,9.640000343322754,9.640000343322754,9.619999885559082,9.630000114440918,135800,9.630000114440918
LION,2022-06-09 20:00:00-04:00,9.619999885559082,9.640000343322754,9.619999885559082,9.640000343322754,179800,9.640000343322754
LION,2022-06-12 20:00:00-04:00,9.640000343322754,9.640000343322754,9.630000114440918,9.630000114440918,101100,9.630000114440918
LION,2022-06-13 20:00:00-04:00,9.640000343322754,9.640000343322754,9.630000114440918,9.630000114440918,3700,9.630000114440918
LION,2022-06-14 20:00:00-04:00,9.630000114440918,9.635000228881836,9.630000114440918,9.635000228881836,51600,9.635000228881836
LION,2022-06-15 20:00:00-04:00,9.630000114440918,9.630000114440918,9.595000267028809,9.600000381469727,577100,9.600000381469727
LION,2022-06-16 20:00:00-04:00,9.600000381469727,9.619999885559082,9.600000381469727,9.619999885559082,68200,9.619999885559082
LION,2022-06-20 20:00:00-04:00,9.619999885559082,9.619999885559082,9.609999656677246,9.619999885559082,17100,9.619999885559082
LION,2022-06-21 20:00:00-04:00,9.600000381469727,9.604999542236328,9.600000381469727,9.600000381469727,16900,9.600000381469727
LION,2022-06-22 20:00:00-04:00,9.609999656677246,9.612000465393066,9.600000381469727,9.609999656677246,11900,9.609999656677246
LION,2022-06-23 20:00:00-04:00,9.609999656677246,9.619999885559082,9.609999656677246,9.619999885559082,106000,9.619999885559082
LION,2022-06-26 20:00:00-04:00,9.609999656677246,9.619999885559082,9.600000381469727,9.619999885559082,1973000,9.619999885559082
LION,2022-06-27 20:00:00-04:00,9.609999656677246,9.609999656677246,9.604999542236328,9.609999656677246,19000,9.609999656677246
LION,2022-06-28 20:00:00-04:00,9.600000381469727,9.600000381469727,9.600000381469727,9.600000381469727,2200,9.600000381469727
LION,2022-06-29 20:00:00-04:00,9.609999656677246,9.609999656677246,9.59000015258789,9.59000015258789,36300,9.59000015258789
LION,2022-06-30 20:00:00-04:00,9.609999656677246,9.609999656677246,9.600000381469727,9.600000381469727,23300,9.600000381469727
LION,2022-07-04 20:00:00-04:00,9.600000381469727,9.609999656677246,9.600000381469727,9.609999656677246,591300,9.609999656677246
LION,2022-07-05 20:00:00-04:00,9.619999885559082,9.619999885559082,9.600000381469727,9.609999656677246,10100,9.609999656677246
LION,2022-07-06 20:00:00-04:00,9.600000381469727,9.630000114440918,9.579999923706055,9.600000381469727,2334100,9.600000381469727
LION,2022-07-07 20:00:00-04:00,9.600000381469727,9.609999656677246,9.595000267028809,9.609999656677246,686700,9.609999656677246
LION,2022-07-10 20:00:00-04:00,9.609999656677246,9.609999656677246,9.609999656677246,9.609999656677246,100,9.609999656677246
LION,2022-07-11 20:00:00-04:00,9.619999885559082,9.619999885559082,9.600000381469727,9.609999656677246,135000,9.609999656677246
LION,2022-07-12 20:00:00-04:00,9.609999656677246,9.609999656677246,9.609999656677246,9.609999656677246,0,9.609999656677246
LION,2022-07-13 20:00:00-04:00,9.630000114440918,9.630000114440918,9.609999656677246,9.619999885559082,206500,9.619999885559082
LION,2022-07-14 20:00:00-04:00,9.600000381469727,9.609999656677246,9.600000381469727,9.609999656677246,6700,9.609999656677246
LION,2022-07-17 20:00:00-04:00,9.614999771118164,9.614999771118164,9.609999656677246,9.609999656677246,2700,9.609999656677246
LION,2022-07-18 20:00:00-04:00,9.61400032043457,9.61400032043457,9.600000381469727,9.609999656677246,11600,9.609999656677246
LION,2022-07-19 20:00:00-04:00,9.628000259399414,9.628000259399414,9.628000259399414,9.628000259399414,300,9.628000259399414
LION,2022-07-20 20:00:00-04:00,9.619999885559082,9.640000343322754,9.619999885559082,9.630000114440918,113800,9.630000114440918
LION,2022-07-21 20:00:00-04:00,9.630000114440918,9.630000114440918,9.630000114440918,9.630000114440918,10000,9.630000114440918
LION,2022-07-24 20:00:00-04:00,9.600000381469727,9.640000343322754,9.600000381469727,9.619999885559082,1160100,9.619999885559082
LION,2022-07-25 20:00:00-04:00,9.630000114440918,9.630000114440918,9.630000114440918,9.630000114440918,401000,9.630000114440918
LION,2022-07-26 20:00:00-04:00,9.640000343322754,9.640000343322754,9.619999885559082,9.630000114440918,262600,9.630000114440918
LION,2022-07-27 20:00:00-04:00,9.630000114440918,9.640000343322754,9.609999656677246,9.609999656677246,259300,9.609999656677246
LION,2022-07-28 20:00:00-04:00,9.609999656677246,9.609999656677246,9.609999656677246,9.609999656677246,9100,9.609999656677246
LION,2022-07-31 20:00:00-04:00,9.619999885559082,9.619999885559082,9.609999656677246,9.609999656677246,5300,9.609999656677246
LION,2022-08-01 20:00:00-04:00,9.609999656677246,9.609999656677246,9.609999656677246,9.609999656677246,0,9.609999656677246
LION,2022-08-02 20:00:00-04:00,9.621999740600586,9.640000343322754,9.619999885559082,9.640000343322754,46100,9.640000343322754
LION,2022-08-03 20:00:00-04:00,9.640000343322754,9.664999961853027,9.638999938964844,9.65999984741211,44600,9.65999984741211
LION,2022-08-04 20:00:00-04:00,9.649999618530273,9.670000076293945,9.649999618530273,9.670000076293945,6000,9.670000076293945
LION,2022-08-07 20:00:00-04:00,9.65999984741211,9.670000076293945,9.65999984741211,9.664999961853027,5000,9.664999961853027
LION,2022-08-08 20:00:00-04:00,9.65999984741211,9.65999984741211,9.640000343322754,9.640000343322754,515700,9.640000343322754
LION,2022-08-09 20:00:00-04:00,9.640000343322754,9.65999984741211,9.640000343322754,9.65999984741211,500,9.65999984741211
LION,2022-08-10 20:00:00-04:00,9.65999984741211,9.65999984741211,9.65999984741211,9.65999984741211,5000,9.65999984741211
LION,2022-08-11 20:00:00-04:00,9.670000076293945,9.670000076293945,9.649999618530273,9.649999618530273,5500,9.649999618530273
LION,2022-08-14 20:00:00-04:00,9.640000343322754,9.654999732971191,9.640000343322754,9.649999618530273,128500,9.649999618530273
LION,2022-08-15 20:00:00-04:00,9.640000343322754,9.649999618530273,9.640000343322754,9.645000457763672,15100,9.645000457763672
LION,2022-08-16 20:00:00-04:00,9.65999984741211,9.670000076293945,9.640000343322754,9.640000343322754,179200,9.640000343322754
LION,2022-08-17 20:00:00-04:00,9.640000343322754,9.640000343322754,9.630000114440918,9.635000228881836,103500,9.635000228881836
LION,2022-08-18 20:00:00-04:00,9.649999618530273,9.649999618530273,9.645000457763672,9.649999618530273,813300,9.649999618530273
LION,2022-08-21 20:00:00-04:00,9.649999618530273,9.649999618530273,9.649999618530273,9.649999618530273,0,9.649999618530273
LION,2022-08-22 20:00:00-04:00,9.640000343322754,9.649999618530273,9.640000343322754,9.649999618530273,11500,9.649999618530273
LION,2022-08-23 20:00:00-04:00,9.640000343322754,9.649999618530273,9.630000114440918,9.649999618530273,507100,9.649999618530273
LION,2022-08-24 20:00:00-04:00,9.645000457763672,9.649999618530273,9.640000343322754,9.640000343322754,19300,9.640000343322754
LION,2022-08-25 20:00:00-04:00,9.649999618530273,9.649999618530273,9.640000343322754,9.649999618530273,701300,9.649999618530273
LION,2022-08-28 20:00:00-04:00,9.649999618530273,9.65999984741211,9.649999618530273,9.65999984741211,48100,9.65999984741211
LION,2022-08-29 20:00:00-04:00,9.65999984741211,9.670000076293945,9.654999732971191,9.670000076293945,91400,9.670000076293945
LION,2022-08-30 20:00:00-04:00,9.65999984741211,9.684000015258789,9.65999984741211,9.684000015258789,14800,9.684000015258789
LION,2022-08-31 20:00:00-04:00,9.680000305175781,9.6850004196167,9.670000076293945,9.680000305175781,21400,9.680000305175781
LION,2022-09-01 20:00:00-04:00,9.680000305175781,9.699999809265137,9.680000305175781,9.680000305175781,15700,9.680000305175781
LION,2022-09-05 20:00:00-04:00,9.680000305175781,9.699999809265137,9.680000305175781,9.699999809265137,82200,9.699999809265137
LION,2022-09-06 20:00:00-04:00,9.680000305175781,9.699999809265137,9.65999984741211,9.6899995803833,45800,9.6899995803833
LION,2022-09-07 20:00:00-04:00,9.675000190734863,9.699999809265137,9.670000076293945,9.6899995803833,18700,9.6899995803833
LION,2022-09-08 20:00:00-04:00,9.6899995803833,9.699999809265137,9.680000305175781,9.699999809265137,6100,9.699999809265137
LION,2022-09-11 20:00:00-04:00,9.694999694824219,9.694999694824219,9.670000076293945,9.6899995803833,34800,9.6899995803833
LION,2022-09-12 20:00:00-04:00,9.6899995803833,9.694999694824219,9.680000305175781,9.6899995803833,15900,9.6899995803833
LION,2022-09-13 20:00:00-04:00,9.6899995803833,9.699999809265137,9.670000076293945,9.699999809265137,163300,9.699999809265137
LION,2022-09-14 20:00:00-04:00,9.6899995803833,9.6899995803833,9.680000305175781,9.6850004196167,12800,9.6850004196167
LION,2022-09-15 20:00:00-04:00,9.680000305175781,9.6899995803833,9.680000305175781,9.680000305175781,2000,9.680000305175781
LION,2022-09-18 20:00:00-04:00,9.680000305175781,9.699999809265137,9.670000076293945,9.6899995803833,833400,9.6899995803833
LION,2022-09-19 20:00:00-04:00,9.680000305175781,9.729999542236328,9.680000305175781,9.720000267028809,1482900,9.720000267028809
LION,2022-09-20 20:00:00-04:00,9.729999542236328,9.729999542236328,9.710000038146973,9.710000038146973,257100,9.710000038146973
LION,2022-09-21 20:00:00-04:00,9.710000038146973,9.71500015258789,9.699999809265137,9.699999809265137,81900,9.699999809265137
LION,2022-09-22 20:00:00-04:00,9.710000038146973,9.713000297546387,9.699999809265137,9.710000038146973,40100,9.710000038146973
LION,2022-09-25 20:00:00-04:00,9.699999809265137,9.699999809265137,9.680000305175781,9.699999809265137,126800,9.699999809265137
LION,2022-09-26 20:00:00-04:00,9.6899995803833,9.699999809265137,9.6899995803833,9.699999809265137,18700,9.699999809265137
LION,2022-09-27 20:00:00-04:00,9.6899995803833,9.710000038146973,9.6899995803833,9.710000038146973,100600,9.710000038146973
LION,2022-09-28 20:00:00-04:00,9.680999755859375,9.710000038146973,9.680999755859375,9.699999809265137,6500,9.699999809265137
LION,2022-09-29 20:00:00-04:00,9.6899995803833,9.696000099182129,9.65999984741211,9.670000076293945,236800,9.670000076293945
LION,2022-10-02 20:00:00-04:00,9.670000076293945,9.680000305175781,9.65999984741211,9.670000076293945,60700,9.670000076293945
LION,2022-10-03 20:00:00-04:00,9.680000305175781,9.694999694824219,9.680000305175781,9.6899995803833,27000,9.6899995803833
LION,2022-10-04 20:00:00-04:00,9.6899995803833,9.729999542236328,9.6899995803833,9.729999542236328,706400,9.729999542236328
LION,2022-10-05 20:00:00-04:00,9.729999542236328,9.739999771118164,9.694999694824219,9.729999542236328,1590900,9.729999542236328
LION,2022-10-06 20:00:00-04:00,9.729999542236328,9.75,9.729999542236328,9.729999542236328,335700,9.729999542236328
LION,2022-10-09 20:00:00-04:00,10.199999809265137,10.199999809265137,9.699999809265137,9.739999771118164,86500,9.739999771118164
LION,2022-10-10 20:00:00-04:00,9.739999771118164,9.739999771118164,9.739999771118164,9.739999771118164,0,9.739999771118164
LION,2022-10-11 20:00:00-04:00,9.729999542236328,9.75,9.729999542236328,9.739999771118164,1047700,9.739999771118164
LION,2022-10-12 20:00:00-04:00,9.729999542236328,9.739999771118164,9.729999542236328,9.730999946594238,31000,9.730999946594238
LION,2022-10-13 20:00:00-04:00,9.729999542236328,9.729999542236328,9.729999542236328,9.729999542236328,500,9.729999542236328
LION,2022-10-16 20:00:00-04:00,9.75,9.75,9.729999542236328,9.734999656677246,140600,9.734999656677246
LION,2022-10-17 20:00:00-04:00,9.734999656677246,9.734999656677246,9.699999809265137,9.710000038146973,78000,9.710000038146973
LION,2022-10-18 20:00:00-04:00,9.720000267028809,9.744999885559082,9.710000038146973,9.720000267028809,125300,9.720000267028809
LION,2022-10-19 20:00:00-04:00,9.720000267028809,9.75,9.710000038146973,9.720000267028809,94800,9.720000267028809
LION,2022-10-20 20:00:00-04:00,9.710000038146973,9.760000228881836,9.710000038146973,9.725000381469727,903200,9.725000381469727
LION,2022-10-23 20:00:00-04:00,9.8100004196167,9.8100004196167,9.710000038146973,9.75,101500,9.75
LION,2022-10-24 20:00:00-04:00,9.729999542236328,9.767000198364258,9.729999542236328,9.746000289916992,47600,9.746000289916992
LION,2022-10-25 20:00:00-04:00,9.760000228881836,9.779999732971191,9.755000114440918,9.770000457763672,50900,9.770000457763672
LION,2022-10-26 20:00:00-04:00,9.739999771118164,9.8100004196167,9.739999771118164,9.789999961853027,80800,9.789999961853027
LION,2022-10-27 20:00:00-04:00,9.824999809265137,9.824999809265137,9.789999961853027,9.8100004196167,38400,9.8100004196167
LION,2022-10-30 20:00:00-04:00,9.8100004196167,9.829999923706055,9.800000190734863,9.8100004196167,366800,9.8100004196167
LION,2022-10-31 20:00:00-04:00,9.8100004196167,9.845000267028809,9.734999656677246,9.829999923706055,192900,9.829999923706055
LION,2022-11-01 20:00:00-04:00,9.880000114440918,9.880000114440918,9.84000015258789,9.850000381469727,2000,9.850000381469727
LION,2022-11-02 20:00:00-04:00,9.835000038146973,9.835000038146973,9.779999732971191,9.779999732971191,291800,9.779999732971191
LION,2022-11-03 20:00:00-04:00,9.779999732971191,9.800000190734863,9.770000457763672,9.800000190734863,943600,9.800000190734863
LION,2022-11-06 19:00:00-05:00,9.800000190734863,9.8100004196167,9.789999961853027,9.8100004196167,16300,9.8100004196167
LION,2022-11-07 19:00:00-05:00,10.300000190734863,10.300000190734863,9.800000190734863,9.829999923706055,834600,9.829999923706055
LION,2022-11-08 19:00:00-05:00,9.829999923706055,9.859999656677246,9.739999771118164,9.800000190734863,462500,9.800000190734863
LION,2022-11-09 19:00:00-05:00,9.800000190734863,9.819999694824219,9.789999961853027,9.800000190734863,3288200,9.800000190734863
LION,2022-11-10 19:00:00-05:00,9.8100004196167,9.8100004196167,9.789999961853027,9.805000305175781,17100,9.805000305175781
LION,2022-11-13 19:00:00-05:00,9.800000190734863,9.8149995803833,9.800000190734863,9.8149995803833,243100,9.8149995803833
LION,2022-11-14 19:00:00-05:00,9.8100004196167,9.854999542236328,9.8100004196167,9.845000267028809,57500,9.845000267028809
LION,2022-11-15 19:00:00-05:00,9.845000267028809,9.845000267028809,9.845000267028809,9.845000267028809,0,9.845000267028809
LION,2022-11-16 19:00:00-05:00,10.300000190734863,10.300000190734863,9.84000015258789,9.850000381469727,2200,9.850000381469727
LION,2022-11-17 19:00:00-05:00,9.869999885559082,9.899999618530273,9.869999885559082,9.880000114440918,110400,9.880000114440918
LION,2022-11-20 19:00:00-05:00,10.350000381469727,10.350000381469727,9.835000038146973,9.850000381469727,70900,9.850000381469727
LION,2022-11-21 19:00:00-05:00,9.850000381469727,9.890000343322754,9.84000015258789,9.890000343322754,12200,9.890000343322754
LION,2022-11-22 19:00:00-05:00,9.869999885559082,9.899999618530273,9.869999885559082,9.869999885559082,900,9.869999885559082
LION,2022-11-24 19:00:00-05:00,9.859999656677246,9.869999885559082,9.859999656677246,9.869999885559082,4800,9.869999885559082
LION,2022-11-27 19:00:00-05:00,9.850000381469727,9.880000114440918,9.829999923706055,9.880000114440918,5800,9.880000114440918
LION,2022-11-28 19:00:00-05:00,9.890000343322754,9.890000343322754,9.890000343322754,9.890000343322754,200,9.890000343322754
LION,2022-11-29 19:00:00-05:00,9.890000343322754,9.890000343322754,9.890000343322754,9.890000343322754,0,9.890000343322754
LION,2022-11-30 19:00:00-05:00,9.850000381469727,9.899999618530273,9.850000381469727,9.869999885559082,35300,9.869999885559082
LION,2022-12-01 19:00:00-05:00,9.869999885559082,9.869999885559082,9.84000015258789,9.869999885559082,725100,9.869999885559082
LION,2022-12-04 19:00:00-05:00,9.859999656677246,9.890000343322754,9.859999656677246,9.880000114440918,237400,9.880000114440918
LION,2022-12-05 19:00:00-05:00,9.875,9.890000343322754,9.869999885559082,9.875,35500,9.875
LION,2022-12-06 19:00:00-05:00,9.890000343322754,9.899999618530273,9.890000343322754,9.899999618530273,3300,9.899999618530273
LION,2022-12-07 19:00:00-05:00,9.880000114440918,9.880000114440918,9.880000114440918,9.880000114440918,300,9.880000114440918
LION,2022-12-08 19:00:00-05:00,9.880000114440918,9.899999618530273,9.880000114440918,9.890000343322754,20000,9.890000343322754
LION,2022-12-11 19:00:00-05:00,9.895000457763672,9.90999984741211,9.890000343322754,9.90999984741211,12100,9.90999984741211
LION,2022-12-12 19:00:00-05:00,9.899999618530273,9.930000305175781,9.899999618530273,9.899999618530273,17600,9.899999618530273
LION,2022-12-13 19:00:00-05:00,9.90999984741211,9.90999984741211,9.890000343322754,9.899999618530273,15700,9.899999618530273
LION,2022-12-14 19:00:00-05:00,9.960000038146973,9.960000038146973,9.899999618530273,9.90999984741211,6600,9.90999984741211
LION,2022-12-15 19:00:00-05:00,9.899999618530273,9.9399995803833,9.890000343322754,9.9399995803833,533800,9.9399995803833
LION,2022-12-18 19:00:00-05:00,9.9399995803833,9.9399995803833,9.930000305175781,9.9350004196167,5500,9.9350004196167
LION,2022-12-19 19:00:00-05:00,9.890000343322754,9.9399995803833,9.890000343322754,9.9399995803833,4700,9.9399995803833
LION,2022-12-20 19:00:00-05:00,9.869999885559082,9.899999618530273,9.869999885559082,9.899999618530273,5400,9.899999618530273
LION,2022-12-21 19:00:00-05:00,9.895000457763672,9.90999984741211,9.895000457763672,9.90999984741211,4000,9.90999984741211
LION,2022-12-22 19:00:00-05:00,9.90999984741211,9.9399995803833,9.880000114440918,9.930000305175781,34000,9.930000305175781
LION,2022-12-26 19:00:00-05:00,9.930000305175781,9.930000305175781,9.904999732971191,9.904999732971191,3000,9.904999732971191
LION,2022-12-27 19:00:00-05:00,9.925000190734863,9.930000305175781,9.925000190734863,9.930000305175781,1600,9.930000305175781
LION,2022-12-28 19:00:00-05:00,9.930000305175781,9.949999809265137,9.90999984741211,9.949999809265137,12300,9.949999809265137
LION,2022-12-29 19:00:00-05:00,9.9399995803833,9.960000038146973,9.9399995803833,9.9399995803833,15900,9.9399995803833
LION,2023-01-02 19:00:00-05:00,9.961000442504883,10.0,9.90999984741211,9.930000305175781,5500,9.930000305175781
LION,2023-01-03 19:00:00-05:00,9.930000305175781,9.949999809265137,9.920000076293945,9.930000305175781,21400,9.930000305175781
LION,2023-01-04 19:00:00-05:00,9.880000114440918,9.949999809265137,9.880000114440918,9.9399995803833,1929700,9.9399995803833
LION,2023-01-05 19:00:00-05:00,9.949999809265137,9.954999923706055,9.9399995803833,9.954999923706055,136200,9.954999923706055
LION,2023-01-08 19:00:00-05:00,9.979999542236328,9.989999771118164,9.970000267028809,9.970000267028809,1500,9.970000267028809
LION,2023-01-09 19:00:00-05:00,9.979999542236328,9.989999771118164,9.949999809265137,9.970000267028809,158000,9.970000267028809
LION,2023-01-10 19:00:00-05:00,9.979999542236328,9.989999771118164,9.979999542236328,9.979999542236328,700,9.979999542236328
LION,2023-01-11 19:00:00-05:00,9.972000122070312,9.979999542236328,9.970000267028809,9.979999542236328,1300,9.979999542236328
LION,2023-01-12 19:00:00-05:00,9.96500015258789,9.970000267028809,9.960000038146973,9.960000038146973,11200,9.960000038146973
LION,2023-01-16 19:00:00-05:00,9.970000267028809,9.975000381469727,9.960000038146973,9.975000381469727,69000,9.975000381469727
LION,2023-01-17 19:00:00-05:00,9.970000267028809,9.984999656677246,9.970000267028809,9.979999542236328,284500,9.979999542236328
LION,2023-01-18 19:00:00-05:00,9.989999771118164,10.0,9.979999542236328,9.994999885559082,210600,9.994999885559082
LION,2023-01-19 19:00:00-05:00,9.994999885559082,10.005000114440918,9.989999771118164,10.0,510100,10.0
LION,2023-01-22 19:00:00-05:00,10.010000228881836,10.010000228881836,9.979999542236328,9.989999771118164,231100,9.989999771118164
LION,2023-01-23 19:00:00-05:00,10.0,10.015000343322754,9.994999885559082,10.0,434500,10.0
LION,2023-01-24 19:00:00-05:00,10.010000228881836,10.045000076293945,10.005000114440918,10.010000228881836,157500,10.010000228881836
LION,2023-01-25 19:00:00-05:00,10.020000457763672,10.03499984741211,10.0,10.010000228881836,969300,10.010000228881836
LION,2023-01-26 19:00:00-05:00,10.015000343322754,10.029999732971191,10.010000228881836,10.024999618530273,1128200,10.024999618530273
LION,2023-01-29 19:00:00-05:00,10.020000457763672,10.039999961853027,10.020000457763672,10.020000457763672,339000,10.020000457763672
LION,2023-01-30 19:00:00-05:00,11.494999885559082,11.494999885559082,10.020000457763672,10.03499984741211,1274000,10.03499984741211
LION,2023-01-31 19:00:00-05:00,10.029999732971191,10.050000190734863,10.029999732971191,10.039999961853027,38700,10.039999961853027
LION,2023-02-01 19:00:00-05:00,10.039999961853027,10.050000190734863,10.029999732971191,10.050000190734863,19900,10.050000190734863
LION,2023-02-02 19:00:00-05:00,10.430000305175781,10.430000305175781,10.039999961853027,10.050000190734863,10500,10.050000190734863
LION,2023-02-05 19:00:00-05:00,10.050000190734863,10.515000343322754,10.050000190734863,10.050000190734863,2400,10.050000190734863
LION,2023-02-06 19:00:00-05:00,10.09000015258789,10.140000343322754,10.039999961853027,10.039999961853027,305000,10.039999961853027
LION,2023-02-07 19:00:00-05:00,10.039999961853027,10.135000228881836,10.039999961853027,10.050000190734863,56600,10.050000190734863
LION,2023-02-08 19:00:00-05:00,10.050000190734863,10.0600004196167,10.039999961853027,10.039999961853027,169600,10.039999961853027
LION,2023-02-09 19:00:00-05:00,10.0600004196167,10.069999694824219,10.050000190734863,10.069000244140625,11300,10.069000244140625
LION,2023-02-12 19:00:00-05:00,10.069999694824219,10.069999694824219,10.0600004196167,10.0649995803833,307000,10.0649995803833
LION,2023-02-13 19:00:00-05:00,10.03499984741211,10.069999694824219,10.03499984741211,10.0600004196167,1900,10.0600004196167
LION,2023-02-14 19:00:00-05:00,10.069999694824219,10.074999809265137,10.055000305175781,10.069999694824219,65700,10.069999694824219
LION,2023-02-15 19:00:00-05:00,10.055000305175781,10.079999923706055,10.055000305175781,10.074999809265137,482500,10.074999809265137
LION,2023-02-16 19:00:00-05:00,10.069999694824219,10.079999923706055,10.069999694824219,10.074999809265137,3600,10.074999809265137
LION,2023-02-20 19:00:00-05:00,10.074999809265137,10.079999923706055,10.069999694824219,10.079999923706055,1900,10.079999923706055
LION,2023-02-21 19:00:00-05:00,10.09000015258789,10.09000015258789,10.069999694824219,10.069999694824219,4400,10.069999694824219
LION,2023-02-22 19:00:00-05:00,10.079999923706055,10.085000038146973,10.069999694824219,10.079999923706055,564400,10.079999923706055
LION,2023-02-23 19:00:00-05:00,10.09000015258789,10.09000015258789,10.069999694824219,10.085000038146973,25300,10.085000038146973
LION,2023-02-26 19:00:00-05:00,10.079999923706055,10.085000038146973,10.079999923706055,10.079999923706055,3300,10.079999923706055
LION,2023-02-27 19:00:00-05:00,10.079999923706055,10.09000015258789,10.079999923706055,10.085000038146973,6700,10.085000038146973
LION,2023-02-28 19:00:00-05:00,10.09000015258789,10.149999618530273,10.079999923706055,10.079999923706055,88400,10.079999923706055
LION,2023-03-01 19:00:00-05:00,10.10200023651123,10.140000343322754,10.100000381469727,10.125,11800,10.125
LION,2023-03-02 19:00:00-05:00,10.100000381469727,10.114999771118164,10.100000381469727,10.114999771118164,500,10.114999771118164
LION,2023-03-05 19:00:00-05:00,10.114999771118164,10.114999771118164,10.114999771118164,10.114999771118164,0,10.114999771118164
LION,2023-03-06 19:00:00-05:00,10.119999885559082,10.130000114440918,10.119999885559082,10.119999885559082,12400,10.119999885559082
LION,2023-03-07 19:00:00-05:00,10.135000228881836,10.149999618530273,10.119999885559082,10.145000457763672,19200,10.145000457763672
LION,2023-03-08 19:00:00-05:00,10.130000114440918,10.140000343322754,10.130000114440918,10.140000343322754,500,10.140000343322754
LION,2023-03-09 19:00:00-05:00,10.130000114440918,10.130000114440918,10.130000114440918,10.130000114440918,1200,10.130000114440918
LION,2023-03-12 20:00:00-04:00,10.130000114440918,10.140000343322754,10.130000114440918,10.140000343322754,32300,10.140000343322754
LION,2023-03-13 20:00:00-04:00,10.130000114440918,10.140000343322754,10.119999885559082,10.130000114440918,5502600,10.130000114440918
LION,2023-03-14 20:00:00-04:00,10.137999534606934,10.140000343322754,10.109999656677246,10.119999885559082,2156000,10.119999885559082
LION,2023-03-15 20:00:00-04:00,10.119999885559082,10.130000114440918,10.114999771118164,10.125,98000,10.125
LION,2023-03-16 20:00:00-04:00,10.119999885559082,10.130000114440918,10.119999885559082,10.119999885559082,39800,10.119999885559082
LION,2023-03-19 20:00:00-04:00,10.119999885559082,10.130000114440918,10.119999885559082,10.130000114440918,8800,10.130000114440918
LION,2023-03-20 20:00:00-04:00,10.130000114440918,10.140000343322754,10.119999885559082,10.135000228881836,2020100,10.135000228881836
LION,2023-03-21 20:00:00-04:00,10.140000343322754,10.15999984741211,10.130000114440918,10.154999732971191,293800,10.154999732971191
LION,2023-03-22 20:00:00-04:00,10.15999984741211,10.15999984741211,10.135000228881836,10.135000228881836,400,10.135000228881836
LION,2023-03-23 20:00:00-04:00,10.119999885559082,10.140000343322754,10.119999885559082,10.135000228881836,14500,10.135000228881836
LION,2023-03-26 20:00:00-04:00,10.140000343322754,10.140999794006348,10.130000114440918,10.140000343322754,957100,10.140000343322754
LION,2023-03-27 20:00:00-04:00,10.140000343322754,10.149999618530273,9.710000038146973,10.145000457763672,845900,10.145000457763672
LION,2023-03-28 20:00:00-04:00,10.149999618530273,10.170000076293945,10.149999618530273,10.15999984741211,4811900,10.15999984741211
LION,2023-03-29 20:00:00-04:00,10.15999984741211,10.15999984741211,10.149999618530273,10.149999618530273,228600,10.149999618530273
LION,2023-03-30 20:00:00-04:00,10.15999984741211,10.15999984741211,10.149999618530273,10.15999984741211,66000,10.15999984741211
LION,2023-04-02 20:00:00-04:00,10.15999984741211,10.170000076293945,10.15999984741211,10.15999984741211,560700,10.15999984741211
LION,2023-04-03 20:00:00-04:00,10.170000076293945,10.1899995803833,10.15999984741211,10.170000076293945,2001300,10.170000076293945
LION,2023-04-04 20:00:00-04:00,10.180000305175781,10.1850004196167,10.170000076293945,10.1850004196167,500,10.1850004196167
LION,2023-04-05 20:00:00-04:00,10.170000076293945,10.1899995803833,10.170000076293945,10.180000305175781,453500,10.180000305175781
LION,2023-04-09 20:00:00-04:00,10.180000305175781,10.180000305175781,10.170000076293945,10.180000305175781,244200,10.180000305175781
LION,2023-04-10 20:00:00-04:00,10.170000076293945,10.1899995803833,10.170000076293945,10.170000076293945,271500,10.170000076293945
LION,2023-04-11 20:00:00-04:00,10.180000305175781,10.180000305175781,10.170000076293945,10.180000305175781,744100,10.180000305175781
LION,2023-04-12 20:00:00-04:00,10.180000305175781,10.1899995803833,10.180000305175781,10.1899995803833,364100,10.1899995803833
LION,2023-04-13 20:00:00-04:00,10.1899995803833,10.199999809265137,10.180000305175781,10.199999809265137,439400,10.199999809265137
LION,2023-04-16 20:00:00-04:00,10.199999809265137,10.210000038146973,10.199999809265137,10.204999923706055,59300,10.204999923706055
LION,2023-04-17 20:00:00-04:00,9.59000015258789,10.229999542236328,9.59000015258789,10.220000267028809,1600,10.220000267028809
LION,2023-04-18 20:00:00-04:00,10.1899995803833,10.199999809265137,10.182000160217285,10.199999809265137,28700,10.199999809265137
LION,2023-04-19 20:00:00-04:00,10.199999809265137,10.199999809265137,10.15999984741211,10.164999961853027,140300,10.164999961853027
LION,2023-04-20 20:00:00-04:00,10.170000076293945,10.180000305175781,10.15999984741211,10.175000190734863,1274200,10.175000190734863
LION,2023-04-23 20:00:00-04:00,10.170000076293945,10.1850004196167,10.170000076293945,10.170000076293945,77000,10.170000076293945
LION,2023-04-24 20:00:00-04:00,10.170000076293945,10.199999809265137,10.170000076293945,10.1850004196167,833100,10.1850004196167
LION,2023-04-25 20:00:00-04:00,10.1899995803833,10.220000267028809,10.180000305175781,10.1850004196167,25700,10.1850004196167
LION,2023-04-26 20:00:00-04:00,10.213000297546387,10.213000297546387,10.199999809265137,10.199999809265137,300,10.199999809265137
LION,2023-04-27 20:00:00-04:00,10.1899995803833,10.1899995803833,10.180000305175781,10.1899995803833,5900,10.1899995803833
LION,2023-04-30 20:00:00-04:00,10.192999839782715,10.199999809265137,10.1899995803833,10.199999809265137,6300,10.199999809265137
LION,2023-05-01 20:00:00-04:00,10.194999694824219,10.210000038146973,10.1899995803833,10.204999923706055,688600,10.204999923706055
LION,2023-05-02 20:00:00-04:00,10.210000038146973,10.220000267028809,10.199999809265137,10.220000267028809,1150500,10.220000267028809
LION,2023-05-03 20:00:00-04:00,10.220000267028809,10.229999542236328,10.220000267028809,10.225000381469727,19100,10.225000381469727
LION,2023-05-04 20:00:00-04:00,10.229999542236328,10.229999542236328,10.199999809265137,10.199999809265137,14300,10.199999809265137
LION,2023-05-07 20:00:00-04:00,10.20300006866455,10.210000038146973,10.199999809265137,10.199999809265137,308500,10.199999809265137
LION,2023-05-08 20:00:00-04:00,10.055000305175781,10.229999542236328,10.055000305175781,10.199999809265137,13500,10.199999809265137
LION,2023-05-09 20:00:00-04:00,10.199999809265137,10.229999542236328,10.199999809265137,10.229999542236328,1400,10.229999542236328
LION,2023-05-10 20:00:00-04:00,10.199999809265137,10.220000267028809,10.199999809265137,10.210000038146973,3100,10.210000038146973
LION,2023-05-11 20:00:00-04:00,10.208000183105469,10.220000267028809,10.199999809265137,10.220000267028809,19200,10.220000267028809
LION,2023-05-14 20:00:00-04:00,10.210000038146973,10.239999771118164,10.210000038146973,10.229999542236328,234300,10.229999542236328
LION,2023-05-15 20:00:00-04:00,10.220000267028809,10.239999771118164,10.210000038146973,10.229999542236328,1324400,10.229999542236328
LION,2023-05-16 20:00:00-04:00,10.229999542236328,10.229999542236328,10.229999542236328,10.229999542236328,0,10.229999542236328
LION,2023-05-17 20:00:00-04:00,10.229999542236328,10.234999656677246,10.229999542236328,10.234999656677246,2400,10.234999656677246
LION,2023-05-18 20:00:00-04:00,10.234999656677246,10.239999771118164,10.229999542236328,10.239999771118164,3400,10.239999771118164
LION,2023-05-21 20:00:00-04:00,10.229999542236328,10.229999542236328,10.21500015258789,10.225000381469727,69500,10.225000381469727
LION,2023-05-22 20:00:00-04:00,10.220000267028809,10.270000457763672,10.220000267028809,10.239999771118164,990600,10.239999771118164
LION,2023-05-23 20:00:00-04:00,10.220000267028809,10.239999771118164,10.220000267028809,10.239999771118164,12000,10.239999771118164
LION,2023-05-24 20:00:00-04:00,10.234999656677246,10.239999771118164,10.220000267028809,10.220000267028809,57500,10.220000267028809
LION,2023-05-25 20:00:00-04:00,10.220000267028809,10.25,10.220000267028809,10.239999771118164,2000,10.239999771118164
LION,2023-05-29 20:00:00-04:00,10.25,10.270000457763672,10.234999656677246,10.25,263200,10.25
LION,2023-05-30 20:00:00-04:00,10.25,10.260000228881836,10.25,10.25,33900,10.25
LION,2023-05-31 20:00:00-04:00,10.25,10.270000457763672,10.25,10.260000228881836,20800,10.260000228881836
LION,2023-06-01 20:00:00-04:00,10.260000228881836,10.279999732971191,10.260000228881836,10.260000228881836,90400,10.260000228881836
LION,2023-06-04 20:00:00-04:00,10.270000457763672,10.270000457763672,10.260000228881836,10.260000228881836,48200,10.260000228881836
LION,2023-06-05 20:00:00-04:00,10.260000228881836,10.260000228881836,10.260000228881836,10.260000228881836,0,10.260000228881836
LION,2023-06-06 20:00:00-04:00,10.270000457763672,10.270000457763672,10.270000457763672,10.270000457763672,50300,10.270000457763672
LION,2023-06-07 20:00:00-04:00,10.260000228881836,10.274999618530273,10.25,10.25,96400,10.25
LION,2023-06-08 20:00:00-04:00,10.260000228881836,10.270000457763672,10.251999855041504,10.260000228881836,38700,10.260000228881836
LION,2023-06-11 20:00:00-04:00,10.25,10.260000228881836,10.25,10.260000228881836,1500,10.260000228881836
LION,2023-06-12 20:00:00-04:00,10.279999732971191,10.279999732971191,10.260000228881836,10.260000228881836,11100,10.260000228881836
LION,2023-06-13 20:00:00-04:00,10.260000228881836,10.260000228881836,10.260000228881836,10.260000228881836,4000,10.260000228881836
LION,2023-06-14 20:00:00-04:00,10.260000228881836,10.289999961853027,10.260000228881836,10.28499984741211,362300,10.28499984741211
LION,2023-06-15 20:00:00-04:00,10.28499984741211,10.28499984741211,10.279999732971191,10.279999732971191,2700,10.279999732971191
LION,2023-06-19 20:00:00-04:00,10.289999961853027,10.34000015258789,10.28499984741211,10.34000015258789,297700,10.34000015258789
LION,2023-06-20 20:00:00-04:00,10.3100004196167,10.324999809265137,10.3100004196167,10.324999809265137,1500,10.324999809265137
LION,2023-06-21 20:00:00-04:00,10.305000305175781,10.319999694824219,10.300000190734863,10.300000190734863,53400,10.300000190734863
LION,2023-06-22 20:00:00-04:00,10.300000190734863,10.319999694824219,10.300000190734863,10.319999694824219,41300,10.319999694824219
LION,2023-06-25 20:00:00-04:00,10.329999923706055,10.329999923706055,10.329999923706055,10.329999923706055,100,10.329999923706055
LION,2023-06-26 20:00:00-04:00,10.3100004196167,10.3100004196167,10.3100004196167,10.3100004196167,200,10.3100004196167
LION,2023-06-27 20:00:00-04:00,10.307999610900879,10.329999923706055,10.307999610900879,10.319999694824219,193600,10.319999694824219
LION,2023-06-28 20:00:00-04:00,10.329999923706055,10.34000015258789,10.319999694824219,10.319999694824219,162300,10.319999694824219
LION,2023-06-29 20:00:00-04:00,10.329999923706055,10.329999923706055,10.319999694824219,10.319999694824219,3400,10.319999694824219
LION,2023-07-02 20:00:00-04:00,10.319999694824219,10.34000015258789,10.319999694824219,10.329999923706055,2904200,10.329999923706055
LION,2023-07-04 20:00:00-04:00,10.34000015258789,10.399999618530273,10.329999923706055,10.329999923706055,1552800,10.329999923706055
LION,2023-07-05 20:00:00-04:00,10.34000015258789,10.350000381469727,10.34000015258789,10.350000381469727,4400,10.350000381469727
LION,2023-07-06 20:00:00-04:00,10.345000267028809,10.350000381469727,10.329999923706055,10.350000381469727,27300,10.350000381469727
LION,2023-07-09 20:00:00-04:00,10.34000015258789,10.340999603271484,10.34000015258789,10.34000015258789,13100,10.34000015258789
LION,2023-07-10 20:00:00-04:00,10.350000381469727,10.350000381469727,10.34000015258789,10.34000015258789,43700,10.34000015258789
LION,2023-07-11 20:00:00-04:00,10.350000381469727,10.350000381469727,10.34000015258789,10.350000381469727,38600,10.350000381469727
LION,2023-07-12 20:00:00-04:00,10.350000381469727,10.359999656677246,10.329999923706055,10.329999923706055,7200,10.329999923706055
LION,2023-07-13 20:00:00-04:00,10.369999885559082,10.399999618530273,10.329999923706055,10.359999656677246,48900,10.359999656677246
LION,2023-07-16 20:00:00-04:00,10.359999656677246,10.359999656677246,10.329999923706055,10.329999923706055,1456800,10.329999923706055
LION,2023-07-17 20:00:00-04:00,10.390000343322754,10.390000343322754,10.34000015258789,10.34000015258789,365400,10.34000015258789
LION,2023-07-18 20:00:00-04:00,10.34000015258789,10.350000381469727,10.34000015258789,10.343000411987305,500,10.343000411987305
LION,2023-07-19 20:00:00-04:00,10.34000015258789,10.354999542236328,10.34000015258789,10.354999542236328,69800,10.354999542236328
LION,2023-07-20 20:00:00-04:00,10.34000015258789,10.369999885559082,10.34000015258789,10.359999656677246,86300,10.359999656677246
LION,2023-07-23 20:00:00-04:00,10.34000015258789,10.390000343322754,10.34000015258789,10.350000381469727,15500,10.350000381469727
LION,2023-07-24 20:00:00-04:00,10.350000381469727,10.380000114440918,10.350000381469727,10.350000381469727,1300,10.350000381469727
LION,2023-07-25 20:00:00-04:00,10.357000350952148,10.375,10.357000350952148,10.364999771118164,845700,10.364999771118164
LION,2023-07-26 20:00:00-04:00,10.359999656677246,10.369999885559082,10.359999656677246,10.359999656677246,12100,10.359999656677246
LION,2023-07-27 20:00:00-04:00,10.359999656677246,10.369999885559082,10.354999542236328,10.369999885559082,102500,10.369999885559082
LION,2023-07-30 20:00:00-04:00,10.390000343322754,10.390000343322754,10.350000381469727,10.369999885559082,10200,10.369999885559082
LION,2023-07-31 20:00:00-04:00,10.350000381469727,10.359999656677246,10.350000381469727,10.350000381469727,1013300,10.350000381469727
LION,2023-08-01 20:00:00-04:00,10.369999885559082,10.369999885559082,10.350000381469727,10.364999771118164,1798400,10.364999771118164
LION,2023-08-02 20:00:00-04:00,10.375,10.390000343322754,10.359999656677246,10.359999656677246,368700,10.359999656677246
LION,2023-08-03 20:00:00-04:00,10.390000343322754,10.390000343322754,10.359999656677246,10.369999885559082,194800,10.369999885559082
LION,2023-08-06 20:00:00-04:00,10.369999885559082,10.380000114440918,10.359999656677246,10.364999771118164,141300,10.364999771118164
LION,2023-08-07 20:00:00-04:00,10.369999885559082,10.380000114440918,10.359999656677246,10.380000114440918,15600,10.380000114440918
LION,2023-08-08 20:00:00-04:00,10.380000114440918,10.390000343322754,10.375,10.390000343322754,98300,10.390000343322754
LION,2023-08-09 20:00:00-04:00,10.385000228881836,10.385000228881836,10.380000114440918,10.380000114440918,1200,10.380000114440918
LION,2023-08-10 20:00:00-04:00,10.390000343322754,10.390000343322754,10.380000114440918,10.380000114440918,16500,10.380000114440918
LION,2023-08-13 20:00:00-04:00,10.390000343322754,10.390000343322754,10.380000114440918,10.380000114440918,3100,10.380000114440918
LION,2023-08-14 20:00:00-04:00,10.399999618530273,10.399999618530273,10.34000015258789,10.34000015258789,45400,10.34000015258789
LION,2023-08-15 20:00:00-04:00,10.380000114440918,10.380000114440918,10.369999885559082,10.369999885559082,300,10.369999885559082
LION,2023-08-16 20:00:00-04:00,10.390000343322754,10.390000343322754,10.359999656677246,10.359999656677246,86900,10.359999656677246
LION,2023-08-17 20:00:00-04:00,10.380000114440918,10.385000228881836,10.380000114440918,10.380000114440918,6000,10.380000114440918
LION,2023-08-20 20:00:00-04:00,10.380000114440918,10.390000343322754,10.34000015258789,10.390000343322754,56300,10.390000343322754
LION,2023-08-21 20:00:00-04:00,10.369999885559082,10.395000457763672,10.369999885559082,10.395000457763672,223000,10.395000457763672
LION,2023-08-22 20:00:00-04:00,10.390000343322754,10.414999961853027,10.390000343322754,10.414999961853027,576300,10.414999961853027
LION,2023-08-23 20:00:00-04:00,10.399999618530273,10.430000305175781,10.399999618530273,10.399999618530273,40500,10.399999618530273
LION,2023-08-24 20:00:00-04:00,10.40999984741211,10.40999984741211,10.40999984741211,10.40999984741211,500,10.40999984741211
LION,2023-08-27 20:00:00-04:00,10.449999809265137,10.449999809265137,10.449999809265137,10.449999809265137,600,10.449999809265137
LION,2023-08-28 20:00:00-04:00,10.449999809265137,10.449999809265137,10.449999809265137,10.449999809265137,100,10.449999809265137
LION,2023-08-29 20:00:00-04:00,10.430000305175781,10.449999809265137,10.40999984741211,10.420000076293945,166700,10.420000076293945
LION,2023-08-30 20:00:00-04:00,10.4350004196167,10.4350004196167,10.40999984741211,10.40999984741211,18600,10.40999984741211
LION,2023-08-31 20:00:00-04:00,10.420000076293945,10.420000076293945,10.420000076293945,10.420000076293945,7100,10.420000076293945
LION,2023-09-04 20:00:00-04:00,10.425000190734863,10.430000305175781,10.40999984741211,10.420000076293945,2200,10.420000076293945
LION,2023-09-05 20:00:00-04:00,10.430000305175781,10.430000305175781,10.40999984741211,10.420000076293945,28300,10.420000076293945
LION,2023-09-06 20:00:00-04:00,10.425000190734863,10.425000190734863,10.420000076293945,10.420000076293945,4000,10.420000076293945
LION,2023-09-07 20:00:00-04:00,10.420000076293945,10.420000076293945,10.420000076293945,10.420000076293945,7300,10.420000076293945
LION,2023-09-10 20:00:00-04:00,10.472999572753906,10.472999572753906,10.420000076293945,10.420000076293945,4700,10.420000076293945
LION,2023-09-11 20:00:00-04:00,10.479999542236328,10.479999542236328,10.430000305175781,10.449999809265137,85500,10.449999809265137
LION,2023-09-12 20:00:00-04:00,10.449999809265137,10.449999809265137,10.4399995803833,10.4399995803833,300,10.4399995803833
LION,2023-09-13 20:00:00-04:00,10.449999809265137,10.449999809265137,10.430000305175781,10.444999694824219,90200,10.444999694824219
LION,2023-09-14 20:00:00-04:00,10.449999809265137,10.460000038146973,10.4399995803833,10.4399995803833,132000,10.4399995803833
LION,2023-09-17 20:00:00-04:00,10.449999809265137,10.449999809265137,10.4399995803833,10.4399995803833,13800,10.4399995803833
LION,2023-09-18 20:00:00-04:00,10.460000038146973,10.460000038146973,10.460000038146973,10.460000038146973,500,10.460000038146973
LION,2023-09-19 20:00:00-04:00,10.449999809265137,10.479999542236328,10.449999809265137,10.454999923706055,1002300,10.454999923706055
LION,2023-09-20 20:00:00-04:00,10.460000038146973,10.460000038146973,10.449999809265137,10.449999809265137,1500,10.449999809265137
LION,2023-09-21 20:00:00-04:00,10.449999809265137,10.479999542236328,10.449999809265137,10.449999809265137,28600,10.449999809265137
LION,2023-09-24 20:00:00-04:00,10.449999809265137,10.449999809265137,10.449999809265137,10.449999809265137,204200,10.449999809265137
LION,2023-09-25 20:00:00-04:00,10.449999809265137,10.454999923706055,10.449999809265137,10.454999923706055,1300,10.454999923706055
LION,2023-09-26 20:00:00-04:00,10.460000038146973,10.460000038146973,10.449999809265137,10.449999809265137,6300,10.449999809265137
LION,2023-09-27 20:00:00-04:00,10.449999809265137,10.460000038146973,10.449999809265137,10.460000038146973,31000,10.460000038146973
LION,2023-09-28 20:00:00-04:00,10.460000038146973,10.460000038146973,10.449999809265137,10.460000038146973,17500,10.460000038146973
LION,2023-10-01 20:00:00-04:00,10.449999809265137,10.460000038146973,10.449999809265137,10.460000038146973,209900,10.460000038146973
LION,2023-10-02 20:00:00-04:00,10.451000213623047,10.460000038146973,10.449999809265137,10.460000038146973,9100,10.460000038146973
LION,2023-10-03 20:00:00-04:00,10.449999809265137,10.449999809265137,10.449999809265137,10.449999809265137,500100,10.449999809265137
LION,2023-10-04 20:00:00-04:00,10.454999923706055,10.454999923706055,10.449999809265137,10.454999923706055,4900,10.454999923706055
LION,2023-10-05 20:00:00-04:00,10.454999923706055,10.454999923706055,10.454999923706055,10.454999923706055,0,10.454999923706055
LION,2023-10-08 20:00:00-04:00,10.460000038146973,10.470000267028809,10.454999923706055,10.470000267028809,18000,10.470000267028809
LION,2023-10-09 20:00:00-04:00,10.470000267028809,10.479999542236328,10.470000267028809,10.475000381469727,1521900,10.475000381469727
LION,2023-10-10 20:00:00-04:00,10.470000267028809,10.479999542236328,10.470000267028809,10.479999542236328,522200,10.479999542236328
LION,2023-10-11 20:00:00-04:00,10.475000381469727,10.479999542236328,10.46500015258789,10.479999542236328,252700,10.479999542236328
LION,2023-10-12 20:00:00-04:00,10.470000267028809,10.479999542236328,10.470000267028809,10.470000267028809,1500,10.470000267028809
LION,2023-10-15 20:00:00-04:00,10.5,10.5,10.449999809265137,10.470000267028809,5100,10.470000267028809
LION,2023-10-16 20:00:00-04:00,10.470000267028809,10.479999542236328,10.470000267028809,10.470000267028809,262900,10.470000267028809
LION,2023-10-17 20:00:00-04:00,10.489999771118164,10.489999771118164,10.470000267028809,10.470000267028809,1600,10.470000267028809
LION,2023-10-18 20:00:00-04:00,10.472999572753906,10.479999542236328,10.460000038146973,10.460000038146973,167600,10.460000038146973
LION,2023-10-19 20:00:00-04:00,10.470000267028809,10.479999542236328,10.460000038146973,10.470000267028809,623800,10.470000267028809
LION,2023-10-22 20:00:00-04:00,10.470000267028809,10.479999542236328,10.470000267028809,10.479999542236328,10100,10.479999542236328
LION,2023-10-23 20:00:00-04:00,10.470000267028809,10.479999542236328,10.470000267028809,10.470000267028809,73000,10.470000267028809
LION,2023-10-24 20:00:00-04:00,10.479999542236328,10.520000457763672,10.470000267028809,10.489999771118164,275500,10.489999771118164
LION,2023-10-25 20:00:00-04:00,10.470000267028809,10.489999771118164,10.470000267028809,10.479999542236328,548300,10.479999542236328
LION,2023-10-26 20:00:00-04:00,10.479999542236328,10.479999542236328,10.479999542236328,10.479999542236328,1500,10.479999542236328
LION,2023-10-29 20:00:00-04:00,10.479999542236328,10.489999771118164,10.479999542236328,10.489999771118164,1155400,10.489999771118164
LION,2023-10-30 20:00:00-04:00,10.479999542236328,10.5,10.479999542236328,10.5,10800,10.5
LION,2023-10-31 20:00:00-04:00,10.489999771118164,10.54800033569336,10.489999771118164,10.5,114900,10.5
LION,2023-11-01 20:00:00-04:00,10.489999771118164,10.5,10.489999771118164,10.5,23000,10.5
LION,2023-11-02 20:00:00-04:00,10.5,10.510000228881836,10.489999771118164,10.5,602700,10.5
LION,2023-11-05 19:00:00-05:00,10.5,10.649999618530273,10.5,10.550000190734863,98100,10.550000190734863
LION,2023-11-06 19:00:00-05:00,10.529999732971191,10.529999732971191,10.5,10.5,36900,10.5
LION,2023-11-07 19:00:00-05:00,10.510000228881836,10.520000457763672,10.5,10.505000114440918,9100,10.505000114440918
LION,2023-11-08 19:00:00-05:00,10.470000267028809,10.5600004196167,10.470000267028809,10.5,17000,10.5
LION,2023-11-09 19:00:00-05:00,10.569999694824219,10.569999694824219,10.569999694824219,10.569999694824219,900,10.569999694824219
LION,2023-11-12 19:00:00-05:00,10.519000053405762,10.550000190734863,10.510000228881836,10.520000457763672,28900,10.520000457763672
LION,2023-11-13 19:00:00-05:00,10.520000457763672,10.550000190734863,10.510000228881836,10.53499984741211,9400,10.53499984741211
LION,2023-11-14 19:00:00-05:00,10.524999618530273,10.539999961853027,10.520000457763672,10.539999961853027,37300,10.539999961853027
LION,2023-11-15 19:00:00-05:00,10.529999732971191,10.550000190734863,10.529999732971191,10.539999961853027,12900,10.539999961853027
LION,2023-11-16 19:00:00-05:00,10.550000190734863,10.6899995803833,10.529999732971191,10.539999961853027,15500,10.539999961853027
LION,2023-11-19 19:00:00-05:00,10.555000305175781,10.579999923706055,10.529999732971191,10.550000190734863,8700,10.550000190734863
LION,2023-11-20 19:00:00-05:00,10.529999732971191,10.550000190734863,10.529999732971191,10.539999961853027,1326900,10.539999961853027
LION,2023-11-21 19:00:00-05:00,10.529999732971191,10.680000305175781,10.529999732971191,10.59000015258789,2000,10.59000015258789
LION,2023-11-23 19:00:00-05:00,10.529999732971191,10.550000190734863,10.529999732971191,10.550000190734863,900,10.550000190734863
LION,2023-11-26 19:00:00-05:00,11.069999694824219,11.069999694824219,10.529999732971191,10.539999961853027,8000,10.539999961853027
LION,2023-11-27 19:00:00-05:00,10.539999961853027,10.5600004196167,10.529999732971191,10.539999961853027,46000,10.539999961853027
LION,2023-11-28 19:00:00-05:00,10.550000190734863,10.5600004196167,10.529999732971191,10.529999732971191,1000,10.529999732971191
LION,2023-11-29 19:00:00-05:00,10.53600025177002,10.5600004196167,10.53600025177002,10.5600004196167,160900,10.5600004196167
LION,2023-11-30 19:00:00-05:00,10.553000450134277,10.5649995803833,10.539999961853027,10.550000190734863,93100,10.550000190734863
LION,2023-12-03 19:00:00-05:00,10.5600004196167,10.569999694824219,10.539999961853027,10.539999961853027,291300,10.539999961853027
LION,2023-12-04 19:00:00-05:00,10.553000450134277,10.5600004196167,10.550000190734863,10.550000190734863,44700,10.550000190734863
LION,2023-12-05 19:00:00-05:00,10.550000190734863,10.569999694824219,10.545000076293945,10.559000015258789,234200,10.559000015258789
LION,2023-12-06 19:00:00-05:00,10.550000190734863,10.640000343322754,10.550000190734863,10.555000305175781,256300,10.555000305175781
LION,2023-12-07 19:00:00-05:00,10.550000190734863,10.619999885559082,10.550000190734863,10.569999694824219,24400,10.569999694824219
LION,2023-12-10 19:00:00-05:00,10.5600004196167,10.59000015258789,10.5600004196167,10.59000015258789,1800,10.59000015258789
LION,2023-12-11 19:00:00-05:00,10.579999923706055,10.59000015258789,10.569999694824219,10.574999809265137,25200,10.574999809265137
LION,2023-12-12 19:00:00-05:00,10.569999694824219,10.59000015258789,10.5600004196167,10.569999694824219,403100,10.569999694824219
LION,2023-12-13 19:00:00-05:00,10.569999694824219,10.569999694824219,10.5600004196167,10.569999694824219,790600,10.569999694824219
LION,2023-12-14 19:00:00-05:00,10.5600004196167,10.595000267028809,10.5600004196167,10.579999923706055,189100,10.579999923706055
LION,2023-12-17 19:00:00-05:00,10.5600004196167,10.59000015258789,10.5600004196167,10.579999923706055,72000,10.579999923706055
LION,2023-12-18 19:00:00-05:00,10.550000190734863,10.600000381469727,10.550000190734863,10.600000381469727,21900,10.600000381469727
LION,2023-12-19 19:00:00-05:00,10.579999923706055,10.65999984741211,10.579999923706055,10.619999885559082,86800,10.619999885559082
LION,2023-12-20 19:00:00-05:00,10.585000038146973,10.59000015258789,10.550000190734863,10.5600004196167,552000,10.5600004196167
LION,2023-12-21 19:00:00-05:00,10.619999885559082,10.649999618530273,10.59000015258789,10.619999885559082,4599500,10.619999885559082
LION,2023-12-25 19:00:00-05:00,10.640000343322754,10.649999618530273,10.600000381469727,10.619999885559082,704000,10.619999885559082
LION,2023-12-26 19:00:00-05:00,10.600000381469727,10.614999771118164,10.600000381469727,10.609999656677246,274400,10.609999656677246
LION,2023-12-27 19:00:00-05:00,10.600000381469727,10.609999656677246,10.59000015258789,10.600000381469727,85300,10.600000381469727
LION,2023-12-28 19:00:00-05:00,10.59000015258789,10.609999656677246,10.59000015258789,10.600000381469727,283400,10.600000381469727
LION,2024-01-01 19:00:00-05:00,10.600000381469727,10.619999885559082,10.59000015258789,10.609999656677246,485600,10.609999656677246
LION,2024-01-02 19:00:00-05:00,10.600000381469727,10.609999656677246,10.59000015258789,10.609999656677246,35900,10.609999656677246
LION,2024-01-03 19:00:00-05:00,10.604999542236328,10.604999542236328,10.59000015258789,10.600000381469727,156200,10.600000381469727
LION,2024-01-04 19:00:00-05:00,10.600000381469727,10.616000175476074,10.595000267028809,10.609999656677246,580100,10.609999656677246
LION,2024-01-07 19:00:00-05:00,10.600000381469727,10.609999656677246,10.59000015258789,10.600000381469727,146300,10.600000381469727
LION,2024-01-08 19:00:00-05:00,10.59000015258789,10.609999656677246,10.59000015258789,10.59000015258789,901800,10.59000015258789
LION,2024-01-09 19:00:00-05:00,10.600000381469727,10.609999656677246,10.585000038146973,10.59000015258789,2888700,10.59000015258789
LION,2024-01-10 19:00:00-05:00,10.59000015258789,10.609999656677246,10.59000015258789,10.600000381469727,759800,10.600000381469727
LION,2024-01-11 19:00:00-05:00,10.59000015258789,10.600000381469727,10.59000015258789,10.600000381469727,126000,10.600000381469727
LION,2024-01-15 19:00:00-05:00,10.595000267028809,10.604999542236328,10.59000015258789,10.595000267028809,2543300,10.595000267028809
LION,2024-01-16 19:00:00-05:00,10.600000381469727,10.609999656677246,10.59000015258789,10.600000381469727,4330700,10.600000381469727
LION,2024-01-17 19:00:00-05:00,10.600000381469727,10.600000381469727,10.59000015258789,10.600000381469727,627800,10.600000381469727
LION,2024-01-18 19:00:00-05:00,10.600000381469727,10.609999656677246,10.59000015258789,10.600000381469727,411400,10.600000381469727
LION,2024-01-21 19:00:00-05:00,10.59000015258789,10.600000381469727,10.59000015258789,10.600000381469727,31900,10.600000381469727
LION,2024-01-22 19:00:00-05:00,10.595000267028809,10.600000381469727,10.593000411987305,10.600000381469727,40700,10.600000381469727
LION,2024-01-23 19:00:00-05:00,10.59000015258789,10.609999656677246,10.59000015258789,10.59000015258789,2725400,10.59000015258789
LION,2024-01-24 19:00:00-05:00,10.59000015258789,10.649999618530273,10.59000015258789,10.609999656677246,1622800,10.609999656677246
LION,2024-01-25 19:00:00-05:00,10.600000381469727,10.619999885559082,10.600000381469727,10.619999885559082,904000,10.619999885559082
LION,2024-01-28 19:00:00-05:00,10.609999656677246,10.619999885559082,10.609999656677246,10.609999656677246,438600,10.609999656677246
LION,2024-01-29 19:00:00-05:00,10.609999656677246,10.625,10.609999656677246,10.609999656677246,1139400,10.609999656677246
LION,2024-01-30 19:00:00-05:00,10.609999656677246,10.619999885559082,10.609999656677246,10.619999885559082,523100,10.619999885559082
LION,2024-01-31 19:00:00-05:00,10.619999885559082,10.635000228881836,10.609999656677246,10.619999885559082,1657700,10.619999885559082
LION,2024-02-01 19:00:00-05:00,10.625,10.630000114440918,10.619999885559082,10.619999885559082,119300,10.619999885559082
LION,2024-02-04 19:00:00-05:00,10.630000114440918,10.630000114440918,10.619999885559082,10.630000114440918,49400,10.630000114440918
LION,2024-02-05 19:00:00-05:00,10.619999885559082,10.635000228881836,10.619999885559082,10.630000114440918,45500,10.630000114440918
LION,2024-02-06 19:00:00-05:00,10.630000114440918,10.640000343322754,10.625,10.640000343322754,139000,10.640000343322754
LION,2024-02-07 19:00:00-05:00,10.625,10.640000343322754,10.625,10.640000343322754,94100,10.640000343322754
LION,2024-02-08 19:00:00-05:00,10.649999618530273,10.649999618530273,10.630000114440918,10.640000343322754,2046100,10.640000343322754
LION,2024-02-11 19:00:00-05:00,10.680000305175781,10.680000305175781,10.640000343322754,10.649999618530273,1936800,10.649999618530273
LION,2024-02-12 19:00:00-05:00,10.65999984741211,10.65999984741211,10.635000228881836,10.640000343322754,825800,10.640000343322754
LION,2024-02-13 19:00:00-05:00,10.65999984741211,10.65999984741211,10.640000343322754,10.640000343322754,812900,10.640000343322754
LION,2024-02-14 19:00:00-05:00,10.65999984741211,10.65999984741211,10.640000343322754,10.640000343322754,147300,10.640000343322754
LION,2024-02-15 19:00:00-05:00,10.649999618530273,10.649999618530273,10.640000343322754,10.649999618530273,46600,10.649999618530273
LION,2024-02-19 19:00:00-05:00,10.649999618530273,10.649999618530273,10.640000343322754,10.640000343322754,18400,10.640000343322754
LION,2024-02-20 19:00:00-05:00,10.645000457763672,10.649999618530273,10.640000343322754,10.649999618530273,129600,10.649999618530273
LION,2024-02-21 19:00:00-05:00,10.649999618530273,10.649999618530273,10.640000343322754,10.640000343322754,55700,10.640000343322754
LION,2024-02-22 19:00:00-05:00,10.640000343322754,10.649999618530273,10.640000343322754,10.649999618530273,44300,10.649999618530273
LION,2024-02-25 19:00:00-05:00,10.640000343322754,10.649999618530273,10.640000343322754,10.640000343322754,29800,10.640000343322754
LION,2024-02-26 19:00:00-05:00,10.640000343322754,10.649999618530273,10.640000343322754,10.649999618530273,102500,10.649999618530273
LION,2024-02-27 19:00:00-05:00,10.649999618530273,10.649999618530273,10.640000343322754,10.640000343322754,19700,10.640000343322754
LION,2024-02-28 19:00:00-05:00,10.649999618530273,10.65999984741211,10.649999618530273,10.65999984741211,85400,10.65999984741211
LION,2024-02-29 19:00:00-05:00,10.649999618530273,10.670000076293945,10.649999618530273,10.670000076293945,580200,10.670000076293945
LION,2024-03-03 19:00:00-05:00,10.65999984741211,10.670000076293945,10.649999618530273,10.65999984741211,53600,10.65999984741211
LION,2024-03-04 19:00:00-05:00,10.65999984741211,10.65999984741211,10.649999618530273,10.65999984741211,93500,10.65999984741211
LION,2024-03-05 19:00:00-05:00,10.65999984741211,10.670000076293945,10.649999618530273,10.654999732971191,11700,10.654999732971191
LION,2024-03-06 19:00:00-05:00,10.65999984741211,10.670000076293945,10.654999732971191,10.670000076293945,400900,10.670000076293945
LION,2024-03-07 19:00:00-05:00,10.675000190734863,10.675000190734863,10.65999984741211,10.670000076293945,82200,10.670000076293945
LION,2024-03-10 20:00:00-04:00,10.65999984741211,10.680000305175781,10.65999984741211,10.670000076293945,42000,10.670000076293945
LION,2024-03-11 20:00:00-04:00,10.675000190734863,10.680000305175781,10.670000076293945,10.670000076293945,26200,10.670000076293945
LION,2024-03-12 20:00:00-04:00,10.680000305175781,10.680000305175781,10.670000076293945,10.670000076293945,18000,10.670000076293945
LION,2024-03-13 20:00:00-04:00,10.680000305175781,10.680000305175781,10.670000076293945,10.670000076293945,458400,10.670000076293945
LION,2024-03-14 20:00:00-04:00,10.680000305175781,10.680000305175781,10.670000076293945,10.670000076293945,770200,10.670000076293945
LION,2024-03-17 20:00:00-04:00,10.670000076293945,10.699999809265137,10.670000076293945,10.6899995803833,1471400,10.6899995803833
LION,2024-03-18 20:00:00-04:00,10.6899995803833,10.699999809265137,10.680000305175781,10.6899995803833,686300,10.6899995803833
LION,2024-03-19 20:00:00-04:00,10.6899995803833,10.699999809265137,10.680000305175781,10.680000305175781,2518100,10.680000305175781
LION,2024-03-20 20:00:00-04:00,10.6899995803833,10.694999694824219,10.680000305175781,10.680000305175781,483100,10.680000305175781
LION,2024-03-21 20:00:00-04:00,10.680000305175781,10.6899995803833,10.670000076293945,10.680000305175781,1738300,10.680000305175781
LION,2024-03-24 20:00:00-04:00,10.680000305175781,10.694999694824219,10.680000305175781,10.680000305175781,1186700,10.680000305175781
LION,2024-03-25 20:00:00-04:00,10.699999809265137,10.699999809265137,10.680000305175781,10.680000305175781,1415500,10.680000305175781
LION,2024-03-26 20:00:00-04:00,10.680000305175781,10.6899995803833,10.680000305175781,10.680000305175781,2424400,10.680000305175781
LION,2024-03-27 20:00:00-04:00,10.680000305175781,10.710000038146973,10.680000305175781,10.699999809265137,1098000,10.699999809265137
LION,2024-03-31 20:00:00-04:00,10.6899995803833,10.699999809265137,10.6899995803833,10.6899995803833,610000,10.6899995803833
LION,2024-04-01 20:00:00-04:00,10.6899995803833,10.699999809265137,10.6899995803833,10.6899995803833,231600,10.6899995803833
LION,2024-04-02 20:00:00-04:00,10.6899995803833,10.699999809265137,10.680000305175781,10.699999809265137,1353000,10.699999809265137
LION,2024-04-03 20:00:00-04:00,10.65999984741211,10.890000343322754,10.630000114440918,10.670000076293945,686100,10.670000076293945
LION,2024-04-04 20:00:00-04:00,10.699999809265137,10.699999809265137,10.680000305175781,10.6899995803833,15800,10.6899995803833
LION,2024-04-07 20:00:00-04:00,10.680000305175781,10.819999694824219,10.670000076293945,10.6899995803833,252100,10.6899995803833
LION,2024-04-08 20:00:00-04:00,10.739999771118164,10.74899959564209,10.6899995803833,10.694999694824219,57400,10.694999694824219
LION,2024-04-09 20:00:00-04:00,10.699999809265137,10.720000267028809,10.699999809265137,10.710000038146973,91700,10.710000038146973
LION,2024-04-10 20:00:00-04:00,10.720000267028809,10.755000114440918,10.6899995803833,10.739999771118164,2404600,10.739999771118164
LION,2024-04-11 20:00:00-04:00,10.760000228881836,10.770000457763672,10.739999771118164,10.75,1953600,10.75
LION,2024-04-14 20:00:00-04:00,10.760000228881836,10.760000228881836,10.75,10.75,96100,10.75
LION,2024-04-15 20:00:00-04:00,10.755000114440918,10.774999618530273,10.75,10.760000228881836,340900,10.760000228881836
LION,2024-04-16 20:00:00-04:00,10.75,10.800000190734863,10.75,10.779999732971191,722700,10.779999732971191
LION,2024-04-17 20:00:00-04:00,10.779999732971191,10.800000190734863,10.760000228881836,10.770000457763672,6263600,10.770000457763672
LION,2024-04-18 20:00:00-04:00,10.774999618530273,10.8100004196167,10.770000457763672,10.800000190734863,3261000,10.800000190734863
LION,2024-04-21 20:00:00-04:00,10.800000190734863,10.800000190734863,10.770000457763672,10.770000457763672,15900,10.770000457763672
LION,2024-04-22 20:00:00-04:00,10.789999961853027,10.789999961853027,10.770000457763672,10.770000457763672,51100,10.770000457763672
LION,2024-04-23 20:00:00-04:00,10.789999961853027,10.789999961853027,10.770000457763672,10.770000457763672,68900,10.770000457763672
LION,2024-04-24 20:00:00-04:00,10.770000457763672,10.84000015258789,10.770000457763672,10.770000457763672,50500,10.770000457763672
LION,2024-04-25 20:00:00-04:00,10.770000457763672,10.829999923706055,10.770000457763672,10.800000190734863,263500,10.800000190734863
LION,2024-04-28 20:00:00-04:00,10.770000457763672,10.789999961853027,10.770000457763672,10.774999618530273,60300,10.774999618530273
LION,2024-04-29 20:00:00-04:00,10.774999618530273,10.774999618530273,10.739999771118164,10.739999771118164,3771700,10.739999771118164
LION,2024-04-30 20:00:00-04:00,10.744999885559082,10.75,10.585000038146973,10.649999618530273,422000,10.649999618530273
LION,2024-05-01 20:00:00-04:00,10.350000381469727,10.350000381469727,9.149999618530273,9.899999618530273,140500,9.899999618530273
LION,2024-05-02 20:00:00-04:00,10.130000114440918,11.619999885559082,10.0,11.1899995803833,164200,11.1899995803833
LION,2024-05-05 20:00:00-04:00,11.130000114440918,11.25,10.180000305175781,10.720000267028809,61400,10.720000267028809
LION,2024-05-06 20:00:00-04:00,10.850000381469727,12.0,10.829999923706055,11.4399995803833,69400,11.4399995803833
LION,2024-05-07 20:00:00-04:00,11.010000228881836,12.84000015258789,11.0,12.520000457763672,187800,12.520000457763672
LION,2024-05-08 20:00:00-04:00,12.359999656677246,12.675000190734863,10.75,11.609999656677246,52400,11.609999656677246
LION,2024-05-09 20:00:00-04:00,11.239999771118164,12.239999771118164,11.140000343322754,11.140000343322754,88600,11.140000343322754
LION,2024-05-12 20:00:00-04:00,10.899999618530273,11.75,9.460000038146973,10.180000305175781,97800,10.180000305175781
LION,2024-05-13 20:00:00-04:00,10.699999809265137,10.699999809265137,8.989999771118164,10.100000381469727,472800,10.100000381469727
LION,2024-05-14 20:00:00-04:00,10.449999809265137,10.5,9.890000343322754,10.09000015258789,197700,10.09000015258789
LION,2024-05-15 20:00:00-04:00,10.170000076293945,10.170000076293945,9.520000457763672,9.899999618530273,91200,9.899999618530273
LION,2024-05-16 20:00:00-04:00,9.989999771118164,9.989999771118164,9.65999984741211,9.760000228881836,88900,9.760000228881836
LION,2024-05-19 20:00:00-04:00,9.793000221252441,9.800000190734863,9.510000228881836,9.5600004196167,65000,9.5600004196167
LION,2024-05-20 20:00:00-04:00,9.6850004196167,9.75,9.529999732971191,9.649999618530273,84100,9.649999618530273
LION,2024-05-21 20:00:00-04:00,9.76099967956543,9.850000381469727,9.600000381469727,9.6899995803833,77200,9.6899995803833
LION,2024-05-22 20:00:00-04:00,9.789999961853027,9.789999961853027,9.510000228881836,9.550000190734863,16600,9.550000190734863
LION,2024-05-23 20:00:00-04:00,9.529000282287598,9.729999542236328,8.388999938964844,8.699999809265137,436800,8.699999809265137
LION,2024-05-27 20:00:00-04:00,9.390000343322754,9.390000343322754,7.960000038146973,8.100000381469727,311000,8.100000381469727
LION,2024-05-28 20:00:00-04:00,8.09000015258789,8.399999618530273,7.949999809265137,7.949999809265137,71700,7.949999809265137
LION,2024-05-29 20:00:00-04:00,7.960000038146973,8.342000007629395,7.84499979019165,8.09000015258789,81900,8.09000015258789
LION,2024-05-30 20:00:00-04:00,9.300000190734863,9.300000190734863,8.050000190734863,8.329999923706055,224900,8.329999923706055
LION,2024-06-02 20:00:00-04:00,8.489999771118164,8.5,8.010000228881836,8.25,100800,8.25
LION,2024-06-03 20:00:00-04:00,8.1899995803833,8.399999618530273,7.869999885559082,7.96999979019165,103200,7.96999979019165
LION,2024-06-04 20:00:00-04:00,7.869999885559082,8.039999961853027,6.829999923706055,7.679999828338623,98300,7.679999828338623
LION,2024-06-05 20:00:00-04:00,7.679999828338623,7.75,7.400000095367432,7.71999979019165,106700,7.71999979019165
LION,2024-06-06 20:00:00-04:00,7.699999809265137,7.940000057220459,7.215000152587891,7.650000095367432,415700,7.650000095367432
LION,2024-06-09 20:00:00-04:00,7.699999809265137,7.920000076293945,7.650000095367432,7.880000114440918,31400,7.880000114440918
LION,2024-06-10 20:00:00-04:00,7.639999866485596,8.0,7.639999866485596,7.860000133514404,27100,7.860000133514404
LION,2024-06-11 20:00:00-04:00,7.769999980926514,8.100000381469727,7.769999980926514,7.929999828338623,71400,7.929999828338623
LION,2024-06-12 20:00:00-04:00,7.96999979019165,8.09000015258789,7.86299991607666,8.0,27700,8.0
LION,2024-06-13 20:00:00-04:00,8.020000457763672,8.0600004196167,7.760000228881836,7.880000114440918,29900,7.880000114440918
LION,2024-06-16 20:00:00-04:00,8.0,8.010000228881836,7.71999979019165,7.889999866485596,42800,7.889999866485596
LION,2024-06-17 20:00:00-04:00,7.659999847412109,8.039999961853027,7.659999847412109,7.880000114440918,35600,7.880000114440918
LION,2024-06-19 20:00:00-04:00,7.760000228881836,8.119999885559082,7.690000057220459,8.039999961853027,34500,8.039999961853027
LION,2024-06-20 20:00:00-04:00,8.210000038146973,8.210000038146973,7.784999847412109,7.880000114440918,67200,7.880000114440918
LION,2024-06-23 20:00:00-04:00,7.75,8.5,7.75,8.0600004196167,69400,8.0600004196167
LION,2024-06-24 20:00:00-04:00,8.09000015258789,8.09000015258789,7.800000190734863,7.909999847412109,71300,7.909999847412109
LION,2024-06-25 20:00:00-04:00,7.960000038146973,8.390000343322754,7.670000076293945,8.34000015258789,58200,8.34000015258789
LION,2024-06-26 20:00:00-04:00,8.109999656677246,8.53499984741211,7.809999942779541,8.029999732971191,73100,8.029999732971191
LION,2024-06-27 20:00:00-04:00,8.0600004196167,8.574999809265137,7.940000057220459,8.0600004196167,97400,8.0600004196167
LION,2024-06-30 20:00:00-04:00,8.079999923706055,8.420000076293945,8.039999961853027,8.369999885559082,29400,8.369999885559082
LION,2024-07-01 20:00:00-04:00,8.40999984741211,8.59000015258789,8.166999816894531,8.3100004196167,26100,8.3100004196167
LION,2024-07-02 20:00:00-04:00,8.390000343322754,8.729999542236328,8.130000114440918,8.479999542236328,12100,8.479999542236328
LION,2024-07-04 20:00:00-04:00,8.479999542236328,8.579999923706055,8.039999961853027,8.40999984741211,26000,8.40999984741211
LION,2024-07-07 20:00:00-04:00,8.460000038146973,8.5,8.15999984741211,8.229999542236328,28700,8.229999542236328
LION,2024-07-08 20:00:00-04:00,8.270000457763672,8.383999824523926,8.081000328063965,8.170000076293945,104000,8.170000076293945
LION,2024-07-09 20:00:00-04:00,8.239999771118164,8.399999618530273,8.010000228881836,8.270000457763672,30000,8.270000457763672
LION,2024-07-10 20:00:00-04:00,8.319999694824219,8.496999740600586,8.149999618530273,8.25,183700,8.25
LION,2024-07-11 20:00:00-04:00,8.260000228881836,8.350000381469727,8.0600004196167,8.270000457763672,75300,8.270000457763672
LION,2024-07-14 20:00:00-04:00,8.34000015258789,8.350000381469727,8.1899995803833,8.270000457763672,48900,8.270000457763672
LION,2024-07-15 20:00:00-04:00,8.359999656677246,8.359999656677246,8.154999732971191,8.25,28300,8.25
LION,2024-07-16 20:00:00-04:00,8.270000457763672,8.37399959564209,8.199999809265137,8.25,44300,8.25
LION,2024-07-17 20:00:00-04:00,8.121000289916992,8.25,8.0,8.020000457763672,67300,8.020000457763672
LION,2024-07-18 20:00:00-04:00,8.15999984741211,8.239999771118164,7.579999923706055,7.659999847412109,107300,7.659999847412109
LION,2024-07-21 20:00:00-04:00,7.739999771118164,8.210000038146973,7.690000057220459,7.789999961853027,72900,7.789999961853027
LION,2024-07-23 12:57:43-04:00,7.75,7.940000057220459,7.699999809265137,7.704999923706055,39528,7.704999923706055
